[gekuerzt] 733 aeltere Zeilen entfernt, die letzten 6000 bleiben stehen.
[2026-09-30 11:40:06]     -> 2 Ausschuettung(en) in 12 Monaten (halbjaehrlich), Summe 0.142216 EUR
[2026-09-30 11:40:06]   Leeway: keine Ausschuettungsquote fuer UDHY.XETRA (vorhandene Abschnitte: ETF_Data, General, Technicals)
[2026-09-30 11:40:06]   Hole Kurs fuer EN.PA ...
[2026-09-30 11:40:07]     -> 1 Ausschuettung(en) in 12 Monaten (jaehrlich), Summe 2.1 EUR
[2026-09-30 11:40:07]   Leeway.tech-Fehler (HTTP 404) bei fundamentals/EN.XPAR: b'{"msg":"Fundamentals for code and exchange not found"}'
[2026-09-30 11:40:07]   Leeway lieferte keine verwertbare Antwort fuer EN.XPAR
[2026-09-30 11:40:07]     -> Hinweis: geschaetzte Quote 45% weicht +20 Prozentpunkte vom echten Wert 64.7% ab - Automatik hat Vorrang.
[2026-09-30 11:40:08]   Hole Kurs fuer JGPI.DE ...
[2026-09-30 11:40:08]     -> 13 Ausschuettung(en) in 12 Monaten (monatlich), Summe 1.983044 EUR
[2026-09-30 11:40:08]   Leeway: keine Ausschuettungsquote fuer JGPI.XETRA (vorhandene Abschnitte: ETF_Data, General, Technicals)
[2026-09-30 11:40:08]   Hole Kurs fuer NESN.SW ...
[2026-09-30 11:40:09]     -> 1 Ausschuettung(en) in 12 Monaten (jaehrlich), Summe 3.1 CHF
[2026-09-30 11:40:09]   Leeway.tech-Fehler (HTTP 429) bei fundamentals/NESN.XSWX: b'Your limit of 50 requests per day has been reached.'
[2026-09-30 11:40:09]   Leeway lieferte keine verwertbare Antwort fuer NESN.XSWX
[2026-09-30 11:40:09]   Hole Kurs fuer 5401.T ...
[2026-09-30 11:40:09]     -> 2 Ausschuettung(en) in 12 Monaten (halbjaehrlich), Summe 24.0 JPY
[2026-09-30 11:40:10]   Leeway.tech-Fehler (HTTP 429) bei fundamentals/5401.XTKS: b'Your limit of 50 requests per day has been reached.'
[2026-09-30 11:40:10]   Leeway lieferte keine verwertbare Antwort fuer 5401.XTKS
[2026-09-30 11:40:10]   Hole Kurs fuer XAT1.DE ...
[2026-09-30 11:40:10]     -> 4 Ausschuettung(en) in 12 Monaten (quartalsweise), Summe 0.9842 EUR
[2026-09-30 11:40:10]   Leeway.tech-Fehler (HTTP 429) bei fundamentals/XAT1.XETRA: b'Your limit of 50 requests per day has been reached.'
[2026-09-30 11:40:10]   Leeway lieferte keine verwertbare Antwort fuer XAT1.XETRA
[2026-09-30 11:40:11]   Hole Kurs fuer NG.L ...
[2026-09-30 11:40:11]     -> Hinweis: hinterlegte Dividende 0.52 weicht +9225% von den tatsaechlich gezahlten 48.49 ab - Automatik hat Vorrang.
[2026-09-30 11:40:11]     -> 2 Ausschuettung(en) in 12 Monaten (halbjaehrlich), Summe 48.49 GBp
[2026-09-30 11:40:11]   Leeway.tech-Fehler (HTTP 429) bei fundamentals/NG.XLON: b'Your limit of 50 requests per day has been reached.'
[2026-09-30 11:40:11]   Leeway lieferte keine verwertbare Antwort fuer NG.XLON
[2026-09-30 11:40:12]   Hole Kurs fuer GWW ...
[2026-09-30 11:40:12]     -> 4 Ausschuettung(en) in 12 Monaten (quartalsweise), Summe 9.5 USD
[2026-09-30 11:40:12]   Hole Kurs fuer 36B1.DE ...
[2026-09-30 11:40:12]     -> 4 Ausschuettung(en) in 12 Monaten (halbjaehrlich), Summe 0.270085 EUR
[2026-09-30 11:40:13]   Leeway.tech-Fehler (HTTP 429) bei fundamentals/36B1.XETRA: b'Your limit of 50 requests per day has been reached.'
[2026-09-30 11:40:13]   Leeway lieferte keine verwertbare Antwort fuer 36B1.XETRA
[2026-09-30 11:40:13]   Hole Kurs fuer 8616.T ...
[2026-09-30 11:40:13]     -> 2 Ausschuettung(en) in 12 Monaten (halbjaehrlich), Summe 53.0 JPY
[2026-09-30 11:40:13]   Leeway.tech-Fehler (HTTP 429) bei fundamentals/8616.XTKS: b'Your limit of 50 requests per day has been reached.'
[2026-09-30 11:40:13]   Leeway lieferte keine verwertbare Antwort fuer 8616.XTKS
[2026-09-30 11:40:14]   Hole Kurs fuer IBC2.DE ...
[2026-09-30 11:40:14]     -> 4 Ausschuettung(en) in 12 Monaten (halbjaehrlich), Summe 0.3018 EUR
[2026-09-30 11:40:14]   Leeway.tech-Fehler (HTTP 429) bei fundamentals/IBC2.XETRA: b'Your limit of 50 requests per day has been reached.'
[2026-09-30 11:40:14]   Leeway lieferte keine verwertbare Antwort fuer IBC2.XETRA
[2026-09-30 11:40:14]   Hole Kurs fuer CPFE3.SA ...
[2026-09-30 11:40:14]     -> 1 Ausschuettung(en) in 12 Monaten (jaehrlich), Summe 3.731536 BRL
[2026-09-30 11:40:14]     -> Hinweis: hinterlegte Verschuldung 1.2 weicht vom berechneten Wert 1.55 ab - Automatik hat Vorrang.
[2026-09-30 11:40:14]     -> Hinweis: geschaetzte Quote 65% weicht -25 Prozentpunkte vom echten Wert 39.97% ab - Automatik hat Vorrang.
[2026-09-30 11:40:15]   Hole Kurs fuer MO ...
[2026-09-30 11:40:15]     -> 4 Ausschuettung(en) in 12 Monaten (quartalsweise), Summe 4.29 USD
[2026-09-30 11:40:15]     -> Hinweis: geschaetzte Quote 78% weicht +16 Prozentpunkte vom echten Wert 93.55% ab - Automatik hat Vorrang.
[2026-09-30 11:40:15]   Hole Kurs fuer DOC ...
[2026-09-30 11:40:15]     -> Hinweis: hinterlegte Dividende 0.92 weicht +33% von den tatsaechlich gezahlten 1.224 ab - Automatik hat Vorrang.
[2026-09-30 11:40:15]     -> 12 Ausschuettung(en) in 12 Monaten (quartalsweise), Summe 1.224 USD
[2026-09-30 11:40:15]   Hole Kurs fuer MCD ...
[2026-09-30 11:40:16]     -> 4 Ausschuettung(en) in 12 Monaten (quartalsweise), Summe 7.44 USD
[2026-09-30 11:40:16]   Hole Kurs fuer BBSE3.SA ...
[2026-09-30 11:40:16]     -> 2 Ausschuettung(en) in 12 Monaten (halbjaehrlich), Summe 4.590092 BRL
[2026-09-30 11:40:16]     -> Hinweis: geschaetzte Quote 70% weicht +26 Prozentpunkte vom echten Wert 96.09% ab - Automatik hat Vorrang.
[2026-09-30 11:40:16]   Hole Kurs fuer AV.L ...
[2026-09-30 11:40:16]     -> 2 Ausschuettung(en) in 12 Monaten (halbjaehrlich), Summe 40.199999 GBp
[2026-09-30 11:40:17]   Leeway.tech-Fehler (HTTP 429) bei fundamentals/AV.XLON: b'Your limit of 50 requests per day has been reached.'
[2026-09-30 11:40:17]   Leeway lieferte keine verwertbare Antwort fuer AV.XLON
[2026-09-30 11:40:17]     -> Hinweis: geschaetzte Quote 60% weicht +141 Prozentpunkte vom echten Wert 201.11% ab - Automatik hat Vorrang.
[2026-09-30 11:40:17]   Hole Kurs fuer BCE ...
[2026-09-30 11:40:17]     -> 4 Ausschuettung(en) in 12 Monaten (quartalsweise), Summe 1.262 USD
[2026-09-30 11:40:17]     -> Hinweis: hinterlegte Verschuldung 0.8 weicht vom berechneten Wert 1.73 ab - Automatik hat Vorrang.
[2026-09-30 11:40:17]   Hole Kurs fuer SYY ...
[2026-09-30 11:40:18]     -> 4 Ausschuettung(en) in 12 Monaten (quartalsweise), Summe 2.17 USD
[2026-09-30 11:40:18]   Hole Kurs fuer ENB ...
[2026-09-30 11:40:18]     -> Hinweis: hinterlegte Dividende 3.55 weicht -40% von den tatsaechlich gezahlten 2.115 ab - Automatik hat Vorrang.
[2026-09-30 11:40:18]     -> 3 Ausschuettung(en) in 12 Monaten (quartalsweise), Summe 2.115 USD [unvollstaendig]
[2026-09-30 11:40:18]   Hole Kurs fuer ULVR.L ...
[2026-09-30 11:40:18]     -> Hinweis: hinterlegte Dividende 1.72 weicht +9492% von den tatsaechlich gezahlten 164.990002 ab - Automatik hat Vorrang.
[2026-09-30 11:40:18]     -> 4 Ausschuettung(en) in 12 Monaten (quartalsweise), Summe 164.990002 GBp
[2026-09-30 11:40:19]   Leeway.tech-Fehler (HTTP 429) bei fundamentals/ULVR.XLON: b'Your limit of 50 requests per day has been reached.'
[2026-09-30 11:40:19]   Leeway lieferte keine verwertbare Antwort fuer ULVR.XLON
[2026-09-30 11:40:19]   Hole Kurs fuer ESS ...
[2026-09-30 11:40:19]     -> 4 Ausschuettung(en) in 12 Monaten (quartalsweise), Summe 10.32 USD
[2026-09-30 11:40:19]   Hole Kurs fuer IBCA.DE ...
[2026-09-30 11:40:20]     -> 2 Ausschuettung(en) in 12 Monaten (halbjaehrlich), Summe 3.024 EUR
[2026-09-30 11:40:20]   Hole Kurs fuer DUK ...
[2026-09-30 11:40:20]     -> 4 Ausschuettung(en) in 12 Monaten (quartalsweise), Summe 4.28 USD
[2026-09-30 11:40:20]   Hole Kurs fuer SWED-A.ST ...
[2026-09-30 11:40:20]     -> 1 Ausschuettung(en) in 12 Monaten (jaehrlich), Summe 29.8 SEK
[2026-09-30 11:40:20]     -> Hinweis: geschaetzte Quote 55% weicht +52 Prozentpunkte vom echten Wert 107.26% ab - Automatik hat Vorrang.
[2026-09-30 11:40:20]   Hole Kurs fuer VOD.L ...
[2026-09-30 11:40:21]     -> Hinweis: hinterlegte Dividende 0.09 weicht +4311% von den tatsaechlich gezahlten 3.969602 ab - Automatik hat Vorrang.
[2026-09-30 11:40:21]     -> 2 Ausschuettung(en) in 12 Monaten (halbjaehrlich), Summe 3.969602 GBp
[2026-09-30 11:40:21]   Hole Kurs fuer EVSD.DE ...
[2026-09-30 11:40:21]     -> 12 Ausschuettung(en) in 12 Monaten (monatlich), Summe 1.377 EUR
[2026-09-30 11:40:21]   Hole Kurs fuer GPC ...
[2026-09-30 11:40:21]     -> 4 Ausschuettung(en) in 12 Monaten (quartalsweise), Summe 4.219 USD
[2026-09-30 11:40:22]   Hole Kurs fuer HAW.DE ...
[2026-09-30 11:40:22]     -> 1 Ausschuettung(en) in 12 Monaten (jaehrlich), Summe 1.0 EUR
[2026-09-30 11:40:22]     -> Hinweis: hinterlegte Verschuldung 0.8 weicht vom berechneten Wert 1.57 ab - Automatik hat Vorrang.
[2026-09-30 11:40:22]   Hole Kurs fuer PM ...
[2026-09-30 11:40:22]     -> 4 Ausschuettung(en) in 12 Monaten (quartalsweise), Summe 5.88 USD
[2026-09-30 11:40:22]   Hole Kurs fuer KEY ...
[2026-09-30 11:40:22]     -> 4 Ausschuettung(en) in 12 Monaten (quartalsweise), Summe 0.82 USD
[2026-09-30 11:40:23]   Hole Kurs fuer MAIN ...
[2026-09-30 11:40:23]     -> 16 Ausschuettung(en) in 12 Monaten (monatlich), Summe 4.32 USD
[2026-09-30 11:40:23]   Hole Kurs fuer SAX.DE ...
[2026-09-30 11:40:23]     -> 1 Ausschuettung(en) in 12 Monaten (jaehrlich), Summe 1.85 EUR
[2026-09-30 11:40:23]     -> Hinweis: hinterlegte Verschuldung 0.8 weicht vom berechneten Wert 4.71 ab - Automatik hat Vorrang.
[2026-09-30 11:40:23]   Hole Kurs fuer BBAS3.SA ...
[2026-09-30 11:40:23]     -> 6 Ausschuettung(en) in 12 Monaten (quartalsweise), Summe 0.654951 BRL
[2026-09-30 11:40:24]   Hole Kurs fuer MUX.DE ...
[2026-09-30 11:40:24]     -> 1 Ausschuettung(en) in 12 Monaten (jaehrlich), Summe 2.0 EUR
[2026-09-30 11:40:24]     -> Hinweis: hinterlegte Verschuldung 0.8 weicht vom berechneten Wert 2.22 ab - Automatik hat Vorrang.
[2026-09-30 11:40:24]   Hole Kurs fuer STG.CO ...
[2026-09-30 11:40:24]     -> 1 Ausschuettung(en) in 12 Monaten (jaehrlich), Summe 4.5 DKK
[2026-09-30 11:40:24]   Hole Kurs fuer HRL ...
[2026-09-30 11:40:25]     -> 4 Ausschuettung(en) in 12 Monaten (quartalsweise), Summe 1.169 USD
[2026-09-30 11:40:25]   Hole Kurs fuer SYBY.DE ...
[2026-09-30 11:40:25]     -> 2 Ausschuettung(en) in 12 Monaten (halbjaehrlich), Summe 1.447219 EUR
[2026-09-30 11:40:25]   Hole Kurs fuer 9364.T ...
[2026-09-30 11:40:25]     -> 2 Ausschuettung(en) in 12 Monaten (halbjaehrlich), Summe 215.0 JPY
[2026-09-30 11:40:25]     -> Hinweis: hinterlegte Verschuldung 0.8 weicht vom berechneten Wert 0.15 ab - Automatik hat Vorrang.
[2026-09-30 11:40:26]   Hole Kurs fuer ROP ...
[2026-09-30 11:40:26]     -> 4 Ausschuettung(en) in 12 Monaten (quartalsweise), Summe 3.555 USD
[2026-09-30 11:40:26]   Hole Kurs fuer UIMB.DE ...
[2026-09-30 11:40:26]     -> 2 Ausschuettung(en) in 12 Monaten (halbjaehrlich), Summe 0.577284 EUR
[2026-09-30 11:40:26]   Hole Kurs fuer EVK.DE ...
[2026-09-30 11:40:26]     -> 1 Ausschuettung(en) in 12 Monaten (jaehrlich), Summe 1.0 EUR
[2026-09-30 11:40:26]     -> Hinweis: geschaetzte Quote 180% weicht +205 Prozentpunkte vom echten Wert 385.12% ab - Automatik hat Vorrang.
[2026-09-30 11:40:27]   Hole Kurs fuer VOW3.DE ...
[2026-09-30 11:40:27]     -> 1 Ausschuettung(en) in 12 Monaten (jaehrlich), Summe 5.26 EUR
[2026-09-30 11:40:27]     -> Hinweis: hinterlegte Verschuldung 0.8 weicht vom berechneten Wert 1.39 ab - Automatik hat Vorrang.
[2026-09-30 11:40:27]     -> Hinweis: geschaetzte Quote 31.37% weicht +26 Prozentpunkte vom echten Wert 57.0% ab - Automatik hat Vorrang.
[2026-09-30 11:40:27]   Hole Kurs fuer CHD ...
[2026-09-30 11:40:27]     -> 4 Ausschuettung(en) in 12 Monaten (quartalsweise), Summe 1.219 USD
[2026-09-30 11:40:27]   Hole Kurs fuer UCG.MI ...
[2026-09-30 11:40:28]     -> 2 Ausschuettung(en) in 12 Monaten (jaehrlich), Summe 3.149 EUR
[2026-09-30 11:40:28]   Hole Kurs fuer ET ...
[2026-09-30 11:40:28]     -> 4 Ausschuettung(en) in 12 Monaten (quartalsweise), Summe 1.346 USD
[2026-09-30 11:40:28]     -> Hinweis: geschaetzte Quote 60% weicht +32 Prozentpunkte vom echten Wert 92.11% ab - Automatik hat Vorrang.
[2026-09-30 11:40:28]   Hole Kurs fuer AGNC ...
[2026-09-30 11:40:28]     -> 12 Ausschuettung(en) in 12 Monaten (monatlich), Summe 1.44 USD
[2026-09-30 11:40:29]   Hole Kurs fuer CLX ...
[2026-09-30 11:40:29]     -> 4 Ausschuettung(en) in 12 Monaten (quartalsweise), Summe 4.97 USD
[2026-09-30 11:40:29]   Hole Kurs fuer 7177.T ...
[2026-09-30 11:40:29]     -> 4 Ausschuettung(en) in 12 Monaten (quartalsweise), Summe 51.07 JPY
[2026-09-30 11:40:29]   Hole Kurs fuer ELE.MC ...
[2026-09-30 11:40:29]     -> 2 Ausschuettung(en) in 12 Monaten (halbjaehrlich), Summe 1.584 EUR
[2026-09-30 11:40:29]     -> Hinweis: geschaetzte Quote 75% weicht -23 Prozentpunkte vom echten Wert 52.49% ab - Automatik hat Vorrang.
[2026-09-30 11:40:30]   Hole Kurs fuer KMI ...
[2026-09-30 11:40:30]     -> 4 Ausschuettung(en) in 12 Monaten (quartalsweise), Summe 1.182 USD
[2026-09-30 11:40:30]   Hole Kurs fuer ADP ...
[2026-09-30 11:40:30]     -> 4 Ausschuettung(en) in 12 Monaten (quartalsweise), Summe 6.8 USD
[2026-09-30 11:40:30]   Hole Kurs fuer SJM ...
[2026-09-30 11:40:31]     -> 4 Ausschuettung(en) in 12 Monaten (quartalsweise), Summe 4.42 USD
[2026-09-30 11:40:31]   Hole Kurs fuer WINC.DE ...
[2026-09-30 11:40:31]     -> 5 Ausschuettung(en) in 12 Monaten (quartalsweise), Summe 0.568645 EUR
[2026-09-30 11:40:31]   Hole Kurs fuer OHI ...
[2026-09-30 11:40:31]     -> 4 Ausschuettung(en) in 12 Monaten (quartalsweise), Summe 2.69 USD
[2026-09-30 11:40:31]     -> Hinweis: hinterlegte Verschuldung 1.3 weicht vom berechneten Wert 0.71 ab - Automatik hat Vorrang.
[2026-09-30 11:40:32]   Hole Kurs fuer EMR ...
[2026-09-30 11:40:32]     -> 4 Ausschuettung(en) in 12 Monaten (quartalsweise), Summe 2.22 USD
[2026-09-30 11:40:32]   Hole Kurs fuer ENEL.MI ...
[2026-09-30 11:40:32]     -> 2 Ausschuettung(en) in 12 Monaten (halbjaehrlich), Summe 0.49 EUR
[2026-09-30 11:40:32]   Hole Kurs fuer ASWK.DE ...
[2026-09-30 11:40:32]     -> 11 Ausschuettung(en) in 12 Monaten (monatlich), Summe 4.961004 EUR [unvollstaendig]
[2026-09-30 11:40:33]   Hole Kurs fuer 5938.T ...
[2026-09-30 11:40:33]     -> 2 Ausschuettung(en) in 12 Monaten (halbjaehrlich), Summe 90.0 JPY
[2026-09-30 11:40:33]     -> Hinweis: geschaetzte Quote 35% weicht +432 Prozentpunkte vom echten Wert 466.55% ab - Automatik hat Vorrang.
[2026-09-30 11:40:33]   Hole Kurs fuer 0010.HK ...
[2026-09-30 11:40:33]     -> 2 Ausschuettung(en) in 12 Monaten (halbjaehrlich), Summe 0.86 HKD
[2026-09-30 11:40:33]     -> Hinweis: hinterlegte Verschuldung 1.3 weicht vom berechneten Wert 0.35 ab - Automatik hat Vorrang.
[2026-09-30 11:40:33]     -> Hinweis: geschaetzte Quote 65% weicht +18 Prozentpunkte vom echten Wert 82.52% ab - Automatik hat Vorrang.
[2026-09-30 11:40:33]   Hole Kurs fuer FAHY.DE ...
[2026-09-30 11:40:34]     -> 4 Ausschuettung(en) in 12 Monaten (quartalsweise), Summe 1.208557 EUR
[2026-09-30 11:40:34]   Hole Kurs fuer AGS.BR ...
[2026-09-30 11:40:34]     -> 2 Ausschuettung(en) in 12 Monaten (halbjaehrlich), Summe 3.75 EUR
[2026-09-30 11:40:34]   Hole Kurs fuer SMLD.DE ...
[2026-09-30 11:40:34]     -> 4 Ausschuettung(en) in 12 Monaten (quartalsweise), Summe 3.852161 EUR
[2026-09-30 11:40:35]   Hole Kurs fuer 8985.T ...
[2026-09-30 11:40:35]     -> 1 Ausschuettung(en) in 12 Monaten (jaehrlich), Summe 5061.0 JPY
[2026-09-30 11:40:35]     -> Hinweis: hinterlegte Verschuldung 1.3 weicht vom berechneten Wert 0.98 ab - Automatik hat Vorrang.
[2026-09-30 11:40:35]   Hole Kurs fuer NWX.DE ...
[2026-09-30 11:40:35]   Yahoo-Fehler bei NWX.DE: HTTP 404, Antwort-Anfang: b'{"chart":{"result":null,"error":{"code":"Not Found","description":"No data found, symbol may be delisted"}}}'
[2026-09-30 11:40:35]   Twelve Data (Kursverlauf)-Fehler (HTTP 404) bei time_series: b'{"code":404,"message":"**symbol** or **figi** parameter is missing or invalid. Please provide a valid symbol according to API documentation: https://t'
[2026-09-30 11:40:35]   Twelve Data (Kursverlauf) lieferte keine verwertbaren Daten fuer NWX:XETRA
[2026-09-30 11:40:36]   Stooq lieferte keine verwertbaren Kursdaten fuer nwx.de (HTTP 200), Antwort-Anfang: '<!DOCTYPE html><html><head><meta charset="utf-8"><meta name="robots" content="noindex,nofollow"></head><body><noscript>This site requires JavaScript t'
[2026-09-30 11:40:36]     -> kein Kurs erhalten (Yahoo/Twelve Data/Stooq scheiterten alle) - zeige NWX.DE trotzdem mit den Stammdaten, aber OHNE (veralteten) Kurs an.
[2026-09-30 11:40:36]     -> WARNUNG: weder Boersen-Ausschuettungen noch dividend_per_share verfuegbar - Rendite 6% ist ein EINGEFRORENER Startwert (Stand 2026-08), NICHT tagesaktuell.
[2026-09-30 11:40:36]     -> stockanalysis: HTTP 404 fuer NWX.DE (https://stockanalysis.com/quote/etr/NWX/statistics/)
[2026-09-30 11:40:36]   Hole Kurs fuer LEI.DE ...
[2026-09-30 11:40:37]     -> 1 Ausschuettung(en) in 12 Monaten (jaehrlich), Summe 1.2 EUR
[2026-09-30 11:40:37]   Hole Kurs fuer PEP ...
[2026-09-30 11:40:37]     -> 4 Ausschuettung(en) in 12 Monaten (quartalsweise), Summe 5.806 USD
[2026-09-30 11:40:37]   Hole Kurs fuer VNA.DE ...
[2026-09-30 11:40:37]     -> 1 Ausschuettung(en) in 12 Monaten (jaehrlich), Summe 1.25 EUR
[2026-09-30 11:40:37]     -> Hinweis: geschaetzte Quote 51.42% weicht -24 Prozentpunkte vom echten Wert 27.42% ab - Automatik hat Vorrang.
[2026-09-30 11:40:37]   Hole Kurs fuer 11ZN.MU ...
[2026-09-30 11:40:38]     -> 11 Ausschuettung(en) in 12 Monaten (monatlich), Summe 1.387772 EUR [unvollstaendig]
[2026-09-30 11:40:38]     -> keine stockanalysis-Adresse fuer ETF 11ZN.MU
[2026-09-30 11:40:38]   Hole Kurs fuer ABT ...
[2026-09-30 11:40:38]     -> 4 Ausschuettung(en) in 12 Monaten (quartalsweise), Summe 2.48 USD
[2026-09-30 11:40:38]   Hole Kurs fuer JST.DE ...
[2026-09-30 11:40:38]     -> 1 Ausschuettung(en) in 12 Monaten (jaehrlich), Summe 1.5 EUR
[2026-09-30 11:40:38]     -> Hinweis: hinterlegte Verschuldung 0.8 weicht vom berechneten Wert 1.4 ab - Automatik hat Vorrang.
[2026-09-30 11:40:39]   Hole Kurs fuer MUV2.DE ...
[2026-09-30 11:40:39]     -> 1 Ausschuettung(en) in 12 Monaten (jaehrlich), Summe 24.0 EUR
[2026-09-30 11:40:39]   Hole Kurs fuer ADM ...
[2026-09-30 11:40:39]     -> 4 Ausschuettung(en) in 12 Monaten (quartalsweise), Summe 2.07 USD
[2026-09-30 11:40:39]   Hole Kurs fuer SDF.DE ...
[2026-09-30 11:40:40]     -> 1 Ausschuettung(en) in 12 Monaten (jaehrlich), Summe 0.07 EUR
[2026-09-30 11:40:40]   Hole Kurs fuer BIP ...
[2026-09-30 11:40:40]     -> Hinweis: hinterlegte Dividende 1.84 weicht -26% von den tatsaechlich gezahlten 1.365 ab - Automatik hat Vorrang.
[2026-09-30 11:40:40]     -> 3 Ausschuettung(en) in 12 Monaten (quartalsweise), Summe 1.365 USD [unvollstaendig]
[2026-09-30 11:40:40]     -> Hinweis: hinterlegte Verschuldung 1.2 weicht vom berechneten Wert 2.05 ab - Automatik hat Vorrang.
[2026-09-30 11:40:40]     -> Hinweis: geschaetzte Quote 190% weicht +102 Prozentpunkte vom echten Wert 291.87% ab - Automatik hat Vorrang.
[2026-09-30 11:40:40]   Hole Kurs fuer ITW ...
[2026-09-30 11:40:40]     -> 4 Ausschuettung(en) in 12 Monaten (quartalsweise), Summe 6.44 USD
[2026-09-30 11:40:40]   Hole Kurs fuer SIX2.DE ...
[2026-09-30 11:40:41]     -> 1 Ausschuettung(en) in 12 Monaten (jaehrlich), Summe 3.2 EUR
[2026-09-30 11:40:41]     -> Hinweis: hinterlegte Verschuldung 0.8 weicht vom berechneten Wert 2.12 ab - Automatik hat Vorrang.
[2026-09-30 11:40:41]   Hole Kurs fuer JEIP.DE ...
[2026-09-30 11:40:41]     -> 12 Ausschuettung(en) in 12 Monaten (monatlich), Summe 1.572168 EUR
[2026-09-30 11:40:41]   Hole Kurs fuer DWNI.DE ...
[2026-09-30 11:40:41]     -> 1 Ausschuettung(en) in 12 Monaten (jaehrlich), Summe 0.04 EUR
[2026-09-30 11:40:41]     -> Hinweis: hinterlegte Verschuldung 1.3 weicht vom berechneten Wert 0.51 ab - Automatik hat Vorrang.
[2026-09-30 11:40:41]     -> Hinweis: geschaetzte Quote 46.17% weicht -45 Prozentpunkte vom echten Wert 1.06% ab - Automatik hat Vorrang.
[2026-09-30 11:40:41]   Hole Kurs fuer EUNW.DE ...
[2026-09-30 11:40:42]     -> 3 Ausschuettung(en) in 12 Monaten (halbjaehrlich), Summe 4.7012 EUR
[2026-09-30 11:40:42]   Hole Kurs fuer TIGR.DE ...
[2026-09-30 11:40:42]     -> 2 Ausschuettung(en) in 12 Monaten (halbjaehrlich), Summe 0.39894 EUR
[2026-09-30 11:40:42]   Hole Kurs fuer QYLE.DE ...
[2026-09-30 11:40:42]     -> 12 Ausschuettung(en) in 12 Monaten (monatlich), Summe 1.695485 EUR
[2026-09-30 11:40:43]   Hole Kurs fuer PAH3.DE ...
[2026-09-30 11:40:43]     -> 1 Ausschuettung(en) in 12 Monaten (jaehrlich), Summe 1.51 EUR
[2026-09-30 11:40:43]     -> Hinweis: hinterlegte Verschuldung 0.8 weicht vom berechneten Wert 0.19 ab - Automatik hat Vorrang.
[2026-09-30 11:40:43]     -> Hinweis: geschaetzte Quote 22.65% weicht +464 Prozentpunkte vom echten Wert 486.32% ab - Automatik hat Vorrang.
[2026-09-30 11:40:43]   Hole Kurs fuer DTG.DE ...
[2026-09-30 11:40:43]     -> 1 Ausschuettung(en) in 12 Monaten (jaehrlich), Summe 1.9 EUR
[2026-09-30 11:40:43]     -> Hinweis: hinterlegte Verschuldung 0.8 weicht vom berechneten Wert 1.27 ab - Automatik hat Vorrang.
[2026-09-30 11:40:43]     -> Hinweis: geschaetzte Quote 100% weicht -43 Prozentpunkte vom echten Wert 56.87% ab - Automatik hat Vorrang.
[2026-09-30 11:40:43]   Hole Kurs fuer BATS.L ...
[2026-09-30 11:40:44]     -> Hinweis: hinterlegte Dividende 2.36 weicht +10181% von den tatsaechlich gezahlten 242.640004 ab - Automatik hat Vorrang.
[2026-09-30 11:40:44]     -> 4 Ausschuettung(en) in 12 Monaten (quartalsweise), Summe 242.640004 GBp
[2026-09-30 11:40:44]   Hole Kurs fuer PWO.DE ...
[2026-09-30 11:40:44]     -> 1 Ausschuettung(en) in 12 Monaten (jaehrlich), Summe 1.65 EUR
[2026-09-30 11:40:44]   Hole Kurs fuer HSBA.L ...
[2026-09-30 11:40:44]     -> 4 Ausschuettung(en) in 12 Monaten (quartalsweise), Summe 55.6718 GBp
[2026-09-30 11:40:45]   Hole Kurs fuer YYYY.DE ...
[2026-09-30 11:40:45]     -> 12 Ausschuettung(en) in 12 Monaten (monatlich), Summe 9.529651 EUR
[2026-09-30 11:40:45]   Hole Kurs fuer DEQ.DE ...
[2026-09-30 11:40:45]     -> 1 Ausschuettung(en) in 12 Monaten (jaehrlich), Summe 1.0 EUR
[2026-09-30 11:40:45]     -> Hinweis: hinterlegte Verschuldung 1.3 weicht vom berechneten Wert 0.97 ab - Automatik hat Vorrang.
[2026-09-30 11:40:45]     -> Hinweis: geschaetzte Quote 69.25% weicht +58 Prozentpunkte vom echten Wert 127.72% ab - Automatik hat Vorrang.
[2026-09-30 11:40:45]   Hole Kurs fuer SRG.MI ...
[2026-09-30 11:40:46]     -> 2 Ausschuettung(en) in 12 Monaten (halbjaehrlich), Summe 0.3021 EUR
[2026-09-30 11:40:46]     -> Hinweis: hinterlegte Verschuldung 1.2 weicht vom berechneten Wert 2.34 ab - Automatik hat Vorrang.
[2026-09-30 11:40:46]   Hole Kurs fuer NDA-FI.HE ...
[2026-09-30 11:40:46]     -> 2 Ausschuettung(en) in 12 Monaten (jaehrlich), Summe 1.3 EUR
[2026-09-30 11:40:46]   Hole Kurs fuer M12.DE ...
[2026-09-30 11:40:46]     -> 1 Ausschuettung(en) in 12 Monaten (jaehrlich), Summe 1.2 EUR
[2026-09-30 11:40:46]     -> Hinweis: hinterlegte Verschuldung 0.8 weicht vom berechneten Wert 0.04 ab - Automatik hat Vorrang.
[2026-09-30 11:40:47]   Hole Kurs fuer PBA ...
[2026-09-30 11:40:47]     -> 3 Ausschuettung(en) in 12 Monaten (quartalsweise), Summe 1.572 USD [unvollstaendig]
[2026-09-30 11:40:47]     -> Hinweis: hinterlegte Verschuldung 1.2 weicht vom berechneten Wert 0.81 ab - Automatik hat Vorrang.
[2026-09-30 11:40:47]   Hole Kurs fuer XY7D.DE ...
[2026-09-30 11:40:47]     -> 14 Ausschuettung(en) in 12 Monaten (monatlich), Summe 1.62513 EUR
[2026-09-30 11:40:47]   Hole Kurs fuer BCH ...
[2026-09-30 11:40:47]     -> 1 Ausschuettung(en) in 12 Monaten (jaehrlich), Summe 2.183 USD
[2026-09-30 11:40:48]   Hole Kurs fuer MFC ...
[2026-09-30 11:40:48]     -> 3 Ausschuettung(en) in 12 Monaten (quartalsweise), Summe 1.058 USD [unvollstaendig]
[2026-09-30 11:40:48]   Hole Kurs fuer TGT ...
[2026-09-30 11:40:48]     -> 4 Ausschuettung(en) in 12 Monaten (quartalsweise), Summe 4.58 USD
[2026-09-30 11:40:48]   Hole Kurs fuer EPR ...
[2026-09-30 11:40:49]     -> 12 Ausschuettung(en) in 12 Monaten (monatlich), Summe 3.63 USD
[2026-09-30 11:40:49]   Hole Kurs fuer LEG.DE ...
[2026-09-30 11:40:49]     -> 1 Ausschuettung(en) in 12 Monaten (jaehrlich), Summe 2.92 EUR
[2026-09-30 11:40:49]   Hole Kurs fuer KMB ...
[2026-09-30 11:40:49]     -> 4 Ausschuettung(en) in 12 Monaten (quartalsweise), Summe 5.1 USD
[2026-09-30 11:40:50]   Hole Kurs fuer JNJ ...
[2026-09-30 11:40:50]     -> 4 Ausschuettung(en) in 12 Monaten (quartalsweise), Summe 5.28 USD
[2026-09-30 11:40:50]   Hole Kurs fuer SHW ...
[2026-09-30 11:40:50]     -> 4 Ausschuettung(en) in 12 Monaten (quartalsweise), Summe 3.19 USD
[2026-09-30 11:40:50]   Hole Kurs fuer T ...
[2026-09-30 11:40:51]     -> 4 Ausschuettung(en) in 12 Monaten (quartalsweise), Summe 1.112 USD
[2026-09-30 11:40:51]   Hole Kurs fuer ISPA.DE ...
[2026-09-30 11:40:51]     -> 4 Ausschuettung(en) in 12 Monaten (quartalsweise), Summe 1.524521 EUR
[2026-09-30 11:40:51]   Hole Kurs fuer 8972.T ...
[2026-09-30 11:40:51]     -> 2 Ausschuettung(en) in 12 Monaten (halbjaehrlich), Summe 8271.0 JPY
[2026-09-30 11:40:51]     -> Hinweis: hinterlegte Verschuldung 1.3 weicht vom berechneten Wert 0.92 ab - Automatik hat Vorrang.
[2026-09-30 11:40:51]   Hole Kurs fuer TRYG.CO ...
[2026-09-30 11:40:52]     -> 4 Ausschuettung(en) in 12 Monaten (quartalsweise), Summe 8.4 DKK
[2026-09-30 11:40:52]   Hole Kurs fuer QDVQ.DE ...
[2026-09-30 11:40:52]     -> 4 Ausschuettung(en) in 12 Monaten (halbjaehrlich), Summe 0.332901 EUR
[2026-09-30 11:40:52]   Hole Kurs fuer PBR ...
[2026-09-30 11:40:52]     -> 3 Ausschuettung(en) in 12 Monaten (quartalsweise), Summe 0.797 USD [unvollstaendig]
[2026-09-30 11:40:52]     -> Hinweis: hinterlegte Verschuldung 1.2 weicht vom berechneten Wert 0.76 ab - Automatik hat Vorrang.
[2026-09-30 11:40:52]   Hole Kurs fuer M44U.SI ...
[2026-09-30 11:40:53]     -> Hinweis: hinterlegte Dividende 0.32 weicht -77% von den tatsaechlich gezahlten 0.07266 ab - Automatik hat Vorrang.
[2026-09-30 11:40:53]     -> 4 Ausschuettung(en) in 12 Monaten (quartalsweise), Summe 0.07266 SGD
[2026-09-30 11:40:53]   Hole Kurs fuer PPG ...
[2026-09-30 11:40:53]     -> 4 Ausschuettung(en) in 12 Monaten (quartalsweise), Summe 2.87 USD
[2026-09-30 11:40:53]   Hole Kurs fuer ALV.DE ...
[2026-09-30 11:40:54]     -> 1 Ausschuettung(en) in 12 Monaten (jaehrlich), Summe 17.1 EUR
[2026-09-30 11:40:54]   Hole Kurs fuer TW.L ...
[2026-09-30 11:40:54]     -> 2 Ausschuettung(en) in 12 Monaten (halbjaehrlich), Summe 7.62 GBp
[2026-09-30 11:40:54]     -> Hinweis: hinterlegte Verschuldung 1.3 weicht vom berechneten Wert 0.03 ab - Automatik hat Vorrang.
[2026-09-30 11:40:54]     -> Hinweis: geschaetzte Quote 55% weicht +53 Prozentpunkte vom echten Wert 108.28% ab - Automatik hat Vorrang.
[2026-09-30 11:40:54]   Hole Kurs fuer MKC ...
[2026-09-30 11:40:54]     -> 4 Ausschuettung(en) in 12 Monaten (quartalsweise), Summe 1.89 USD
[2026-09-30 11:40:55]   Hole Kurs fuer WPC ...
[2026-09-30 11:40:55]     -> 4 Ausschuettung(en) in 12 Monaten (quartalsweise), Summe 3.7 USD
[2026-09-30 11:40:55]     -> Hinweis: geschaetzte Quote 100% weicht +27 Prozentpunkte vom echten Wert 126.64% ab - Automatik hat Vorrang.
[2026-09-30 11:40:55]   Hole Kurs fuer UDIV.DE ...
[2026-09-30 11:40:55]     -> 12 Ausschuettung(en) in 12 Monaten (monatlich), Summe 0.828541 EUR
[2026-09-30 11:40:55]   Hole Kurs fuer PFLT ...
[2026-09-30 11:40:56]     -> Hinweis: hinterlegte Dividende 0.96 weicht +20% von den tatsaechlich gezahlten 1.156 ab - Automatik hat Vorrang.
[2026-09-30 11:40:56]     -> 12 Ausschuettung(en) in 12 Monaten (monatlich), Summe 1.156 USD
[2026-09-30 11:40:56]   Hole Kurs fuer ISP.MI ...
[2026-09-30 11:40:56]     -> 2 Ausschuettung(en) in 12 Monaten (halbjaehrlich), Summe 0.376 EUR
[2026-09-30 11:40:56]   Hole Kurs fuer 030000.KS ...
[2026-09-30 11:40:56]     -> 1 Ausschuettung(en) in 12 Monaten (jaehrlich), Summe 1230.0 KRW
[2026-09-30 11:40:56]     -> Hinweis: hinterlegte Verschuldung 0.8 weicht vom berechneten Wert 0.2 ab - Automatik hat Vorrang.
[2026-09-30 11:40:56]   Hole Kurs fuer BAS.DE ...
[2026-09-30 11:40:57]     -> Hinweis: hinterlegte Dividende 3.4 weicht -34% von den tatsaechlich gezahlten 2.25 ab - Automatik hat Vorrang.
[2026-09-30 11:40:57]     -> 1 Ausschuettung(en) in 12 Monaten (jaehrlich), Summe 2.25 EUR
[2026-09-30 11:40:57]   Hole Kurs fuer DOV ...
[2026-09-30 11:40:57]     -> 4 Ausschuettung(en) in 12 Monaten (quartalsweise), Summe 2.085 USD
[2026-09-30 11:40:57]   Hole Kurs fuer TFC ...
[2026-09-30 11:40:57]     -> 4 Ausschuettung(en) in 12 Monaten (quartalsweise), Summe 2.08 USD
[2026-09-30 11:40:58]   Hole Kurs fuer SAN.PA ...
[2026-09-30 11:40:58]     -> 1 Ausschuettung(en) in 12 Monaten (jaehrlich), Summe 4.12 EUR
[2026-09-30 11:40:58]   Hole Kurs fuer 3002.T ...
[2026-09-30 11:40:58]     -> 1 Ausschuettung(en) in 12 Monaten (jaehrlich), Summe 216.0 JPY
[2026-09-30 11:40:58]     -> Hinweis: hinterlegte Verschuldung 0.8 weicht vom berechneten Wert 0.18 ab - Automatik hat Vorrang.
[2026-09-30 11:40:58]   Hole Kurs fuer CAT ...
[2026-09-30 11:40:59]     -> 4 Ausschuettung(en) in 12 Monaten (quartalsweise), Summe 6.16 USD
[2026-09-30 11:40:59]   Hole Kurs fuer MMM ...
[2026-09-30 11:40:59]     -> 4 Ausschuettung(en) in 12 Monaten (quartalsweise), Summe 3.07 USD
[2026-09-30 11:40:59]   Hole Kurs fuer KO ...
[2026-09-30 11:40:59]     -> 4 Ausschuettung(en) in 12 Monaten (quartalsweise), Summe 2.1 USD
[2026-09-30 11:41:00]   Hole Kurs fuer B7E.DE ...
[2026-09-30 11:41:00]     -> 1 Ausschuettung(en) in 12 Monaten (jaehrlich), Summe 1.6 EUR
[2026-09-30 11:41:00]     -> Hinweis: hinterlegte Verschuldung 0.8 weicht vom berechneten Wert 0.43 ab - Automatik hat Vorrang.
[2026-09-30 11:41:00]   Hole Kurs fuer BMW.DE ...
[2026-09-30 11:41:00]     -> 1 Ausschuettung(en) in 12 Monaten (jaehrlich), Summe 4.4 EUR
[2026-09-30 11:41:00]     -> Hinweis: hinterlegte Verschuldung 0.8 weicht vom berechneten Wert 1.2 ab - Automatik hat Vorrang.
[2026-09-30 11:41:00]   Hole Kurs fuer STAG ...
[2026-09-30 11:41:00]     -> 6 Ausschuettung(en) in 12 Monaten (monatlich), Summe 1.272 USD [unvollstaendig]
[2026-09-30 11:41:01]   Hole Kurs fuer ME8U.SI ...
[2026-09-30 11:41:01]     -> Hinweis: hinterlegte Dividende 0.54 weicht -77% von den tatsaechlich gezahlten 0.1255 ab - Automatik hat Vorrang.
[2026-09-30 11:41:01]     -> 4 Ausschuettung(en) in 12 Monaten (quartalsweise), Summe 0.1255 SGD
[2026-09-30 11:41:01]   Hole Kurs fuer LTC ...
[2026-09-30 11:41:01]     -> 12 Ausschuettung(en) in 12 Monaten (monatlich), Summe 2.28 USD
[2026-09-30 11:41:01]     -> Hinweis: hinterlegte Verschuldung 1.3 weicht vom berechneten Wert 0.58 ab - Automatik hat Vorrang.
[2026-09-30 11:41:01]   Hole Kurs fuer ORA.PA ...
[2026-09-30 11:41:02]     -> 2 Ausschuettung(en) in 12 Monaten (halbjaehrlich), Summe 0.75 EUR
[2026-09-30 11:41:02]   Hole Kurs fuer PFE ...
[2026-09-30 11:41:02]     -> 4 Ausschuettung(en) in 12 Monaten (quartalsweise), Summe 1.72 USD
[2026-09-30 11:41:02]     -> Hinweis: geschaetzte Quote 131% weicht +95 Prozentpunkte vom echten Wert 226.35% ab - Automatik hat Vorrang.
[2026-09-30 11:41:02]   Hole Kurs fuer HOT.DE ...
[2026-09-30 11:41:02]     -> 1 Ausschuettung(en) in 12 Monaten (jaehrlich), Summe 6.6 EUR
[2026-09-30 11:41:02]     -> Hinweis: hinterlegte Verschuldung 0.8 weicht vom berechneten Wert 7.16 ab - Automatik hat Vorrang.
[2026-09-30 11:41:03]   Hole Kurs fuer BNS ...
[2026-09-30 11:41:03]     -> 2 Ausschuettung(en) in 12 Monaten (quartalsweise), Summe 1.595 USD [unvollstaendig]
[2026-09-30 11:41:03]   Hole Kurs fuer SPGI ...
[2026-09-30 11:41:03]     -> 4 Ausschuettung(en) in 12 Monaten (quartalsweise), Summe 3.713615 USD
[2026-09-30 11:41:04]   Hole Kurs fuer CON.DE ...
[2026-09-30 11:41:04]     -> 1 Ausschuettung(en) in 12 Monaten (jaehrlich), Summe 2.7 EUR
[2026-09-30 11:41:04]     -> Hinweis: hinterlegte Verschuldung 0.8 weicht vom berechneten Wert 1.57 ab - Automatik hat Vorrang.
[2026-09-30 11:41:04]   Hole Kurs fuer SYBK.DE ...
[2026-09-30 11:41:04]     -> 2 Ausschuettung(en) in 12 Monaten (halbjaehrlich), Summe 2.46725 EUR
[2026-09-30 11:41:05]   Hole Kurs fuer ATO ...
[2026-09-30 11:41:05]     -> 4 Ausschuettung(en) in 12 Monaten (quartalsweise), Summe 4.0 USD
[2026-09-30 11:41:05]   Hole Kurs fuer SO ...
[2026-09-30 11:41:05]     -> 4 Ausschuettung(en) in 12 Monaten (quartalsweise), Summe 3.0 USD
[2026-09-30 11:41:06]   Hole Kurs fuer WCH.DE ...
[2026-09-30 11:41:06]     -> 0 Ausschuettung(en) in 12 Monaten (jaehrlich), Summe None EUR [unvollstaendig]
[2026-09-30 11:41:06]     -> WARNUNG: weder Boersen-Ausschuettungen noch dividend_per_share verfuegbar - Rendite 2.6% ist ein EINGEFRORENER Startwert (Stand 2026-08), NICHT tagesaktuell.
[2026-09-30 11:41:06]   Hole Kurs fuer 035250.KS ...
[2026-09-30 11:41:06]     -> 1 Ausschuettung(en) in 12 Monaten (jaehrlich), Summe 950.0 KRW
[2026-09-30 11:41:06]     -> Hinweis: hinterlegte Verschuldung 0.8 weicht vom berechneten Wert 0.01 ab - Automatik hat Vorrang.
[2026-09-30 11:41:07]   Hole Kurs fuer 8150.T ...
[2026-09-30 11:41:07]     -> 2 Ausschuettung(en) in 12 Monaten (halbjaehrlich), Summe 190.0 JPY
[2026-09-30 11:41:07]     -> Hinweis: hinterlegte Verschuldung 0.8 weicht vom berechneten Wert 0.32 ab - Automatik hat Vorrang.
[2026-09-30 11:41:07]   Hole Kurs fuer MDT ...
[2026-09-30 11:41:07]     -> 4 Ausschuettung(en) in 12 Monaten (quartalsweise), Summe 2.86 USD
[2026-09-30 11:41:08]   Hole Kurs fuer CCI ...
[2026-09-30 11:41:08]     -> 4 Ausschuettung(en) in 12 Monaten (quartalsweise), Summe 4.252 USD
[2026-09-30 11:41:08]   Hole Kurs fuer SY7D.DE ...
[2026-09-30 11:41:08]     -> 12 Ausschuettung(en) in 12 Monaten (monatlich), Summe 1.62885 EUR
[2026-09-30 11:41:08]   Hole Kurs fuer ZURN.SW ...
[2026-09-30 11:41:09]     -> 1 Ausschuettung(en) in 12 Monaten (jaehrlich), Summe 30.0 CHF
[2026-09-30 11:41:09]   Hole Kurs fuer GUHY.DE ...
[2026-09-30 11:41:09]     -> 2 Ausschuettung(en) in 12 Monaten (halbjaehrlich), Summe 2.693664 EUR
[2026-09-30 11:41:09]   Hole Kurs fuer UVV ...
[2026-09-30 11:41:10]     -> 4 Ausschuettung(en) in 12 Monaten (quartalsweise), Summe 3.29 USD
[2026-09-30 11:41:10]     -> Hinweis: geschaetzte Quote 96% weicht +340 Prozentpunkte vom echten Wert 435.91% ab - Automatik hat Vorrang.
[2026-09-30 11:41:10]   Hole Kurs fuer LYB ...
[2026-09-30 11:41:10]     -> 4 Ausschuettung(en) in 12 Monaten (quartalsweise), Summe 3.44 USD
[2026-09-30 11:41:10]     -> Hinweis: hinterlegte Verschuldung 0.8 weicht vom berechneten Wert 1.33 ab - Automatik hat Vorrang.
[2026-09-30 11:41:10]   Hole Kurs fuer SHEL.L ...
[2026-09-30 11:41:11]     -> Hinweis: hinterlegte Dividende 0.86 weicht +13019% von den tatsaechlich gezahlten 112.819997 ab - Automatik hat Vorrang.
[2026-09-30 11:41:11]     -> 4 Ausschuettung(en) in 12 Monaten (quartalsweise), Summe 112.819997 GBp
[2026-09-30 11:41:11]   Hole Kurs fuer SREN.SW ...
[2026-09-30 11:41:11]     -> 1 Ausschuettung(en) in 12 Monaten (jaehrlich), Summe 6.67368 CHF
[2026-09-30 11:41:11]   Hole Kurs fuer BP.L ...
[2026-09-30 11:41:12]     -> Hinweis: hinterlegte Dividende 0.32 weicht +7730% von den tatsaechlich gezahlten 25.055699 ab - Automatik hat Vorrang.
[2026-09-30 11:41:12]     -> 4 Ausschuettung(en) in 12 Monaten (quartalsweise), Summe 25.055699 GBp
[2026-09-30 11:41:12]   Hole Kurs fuer XUHY.DE ...
[2026-09-30 11:41:12]     -> 4 Ausschuettung(en) in 12 Monaten (quartalsweise), Summe 0.750012 EUR
[2026-09-30 11:41:12]   Hole Kurs fuer LOW ...
[2026-09-30 11:41:13]     -> 4 Ausschuettung(en) in 12 Monaten (quartalsweise), Summe 4.85 USD
[2026-09-30 11:41:13]   Hole Kurs fuer CTAS ...
[2026-09-30 11:41:13]     -> Hinweis: hinterlegte Dividende 6.2 weicht -70% von den tatsaechlich gezahlten 1.87 ab - Automatik hat Vorrang.
[2026-09-30 11:41:13]     -> 4 Ausschuettung(en) in 12 Monaten (quartalsweise), Summe 1.87 USD
[2026-09-30 11:41:13]   Hole Kurs fuer VZ ...
[2026-09-30 11:41:13]     -> 4 Ausschuettung(en) in 12 Monaten (quartalsweise), Summe 2.796 USD
[2026-09-30 11:41:14]   Hole Kurs fuer NUE ...
[2026-09-30 11:41:14]     -> 4 Ausschuettung(en) in 12 Monaten (quartalsweise), Summe 2.23 USD
[2026-09-30 11:41:14]   Hole Kurs fuer EPD ...
[2026-09-30 11:41:14]     -> 4 Ausschuettung(en) in 12 Monaten (quartalsweise), Summe 2.205 USD
[2026-09-30 11:41:15]   Hole Kurs fuer GD ...
[2026-09-30 11:41:15]     -> 4 Ausschuettung(en) in 12 Monaten (quartalsweise), Summe 6.18 USD
[2026-09-30 11:41:15]   Hole Kurs fuer 1833.T ...
[2026-09-30 11:41:15]     -> 2 Ausschuettung(en) in 12 Monaten (halbjaehrlich), Summe 337.0 JPY
[2026-09-30 11:41:15]     -> Hinweis: hinterlegte Verschuldung 0.8 weicht vom berechneten Wert 0.35 ab - Automatik hat Vorrang.
[2026-09-30 11:41:16]   Hole Kurs fuer IS3K.DE ...
[2026-09-30 11:41:16]     -> 4 Ausschuettung(en) in 12 Monaten (halbjaehrlich), Summe 6.238143 EUR
[2026-09-30 11:41:16]   Hole Kurs fuer DGE.L ...
[2026-09-30 11:41:16]     -> Hinweis: hinterlegte Dividende 0.825 weicht +7531% von den tatsaechlich gezahlten 62.9556 ab - Automatik hat Vorrang.
[2026-09-30 11:41:16]     -> 2 Ausschuettung(en) in 12 Monaten (halbjaehrlich), Summe 62.9556 GBp
[2026-09-30 11:41:17]   Hole Kurs fuer TRP ...
[2026-09-30 11:41:17]     -> 3 Ausschuettung(en) in 12 Monaten (quartalsweise), Summe 1.867 USD [unvollstaendig]
[2026-09-30 11:41:17]     -> Hinweis: hinterlegte Verschuldung 1.2 weicht vom berechneten Wert 1.7 ab - Automatik hat Vorrang.
[2026-09-30 11:41:17]   Hole Kurs fuer ABBV ...
[2026-09-30 11:41:17]     -> 4 Ausschuettung(en) in 12 Monaten (quartalsweise), Summe 6.83 USD
[2026-09-30 11:41:18]   Hole Kurs fuer 8395.T ...
[2026-09-30 11:41:18]     -> 2 Ausschuettung(en) in 12 Monaten (halbjaehrlich), Summe 115.0 JPY
[2026-09-30 11:41:18]     -> stockanalysis: weder Quote noch Verschuldung fuer 8395.T gefunden (Seite erreichbar, Layout evtl. geaendert)
[2026-09-30 11:41:19]   Hole Kurs fuer AFL ...
[2026-09-30 11:41:19]     -> 4 Ausschuettung(en) in 12 Monaten (quartalsweise), Summe 2.41 USD
[2026-09-30 11:41:19]   Hole Kurs fuer CS.PA ...
[2026-09-30 11:41:19]     -> 1 Ausschuettung(en) in 12 Monaten (jaehrlich), Summe 2.32 EUR
[2026-09-30 11:41:20]   Hole Kurs fuer LGEN.L ...
[2026-09-30 11:41:20]     -> 2 Ausschuettung(en) in 12 Monaten (halbjaehrlich), Summe 21.91 GBp
[2026-09-30 11:41:20]     -> Hinweis: geschaetzte Quote 150% weicht -91 Prozentpunkte vom echten Wert 59.24% ab - Automatik hat Vorrang.
[2026-09-30 11:41:20]   Hole Kurs fuer RO.SW ...
[2026-09-30 11:41:20]     -> 1 Ausschuettung(en) in 12 Monaten (jaehrlich), Summe 10.799 CHF
[2026-09-30 11:41:20]     -> stockanalysis: HTTP 404 fuer RO.SW (https://stockanalysis.com/quote/swx/RO/statistics/)
[2026-09-30 11:41:21]   Hole Kurs fuer 8960.T ...
[2026-09-30 11:41:21]     -> 2 Ausschuettung(en) in 12 Monaten (halbjaehrlich), Summe 8734.0 JPY
[2026-09-30 11:41:21]     -> Hinweis: hinterlegte Verschuldung 1.3 weicht vom berechneten Wert 0.88 ab - Automatik hat Vorrang.
[2026-09-30 11:41:22]   Hole Kurs fuer BDX ...
[2026-09-30 11:41:22]     -> 4 Ausschuettung(en) in 12 Monaten (quartalsweise), Summe 3.975472 USD
[2026-09-30 11:41:22]   Hole Kurs fuer EC ...
[2026-09-30 11:41:22]     -> 1 Ausschuettung(en) in 12 Monaten (halbjaehrlich), Summe 0.661 USD [unvollstaendig]
[2026-09-30 11:41:23]   Hole Kurs fuer ECL ...
[2026-09-30 11:41:23]     -> Hinweis: hinterlegte Dividende 2.3 weicht +27% von den tatsaechlich gezahlten 2.92 ab - Automatik hat Vorrang.
[2026-09-30 11:41:23]     -> 4 Ausschuettung(en) in 12 Monaten (quartalsweise), Summe 2.92 USD
[2026-09-30 11:41:23]   Hole Kurs fuer EDL.DE ...
[2026-09-30 11:41:23]     -> 1 Ausschuettung(en) in 12 Monaten (jaehrlich), Summe 0.3 EUR
[2026-09-30 11:41:23]     -> Hinweis: hinterlegte Verschuldung 0.8 weicht vom berechneten Wert 1.42 ab - Automatik hat Vorrang.
[2026-09-30 11:41:24]   Hole Kurs fuer GSK.L ...
[2026-09-30 11:41:24]     -> Hinweis: hinterlegte Dividende 0.63 weicht +10694% von den tatsaechlich gezahlten 68.0 ab - Automatik hat Vorrang.
[2026-09-30 11:41:24]     -> 4 Ausschuettung(en) in 12 Monaten (quartalsweise), Summe 68.0 GBp
[2026-09-30 11:41:24]   Hole Kurs fuer CL ...
[2026-09-30 11:41:24]     -> 4 Ausschuettung(en) in 12 Monaten (quartalsweise), Summe 2.1 USD
[2026-09-30 11:41:24]   Hole Kurs fuer MNG.L ...
[2026-09-30 11:41:25]     -> 2 Ausschuettung(en) in 12 Monaten (halbjaehrlich), Summe 20.599999 GBp
[2026-09-30 11:41:25]   Hole Kurs fuer ED ...
[2026-09-30 11:41:25]     -> 4 Ausschuettung(en) in 12 Monaten (quartalsweise), Summe 3.514 USD
[2026-09-30 11:41:25]   Hole Kurs fuer 0857.HK ...
[2026-09-30 11:41:26]     -> Hinweis: hinterlegte Dividende 0.35 weicht +68% von den tatsaechlich gezahlten 0.58777 ab - Automatik hat Vorrang.
[2026-09-30 11:41:26]     -> 2 Ausschuettung(en) in 12 Monaten (halbjaehrlich), Summe 0.58777 HKD
[2026-09-30 11:41:26]   Hole Kurs fuer TRN.MI ...
[2026-09-30 11:41:26]     -> 2 Ausschuettung(en) in 12 Monaten (halbjaehrlich), Summe 0.3962 EUR
[2026-09-30 11:41:26]     -> Hinweis: hinterlegte Verschuldung 1.2 weicht vom berechneten Wert 1.72 ab - Automatik hat Vorrang.
[2026-09-30 11:41:26]   Hole Kurs fuer TROW ...
[2026-09-30 11:41:27]     -> 4 Ausschuettung(en) in 12 Monaten (quartalsweise), Summe 5.17 USD
[2026-09-30 11:41:27]   Hole Kurs fuer 004990.KS ...
[2026-09-30 11:41:27]     -> 1 Ausschuettung(en) in 12 Monaten (jaehrlich), Summe 1250.0 KRW
[2026-09-30 11:41:27]   Hole Kurs fuer IBE.MC ...
[2026-09-30 11:41:28]     -> 3 Ausschuettung(en) in 12 Monaten (quartalsweise), Summe 0.685 EUR [unvollstaendig]
[2026-09-30 11:41:28]   Hole Kurs fuer DTE.DE ...
[2026-09-30 11:41:28]     -> 1 Ausschuettung(en) in 12 Monaten (jaehrlich), Summe 1.0 EUR
[2026-09-30 11:41:28]   Hole Kurs fuer O ...
[2026-09-30 11:41:29]     -> 12 Ausschuettung(en) in 12 Monaten (monatlich), Summe 3.246 USD
[2026-09-30 11:41:29]     -> Hinweis: hinterlegte Verschuldung 1.3 weicht vom berechneten Wert 0.75 ab - Automatik hat Vorrang.
[2026-09-30 11:41:29]     -> Hinweis: geschaetzte Quote 75% weicht +162 Prozentpunkte vom echten Wert 237.14% ab - Automatik hat Vorrang.
[2026-09-30 11:41:29]   Hole Kurs fuer XOM ...
[2026-09-30 11:41:29]     -> 4 Ausschuettung(en) in 12 Monaten (quartalsweise), Summe 4.12 USD
[2026-09-30 11:41:29]   Hole Kurs fuer 7240.T ...
[2026-09-30 11:41:30]     -> 2 Ausschuettung(en) in 12 Monaten (halbjaehrlich), Summe 135.0 JPY
[2026-09-30 11:41:30]   Hole Kurs fuer INCU.DE ...
[2026-09-30 11:41:30]     -> 4 Ausschuettung(en) in 12 Monaten (quartalsweise), Summe 0.355591 EUR
[2026-09-30 11:41:30]   Hole Kurs fuer WMT ...
[2026-09-30 11:41:30]     -> 4 Ausschuettung(en) in 12 Monaten (quartalsweise), Summe 0.979 USD
[2026-09-30 11:41:31]   Hole Kurs fuer HABA.DE ...
[2026-09-30 11:41:31]     -> 1 Ausschuettung(en) in 12 Monaten (jaehrlich), Summe 0.39 EUR
[2026-09-30 11:41:31]     -> Hinweis: hinterlegte Verschuldung 1.3 weicht vom berechneten Wert 1.86 ab - Automatik hat Vorrang.
[2026-09-30 11:41:31]     -> Hinweis: geschaetzte Quote 200% weicht -145 Prozentpunkte vom echten Wert 55.22% ab - Automatik hat Vorrang.
[2026-09-30 11:41:31]   Hole Kurs fuer JEQP.DE ...
[2026-09-30 11:41:31]     -> 12 Ausschuettung(en) in 12 Monaten (monatlich), Summe 2.523495 EUR
[2026-09-30 11:41:32]   Hole Kurs fuer TTE.PA ...
[2026-09-30 11:41:32]     -> 5 Ausschuettung(en) in 12 Monaten (quartalsweise), Summe 4.3 EUR
[2026-09-30 11:41:32]     -> Hinweis: hinterlegte Verschuldung 1.2 weicht vom berechneten Wert 0.48 ab - Automatik hat Vorrang.
[2026-09-30 11:41:32]     -> Hinweis: geschaetzte Quote 70.14% weicht -20 Prozentpunkte vom echten Wert 50.09% ab - Automatik hat Vorrang.
[2026-09-30 11:41:32]   Hole Kurs fuer PG ...
[2026-09-30 11:41:32]     -> 4 Ausschuettung(en) in 12 Monaten (quartalsweise), Summe 4.292 USD
[2026-09-30 11:41:33]   Hole Kurs fuer TU ...
[2026-09-30 11:41:33]     -> 3 Ausschuettung(en) in 12 Monaten (quartalsweise), Summe 0.744 USD [unvollstaendig]
[2026-09-30 11:41:33]     -> Hinweis: hinterlegte Verschuldung 0.8 weicht vom berechneten Wert 2.24 ab - Automatik hat Vorrang.
[2026-09-30 11:41:33]   Hole Kurs fuer HNR1.DE ...
[2026-09-30 11:41:33]     -> 1 Ausschuettung(en) in 12 Monaten (jaehrlich), Summe 12.5 EUR
[2026-09-30 11:41:34]   Hole Kurs fuer DOW ...
[2026-09-30 11:41:34]     -> 4 Ausschuettung(en) in 12 Monaten (quartalsweise), Summe 1.4 USD
[2026-09-30 11:41:34]     -> Hinweis: hinterlegte Verschuldung 0.8 weicht vom berechneten Wert 1.12 ab - Automatik hat Vorrang.
[2026-09-30 11:41:34]   Hole Kurs fuer ENGI.PA ...
[2026-09-30 11:41:34]     -> 1 Ausschuettung(en) in 12 Monaten (jaehrlich), Summe 1.35 EUR
[2026-09-30 11:41:35]   Hole Kurs fuer FRT ...
[2026-09-30 11:41:35]     -> 4 Ausschuettung(en) in 12 Monaten (quartalsweise), Summe 4.52 USD
[2026-09-30 11:41:35]   Hole Kurs fuer UEFS.DE ...
[2026-09-30 11:41:35]     -> 2 Ausschuettung(en) in 12 Monaten (halbjaehrlich), Summe 0.536458 EUR
[2026-09-30 11:41:35]   Hole Kurs fuer KIM ...
[2026-09-30 11:41:35]     -> 4 Ausschuettung(en) in 12 Monaten (quartalsweise), Summe 1.06 USD
[2026-09-30 11:41:35]     -> Hinweis: hinterlegte Verschuldung 1.3 weicht vom berechneten Wert 0.85 ab - Automatik hat Vorrang.
[2026-09-30 11:41:36]   Hole Kurs fuer WSU.DE ...
[2026-09-30 11:41:36]     -> 1 Ausschuettung(en) in 12 Monaten (jaehrlich), Summe 2.5 EUR
[2026-09-30 11:41:36]     -> Hinweis: hinterlegte Verschuldung 0.8 weicht vom berechneten Wert 1.59 ab - Automatik hat Vorrang.
[2026-09-30 11:41:36]   Hole Kurs fuer IMB.L ...
[2026-09-30 11:41:36]     -> Hinweis: hinterlegte Dividende 1.6 weicht +10120% von den tatsaechlich gezahlten 163.519996 ab - Automatik hat Vorrang.
[2026-09-30 11:41:36]     -> 4 Ausschuettung(en) in 12 Monaten (quartalsweise), Summe 163.519996 GBp
[2026-09-30 11:41:36] Anreicherung (News/Analysten-Grades) fuer 30 Top-Kandidaten + Depot (von 116 qualifizierten) ...
[2026-09-30 11:41:36]   FMP-Fehler (HTTP 402) bei news/stock: b'Restricted Endpoint: This endpoint is not available under your current subscription please visit our subscription page to upgrade your plan at https:/'
[2026-09-30 11:41:37]   Finnhub (News)-Fehler (HTTP 403) bei company-news: b'{"error":"You don\'t have access to this resource."}'
[2026-09-30 11:41:37]   FMP-Fehler (HTTP 402) bei grades: b"Premium Query Parameter: 'Special Endpoint : This value set for 'symbol' is not available under your current subscription please visit our subscriptio"
[2026-09-30 11:41:37]   Finnhub (Empfehlungen)-Fehler (HTTP 403) bei stock/recommendation: b'{"error":"You don\'t have access to this resource."}'
[2026-09-30 11:41:37]   FMP-Fehler (HTTP 402) bei news/stock: b'Restricted Endpoint: This endpoint is not available under your current subscription please visit our subscription page to upgrade your plan at https:/'
[2026-09-30 11:41:37]   Finnhub (News)-Fehler (HTTP 403) bei company-news: b'{"error":"You don\'t have access to this resource."}'
[2026-09-30 11:41:38]   FMP-Fehler (HTTP 402) bei grades: b"Premium Query Parameter: 'Special Endpoint : This value set for 'symbol' is not available under your current subscription please visit our subscriptio"
[2026-09-30 11:41:38]   Finnhub (Empfehlungen)-Fehler (HTTP 403) bei stock/recommendation: b'{"error":"You don\'t have access to this resource."}'
[2026-09-30 11:41:38]   FMP-Fehler (HTTP 402) bei news/stock: b'Restricted Endpoint: This endpoint is not available under your current subscription please visit our subscription page to upgrade your plan at https:/'
[2026-09-30 11:41:38]   Finnhub (News)-Fehler (HTTP 403) bei company-news: b'{"error":"You don\'t have access to this resource."}'
[2026-09-30 11:41:38]   FMP-Fehler (HTTP 402) bei grades: b"Premium Query Parameter: 'Special Endpoint : This value set for 'symbol' is not available under your current subscription please visit our subscriptio"
[2026-09-30 11:41:38]   Finnhub (Empfehlungen)-Fehler (HTTP 403) bei stock/recommendation: b'{"error":"You don\'t have access to this resource."}'
[2026-09-30 11:41:39]   FMP-Fehler (HTTP 402) bei news/stock: b'Restricted Endpoint: This endpoint is not available under your current subscription please visit our subscription page to upgrade your plan at https:/'
[2026-09-30 11:41:39]   Finnhub (News)-Fehler (HTTP 403) bei company-news: b'{"error":"You don\'t have access to this resource."}'
[2026-09-30 11:41:39]   FMP-Fehler (HTTP 402) bei grades: b"Premium Query Parameter: 'Special Endpoint : This value set for 'symbol' is not available under your current subscription please visit our subscriptio"
[2026-09-30 11:41:39]   Finnhub (Empfehlungen)-Fehler (HTTP 403) bei stock/recommendation: b'{"error":"You don\'t have access to this resource."}'
[2026-09-30 11:41:39]   FMP-Fehler (HTTP 402) bei news/stock: b'Restricted Endpoint: This endpoint is not available under your current subscription please visit our subscription page to upgrade your plan at https:/'
[2026-09-30 11:41:40]   Finnhub (News)-Fehler (HTTP 403) bei company-news: b'{"error":"You don\'t have access to this resource."}'
[2026-09-30 11:41:40]   FMP-Fehler (HTTP 402) bei grades: b"Premium Query Parameter: 'Special Endpoint : This value set for 'symbol' is not available under your current subscription please visit our subscriptio"
[2026-09-30 11:41:40]   Finnhub (Empfehlungen)-Fehler (HTTP 403) bei stock/recommendation: b'{"error":"You don\'t have access to this resource."}'
[2026-09-30 11:41:40]   FMP-Fehler (HTTP 402) bei news/stock: b'Restricted Endpoint: This endpoint is not available under your current subscription please visit our subscription page to upgrade your plan at https:/'
[2026-09-30 11:41:40]   Finnhub (News)-Fehler (HTTP 403) bei company-news: b'{"error":"You don\'t have access to this resource."}'
[2026-09-30 11:41:41]   FMP-Fehler (HTTP 402) bei grades: b"Premium Query Parameter: 'Special Endpoint : This value set for 'symbol' is not available under your current subscription please visit our subscriptio"
[2026-09-30 11:41:41]   Finnhub (Empfehlungen)-Fehler (HTTP 403) bei stock/recommendation: b'{"error":"You don\'t have access to this resource."}'
[2026-09-30 11:41:41]   FMP-Fehler (HTTP 402) bei news/stock: b'Restricted Endpoint: This endpoint is not available under your current subscription please visit our subscription page to upgrade your plan at https:/'
[2026-09-30 11:41:41]   Finnhub (News)-Fehler (HTTP 403) bei company-news: b'{"error":"You don\'t have access to this resource."}'
[2026-09-30 11:41:41]   FMP-Fehler (HTTP 402) bei grades: b"Premium Query Parameter: 'Special Endpoint : This value set for 'symbol' is not available under your current subscription please visit our subscriptio"
[2026-09-30 11:41:42]   Finnhub (Empfehlungen)-Fehler (HTTP 403) bei stock/recommendation: b'{"error":"You don\'t have access to this resource."}'
[2026-09-30 11:41:42]   FMP-Fehler (HTTP 402) bei news/stock: b'Restricted Endpoint: This endpoint is not available under your current subscription please visit our subscription page to upgrade your plan at https:/'
[2026-09-30 11:41:42]   Finnhub (News)-Fehler (HTTP 403) bei company-news: b'{"error":"You don\'t have access to this resource."}'
[2026-09-30 11:41:42]   FMP-Fehler (HTTP 402) bei grades: b"Premium Query Parameter: 'Special Endpoint : This value set for 'symbol' is not available under your current subscription please visit our subscriptio"
[2026-09-30 11:41:42]   Finnhub (Empfehlungen)-Fehler (HTTP 403) bei stock/recommendation: b'{"error":"You don\'t have access to this resource."}'
[2026-09-30 11:41:43]   FMP-Fehler (HTTP 402) bei news/stock: b'Restricted Endpoint: This endpoint is not available under your current subscription please visit our subscription page to upgrade your plan at https:/'
[2026-09-30 11:41:43]   Finnhub (News)-Fehler (HTTP 403) bei company-news: b'{"error":"You don\'t have access to this resource."}'
[2026-09-30 11:41:43]   FMP-Fehler (HTTP 402) bei grades: b"Premium Query Parameter: 'Special Endpoint : This value set for 'symbol' is not available under your current subscription please visit our subscriptio"
[2026-09-30 11:41:43]   Finnhub (Empfehlungen)-Fehler (HTTP 403) bei stock/recommendation: b'{"error":"You don\'t have access to this resource."}'
[2026-09-30 11:41:43]   FMP-Fehler (HTTP 402) bei news/stock: b'Restricted Endpoint: This endpoint is not available under your current subscription please visit our subscription page to upgrade your plan at https:/'
[2026-09-30 11:41:43]   Finnhub (News)-Fehler (HTTP 403) bei company-news: b'{"error":"You don\'t have access to this resource."}'
[2026-09-30 11:41:44]   FMP-Fehler (HTTP 402) bei grades: b"Premium Query Parameter: 'Special Endpoint : This value set for 'symbol' is not available under your current subscription please visit our subscriptio"
[2026-09-30 11:41:44]   Finnhub (Empfehlungen)-Fehler (HTTP 403) bei stock/recommendation: b'{"error":"You don\'t have access to this resource."}'
[2026-09-30 11:41:44]   FMP-Fehler (HTTP 402) bei news/stock: b'Restricted Endpoint: This endpoint is not available under your current subscription please visit our subscription page to upgrade your plan at https:/'
[2026-09-30 11:41:44]   Finnhub (News)-Fehler (HTTP 403) bei company-news: b'{"error":"You don\'t have access to this resource."}'
[2026-09-30 11:41:44]   FMP-Fehler (HTTP 402) bei grades: b"Premium Query Parameter: 'Special Endpoint : This value set for 'symbol' is not available under your current subscription please visit our subscriptio"
[2026-09-30 11:41:44]   Finnhub (Empfehlungen)-Fehler (HTTP 403) bei stock/recommendation: b'{"error":"You don\'t have access to this resource."}'
[2026-09-30 11:41:45]   FMP-Fehler (HTTP 402) bei news/stock: b'Restricted Endpoint: This endpoint is not available under your current subscription please visit our subscription page to upgrade your plan at https:/'
[2026-09-30 11:41:45]     -> News via Finnhub ergaenzt
[2026-09-30 11:41:45]   FMP-Fehler (HTTP 402) bei grades: b"Premium Query Parameter: 'Special Endpoint : This value set for 'symbol' is not available under your current subscription please visit our subscriptio"
[2026-09-30 11:41:45]     -> Analysten-Konsens via Finnhub ergaenzt
[2026-09-30 11:41:45]   FMP-Fehler (HTTP 402) bei news/stock: b'Restricted Endpoint: This endpoint is not available under your current subscription please visit our subscription page to upgrade your plan at https:/'
[2026-09-30 11:41:45]   Finnhub (News)-Fehler (HTTP 403) bei company-news: b'{"error":"You don\'t have access to this resource."}'
[2026-09-30 11:41:46]   FMP-Fehler (HTTP 402) bei grades: b"Premium Query Parameter: 'Special Endpoint : This value set for 'symbol' is not available under your current subscription please visit our subscriptio"
[2026-09-30 11:41:46]   Finnhub (Empfehlungen)-Fehler (HTTP 403) bei stock/recommendation: b'{"error":"You don\'t have access to this resource."}'
[2026-09-30 11:41:46]   FMP-Fehler (HTTP 402) bei news/stock: b'Restricted Endpoint: This endpoint is not available under your current subscription please visit our subscription page to upgrade your plan at https:/'
[2026-09-30 11:41:46]   Finnhub (News)-Fehler (HTTP 403) bei company-news: b'{"error":"You don\'t have access to this resource."}'
[2026-09-30 11:41:46]   FMP-Fehler (HTTP 402) bei grades: b"Premium Query Parameter: 'Special Endpoint : This value set for 'symbol' is not available under your current subscription please visit our subscriptio"
[2026-09-30 11:41:46]   Finnhub (Empfehlungen)-Fehler (HTTP 403) bei stock/recommendation: b'{"error":"You don\'t have access to this resource."}'
[2026-09-30 11:41:47]   FMP-Fehler (HTTP 402) bei news/stock: b'Restricted Endpoint: This endpoint is not available under your current subscription please visit our subscription page to upgrade your plan at https:/'
[2026-09-30 11:41:47]   Finnhub (News)-Fehler (HTTP 403) bei company-news: b'{"error":"You don\'t have access to this resource."}'
[2026-09-30 11:41:47]   FMP-Fehler (HTTP 402) bei grades: b"Premium Query Parameter: 'Special Endpoint : This value set for 'symbol' is not available under your current subscription please visit our subscriptio"
[2026-09-30 11:41:47]   Finnhub (Empfehlungen)-Fehler (HTTP 403) bei stock/recommendation: b'{"error":"You don\'t have access to this resource."}'
[2026-09-30 11:41:48]   FMP-Fehler (HTTP 402) bei news/stock: b'Restricted Endpoint: This endpoint is not available under your current subscription please visit our subscription page to upgrade your plan at https:/'
[2026-09-30 11:41:48]   Finnhub (News)-Fehler (HTTP 403) bei company-news: b'{"error":"You don\'t have access to this resource."}'
[2026-09-30 11:41:48]   FMP-Fehler (HTTP 402) bei grades: b"Premium Query Parameter: 'Special Endpoint : This value set for 'symbol' is not available under your current subscription please visit our subscriptio"
[2026-09-30 11:41:48]   Finnhub (Empfehlungen)-Fehler (HTTP 403) bei stock/recommendation: b'{"error":"You don\'t have access to this resource."}'
[2026-09-30 11:41:48]   FMP-Fehler (HTTP 402) bei news/stock: b'Restricted Endpoint: This endpoint is not available under your current subscription please visit our subscription page to upgrade your plan at https:/'
[2026-09-30 11:41:48]     -> News via Finnhub ergaenzt
[2026-09-30 11:41:48]   FMP-Fehler (HTTP 402) bei grades: b"Premium Query Parameter: 'Special Endpoint : This value set for 'symbol' is not available under your current subscription please visit our subscriptio"
[2026-09-30 11:41:49]     -> Analysten-Konsens via Finnhub ergaenzt
[2026-09-30 11:41:49]   FMP-Fehler (HTTP 402) bei news/stock: b'Restricted Endpoint: This endpoint is not available under your current subscription please visit our subscription page to upgrade your plan at https:/'
[2026-09-30 11:41:49]   Finnhub (News)-Fehler (HTTP 403) bei company-news: b'{"error":"You don\'t have access to this resource."}'
[2026-09-30 11:41:49]   FMP-Fehler (HTTP 402) bei grades: b"Premium Query Parameter: 'Special Endpoint : This value set for 'symbol' is not available under your current subscription please visit our subscriptio"
[2026-09-30 11:41:49]   Finnhub (Empfehlungen)-Fehler (HTTP 403) bei stock/recommendation: b'{"error":"You don\'t have access to this resource."}'
[2026-09-30 11:41:50]   FMP-Fehler (HTTP 402) bei news/stock: b'Restricted Endpoint: This endpoint is not available under your current subscription please visit our subscription page to upgrade your plan at https:/'
[2026-09-30 11:41:50]     -> News via Finnhub ergaenzt
[2026-09-30 11:41:50]   FMP-Fehler (HTTP 402) bei grades: b"Premium Query Parameter: 'Special Endpoint : This value set for 'symbol' is not available under your current subscription please visit our subscriptio"
[2026-09-30 11:41:50]     -> Analysten-Konsens via Finnhub ergaenzt
[2026-09-30 11:41:50]   FMP-Fehler (HTTP 402) bei news/stock: b'Restricted Endpoint: This endpoint is not available under your current subscription please visit our subscription page to upgrade your plan at https:/'
[2026-09-30 11:41:50]   Finnhub (News)-Fehler (HTTP 403) bei company-news: b'{"error":"You don\'t have access to this resource."}'
[2026-09-30 11:41:51]   FMP-Fehler (HTTP 402) bei grades: b"Premium Query Parameter: 'Special Endpoint : This value set for 'symbol' is not available under your current subscription please visit our subscriptio"
[2026-09-30 11:41:51]   Finnhub (Empfehlungen)-Fehler (HTTP 403) bei stock/recommendation: b'{"error":"You don\'t have access to this resource."}'
[2026-09-30 11:41:51]   FMP-Fehler (HTTP 402) bei news/stock: b'Restricted Endpoint: This endpoint is not available under your current subscription please visit our subscription page to upgrade your plan at https:/'
[2026-09-30 11:41:51]   Finnhub (News)-Fehler (HTTP 403) bei company-news: b'{"error":"You don\'t have access to this resource."}'
[2026-09-30 11:41:51]   FMP-Fehler (HTTP 402) bei grades: b"Premium Query Parameter: 'Special Endpoint : This value set for 'symbol' is not available under your current subscription please visit our subscriptio"
[2026-09-30 11:41:51]   Finnhub (Empfehlungen)-Fehler (HTTP 403) bei stock/recommendation: b'{"error":"You don\'t have access to this resource."}'
[2026-09-30 11:41:52]   FMP-Fehler (HTTP 402) bei news/stock: b'Restricted Endpoint: This endpoint is not available under your current subscription please visit our subscription page to upgrade your plan at https:/'
[2026-09-30 11:41:52]   Finnhub (News)-Fehler (HTTP 403) bei company-news: b'{"error":"You don\'t have access to this resource."}'
[2026-09-30 11:41:52]   FMP-Fehler (HTTP 402) bei grades: b"Premium Query Parameter: 'Special Endpoint : This value set for 'symbol' is not available under your current subscription please visit our subscriptio"
[2026-09-30 11:41:52]   Finnhub (Empfehlungen)-Fehler (HTTP 403) bei stock/recommendation: b'{"error":"You don\'t have access to this resource."}'
[2026-09-30 11:41:52]   FMP-Fehler (HTTP 402) bei news/stock: b'Restricted Endpoint: This endpoint is not available under your current subscription please visit our subscription page to upgrade your plan at https:/'
[2026-09-30 11:41:53]   Finnhub (News)-Fehler (HTTP 403) bei company-news: b'{"error":"You don\'t have access to this resource."}'
[2026-09-30 11:41:53]   FMP-Fehler (HTTP 402) bei grades: b"Premium Query Parameter: 'Special Endpoint : This value set for 'symbol' is not available under your current subscription please visit our subscriptio"
[2026-09-30 11:41:53]   Finnhub (Empfehlungen)-Fehler (HTTP 403) bei stock/recommendation: b'{"error":"You don\'t have access to this resource."}'
[2026-09-30 11:41:53]   FMP-Fehler (HTTP 402) bei news/stock: b'Restricted Endpoint: This endpoint is not available under your current subscription please visit our subscription page to upgrade your plan at https:/'
[2026-09-30 11:41:53]     -> News via Finnhub ergaenzt
[2026-09-30 11:41:53]   FMP-Fehler (HTTP 402) bei grades: b"Premium Query Parameter: 'Special Endpoint : This value set for 'symbol' is not available under your current subscription please visit our subscriptio"
[2026-09-30 11:41:53]     -> Analysten-Konsens via Finnhub ergaenzt
[2026-09-30 11:41:54]   FMP-Fehler (HTTP 402) bei news/stock: b'Restricted Endpoint: This endpoint is not available under your current subscription please visit our subscription page to upgrade your plan at https:/'
[2026-09-30 11:41:54]   Finnhub (News)-Fehler (HTTP 403) bei company-news: b'{"error":"You don\'t have access to this resource."}'
[2026-09-30 11:41:54]   FMP-Fehler (HTTP 402) bei grades: b"Premium Query Parameter: 'Special Endpoint : This value set for 'symbol' is not available under your current subscription please visit our subscriptio"
[2026-09-30 11:41:54]   Finnhub (Empfehlungen)-Fehler (HTTP 403) bei stock/recommendation: b'{"error":"You don\'t have access to this resource."}'
[2026-09-30 11:41:54]   FMP-Fehler (HTTP 402) bei news/stock: b'Restricted Endpoint: This endpoint is not available under your current subscription please visit our subscription page to upgrade your plan at https:/'
[2026-09-30 11:41:55]   Finnhub (News)-Fehler (HTTP 403) bei company-news: b'{"error":"You don\'t have access to this resource."}'
[2026-09-30 11:41:55]   FMP-Fehler (HTTP 402) bei grades: b"Premium Query Parameter: 'Special Endpoint : This value set for 'symbol' is not available under your current subscription please visit our subscriptio"
[2026-09-30 11:41:55]   Finnhub (Empfehlungen)-Fehler (HTTP 403) bei stock/recommendation: b'{"error":"You don\'t have access to this resource."}'
[2026-09-30 11:41:55]   FMP-Fehler (HTTP 402) bei news/stock: b'Restricted Endpoint: This endpoint is not available under your current subscription please visit our subscription page to upgrade your plan at https:/'
[2026-09-30 11:41:55]     -> News via Finnhub ergaenzt
[2026-09-30 11:41:55]   FMP-Fehler (HTTP 402) bei grades: b"Premium Query Parameter: 'Special Endpoint : This value set for 'symbol' is not available under your current subscription please visit our subscriptio"
[2026-09-30 11:41:56]     -> Analysten-Konsens via Finnhub ergaenzt
[2026-09-30 11:41:56]   FMP-Fehler (HTTP 402) bei news/stock: b'Restricted Endpoint: This endpoint is not available under your current subscription please visit our subscription page to upgrade your plan at https:/'
[2026-09-30 11:41:56]   Finnhub (News)-Fehler (HTTP 403) bei company-news: b'{"error":"You don\'t have access to this resource."}'
[2026-09-30 11:41:56]   FMP-Fehler (HTTP 402) bei grades: b"Premium Query Parameter: 'Special Endpoint : This value set for 'symbol' is not available under your current subscription please visit our subscriptio"
[2026-09-30 11:41:56]   Finnhub (Empfehlungen)-Fehler (HTTP 403) bei stock/recommendation: b'{"error":"You don\'t have access to this resource."}'
[2026-09-30 11:41:57]   FMP-Fehler (HTTP 402) bei news/stock: b'Restricted Endpoint: This endpoint is not available under your current subscription please visit our subscription page to upgrade your plan at https:/'
[2026-09-30 11:41:57]   Finnhub (News)-Fehler (HTTP 403) bei company-news: b'{"error":"You don\'t have access to this resource."}'
[2026-09-30 11:41:57]   FMP-Fehler (HTTP 402) bei grades: b"Premium Query Parameter: 'Special Endpoint : This value set for 'symbol' is not available under your current subscription please visit our subscriptio"
[2026-09-30 11:41:57]   Finnhub (Empfehlungen)-Fehler (HTTP 403) bei stock/recommendation: b'{"error":"You don\'t have access to this resource."}'
[2026-09-30 11:41:57]   FMP-Fehler (HTTP 402) bei news/stock: b'Restricted Endpoint: This endpoint is not available under your current subscription please visit our subscription page to upgrade your plan at https:/'
[2026-09-30 11:41:57]   Finnhub (News)-Fehler (HTTP 403) bei company-news: b'{"error":"You don\'t have access to this resource."}'
[2026-09-30 11:41:58]   FMP-Fehler (HTTP 402) bei grades: b"Premium Query Parameter: 'Special Endpoint : This value set for 'symbol' is not available under your current subscription please visit our subscriptio"
[2026-09-30 11:41:58]   Finnhub (Empfehlungen)-Fehler (HTTP 403) bei stock/recommendation: b'{"error":"You don\'t have access to this resource."}'
[2026-09-30 11:41:58] Alle Titel ohne Fehler verarbeitet.
[2026-09-30 11:41:58] Fertig. Bericht aktualisiert: /home/runner/work/dividendenatlas/dividendenatlas/dividendenatlas.html
[2026-10-01 12:08:46] my_depot.json existierte nicht - Beispiel-Datei angelegt unter /home/runner/work/dividendenatlas/dividendenatlas/my_depot.json
[2026-10-01 12:08:46] Hole Kurse fuer 221 Ticker (0 im Depot, 221 in stammdaten.json) ...
[2026-10-01 12:08:46]   Live-Wechselkurse geholt: {'EUR': 1.0, 'USD': 0.880669, 'GBP': 1.170097, 'CHF': 1.055075, 'JPY': 0.005609, 'HKD': 0.11224, 'SGD': 0.689513, 'KRW': 0.00065, 'BRL': 0.169271}
[2026-10-01 12:08:46] Kennzahlen auffrischen: 37 Titel ueber stockanalysis (Ausschuettungsquote + Verschuldung, ein Abruf je Titel).
[2026-10-01 12:08:46] Davon 32 ETFs - fuer 1 werden Kostenquote, Fondsgroesse, Sektor- und Laendergewichte geholt.
[2026-10-01 12:08:46] Analysteneinstufungen auffrischen: 189 Titel (Konsens, Kursziel und die 12-Monats-Historie).
[2026-10-01 12:08:46]   Hole Kurs fuer MUV2.DE ...
[2026-10-01 12:08:46]     -> 1 Ausschuettung(en) in 12 Monaten (jaehrlich), Summe 24.0 EUR
[2026-10-01 12:08:47]     -> Analysten: Hold aus 17 Einstufungen, Kursziel 10.64%, 12 Monate Historie
[2026-10-01 12:08:49]     -> Ausschuettungsquote 44.7% via Leeway
[2026-10-01 12:08:49]     -> isin, market_cap, payout_ratio_pct via Leeway.tech ergaenzt
[2026-10-01 12:08:49]   Hole Kurs fuer LEI.DE ...
[2026-10-01 12:08:49]     -> 1 Ausschuettung(en) in 12 Monaten (jaehrlich), Summe 1.2 EUR
[2026-10-01 12:08:49]     -> Analysten: Strong Buy aus 3 Einstufungen, Kursziel 54.61%, 12 Monate Historie
[2026-10-01 12:08:51]     -> Ausschuettungsquote 2.1% via Leeway
[2026-10-01 12:08:51]     -> isin, market_cap, payout_ratio_pct via Leeway.tech ergaenzt
[2026-10-01 12:08:51]   Hole Kurs fuer SJM ...
[2026-10-01 12:08:52]     -> 4 Ausschuettung(en) in 12 Monaten (quartalsweise), Summe 4.42 USD
[2026-10-01 12:08:52]     -> Analysten: Buy aus 19 Einstufungen, Kursziel 19.53%, 12 Monate Historie
[2026-10-01 12:08:53]   Hole Kurs fuer UEFS.DE ...
[2026-10-01 12:08:53]     -> 2 Ausschuettung(en) in 12 Monaten (halbjaehrlich), Summe 0.536458 EUR
[2026-10-01 12:08:53]   Leeway: keine Ausschuettungsquote fuer UEFS.XETRA (vorhandene Abschnitte: ETF_Data, General, Technicals)
[2026-10-01 12:08:54]   Hole Kurs fuer BMW.DE ...
[2026-10-01 12:08:54]     -> 1 Ausschuettung(en) in 12 Monaten (jaehrlich), Summe 4.4 EUR
[2026-10-01 12:08:54]     -> Analysten: Buy aus 22 Einstufungen, Kursziel 31.69%, 12 Monate Historie
[2026-10-01 12:08:55]     -> Hinweis: hinterlegte Verschuldung 0.8 weicht vom berechneten Wert 1.2 ab - Automatik hat Vorrang.
[2026-10-01 12:08:55]   Hole Kurs fuer EVK.DE ...
[2026-10-01 12:08:55]     -> 1 Ausschuettung(en) in 12 Monaten (jaehrlich), Summe 1.0 EUR
[2026-10-01 12:08:55]     -> Analysten: Hold aus 13 Einstufungen, Kursziel -11.87%, 12 Monate Historie
[2026-10-01 12:08:56]     -> Hinweis: geschaetzte Quote 180% weicht +205 Prozentpunkte vom echten Wert 385.12% ab - Automatik hat Vorrang.
[2026-10-01 12:08:56]   Hole Kurs fuer ET ...
[2026-10-01 12:08:56]     -> 4 Ausschuettung(en) in 12 Monaten (quartalsweise), Summe 1.346 USD
[2026-10-01 12:08:56]     -> Analysten: Strong Buy aus 21 Einstufungen, Kursziel 24.94%, 12 Monate Historie
[2026-10-01 12:08:57]     -> Hinweis: geschaetzte Quote 60% weicht +32 Prozentpunkte vom echten Wert 92.11% ab - Automatik hat Vorrang.
[2026-10-01 12:08:57]   Hole Kurs fuer ENEL.MI ...
[2026-10-01 12:08:57]     -> 2 Ausschuettung(en) in 12 Monaten (halbjaehrlich), Summe 0.49 EUR
[2026-10-01 12:08:57]     -> Analysten: Buy aus 23 Einstufungen, Kursziel 17.24%, 12 Monate Historie
[2026-10-01 12:08:58]   Leeway.tech-Fehler (HTTP 404) bei fundamentals/ENEL.XMIL: b'{"msg":"Fundamentals for code and exchange not found"}'
[2026-10-01 12:08:58]   Leeway lieferte keine verwertbare Antwort fuer ENEL.XMIL
[2026-10-01 12:08:59]   Hole Kurs fuer 5938.T ...
[2026-10-01 12:08:59]     -> 2 Ausschuettung(en) in 12 Monaten (halbjaehrlich), Summe 90.0 JPY
[2026-10-01 12:08:59]     -> Analysten: Hold aus 8 Einstufungen, Kursziel 11.38%, 12 Monate Historie
[2026-10-01 12:09:00]   Leeway.tech-Fehler (HTTP 404) bei fundamentals/5938.XTKS: b'{"msg":"Fundamentals for code and exchange not found"}'
[2026-10-01 12:09:00]   Leeway lieferte keine verwertbare Antwort fuer 5938.XTKS
[2026-10-01 12:09:00]     -> Hinweis: geschaetzte Quote 35% weicht +432 Prozentpunkte vom echten Wert 466.55% ab - Automatik hat Vorrang.
[2026-10-01 12:09:01]   Hole Kurs fuer LEG.DE ...
[2026-10-01 12:09:01]     -> 1 Ausschuettung(en) in 12 Monaten (jaehrlich), Summe 2.92 EUR
[2026-10-01 12:09:01]     -> Analysten: Buy aus 15 Einstufungen, Kursziel 56.45%, 12 Monate Historie
[2026-10-01 12:09:02]   Hole Kurs fuer MUX.DE ...
[2026-10-01 12:09:02]     -> 1 Ausschuettung(en) in 12 Monaten (jaehrlich), Summe 2.0 EUR
[2026-10-01 12:09:02]     -> Analysten: Strong Buy aus 3 Einstufungen, Kursziel 84.29%, 12 Monate Historie
[2026-10-01 12:09:04]     -> Ausschuettungsquote 122.8% via Leeway
[2026-10-01 12:09:04]     -> isin, market_cap via Leeway.tech ergaenzt
[2026-10-01 12:09:04]     -> Hinweis: geschaetzte Quote 40% weicht +83 Prozentpunkte vom echten Wert 122.8% ab - Automatik hat Vorrang.
[2026-10-01 12:09:04]   Hole Kurs fuer UIMB.DE ...
[2026-10-01 12:09:04]     -> 2 Ausschuettung(en) in 12 Monaten (halbjaehrlich), Summe 0.577284 EUR
[2026-10-01 12:09:05]   Leeway: keine Ausschuettungsquote fuer UIMB.XETRA (vorhandene Abschnitte: ETF_Data, General, Technicals)
[2026-10-01 12:09:05]   Hole Kurs fuer OHI ...
[2026-10-01 12:09:06]     -> 4 Ausschuettung(en) in 12 Monaten (quartalsweise), Summe 2.69 USD
[2026-10-01 12:09:06]     -> Analysten: Buy aus 20 Einstufungen, Kursziel 12.05%, 12 Monate Historie
[2026-10-01 12:09:06]     -> Hinweis: hinterlegte Verschuldung 1.3 weicht vom berechneten Wert 0.71 ab - Automatik hat Vorrang.
[2026-10-01 12:09:06]   Hole Kurs fuer OKE ...
[2026-10-01 12:09:07]     -> 4 Ausschuettung(en) in 12 Monaten (quartalsweise), Summe 4.24 USD
[2026-10-01 12:09:07]     -> Analysten: Buy aus 22 Einstufungen, Kursziel 19.03%, 12 Monate Historie
[2026-10-01 12:09:08]   Hole Kurs fuer TGT ...
[2026-10-01 12:09:08]     -> 4 Ausschuettung(en) in 12 Monaten (quartalsweise), Summe 4.58 USD
[2026-10-01 12:09:08]     -> Analysten: Hold aus 38 Einstufungen, Kursziel 3.87%, 12 Monate Historie
[2026-10-01 12:09:09]   Hole Kurs fuer SYBY.DE ...
[2026-10-01 12:09:09]     -> 2 Ausschuettung(en) in 12 Monaten (halbjaehrlich), Summe 1.447219 EUR
[2026-10-01 12:09:09]   Leeway.tech-Fehler (HTTP 429) bei fundamentals/SYBY.XETRA: b'Your limit of 50 requests per day has been reached.'
[2026-10-01 12:09:09]   Leeway lieferte keine verwertbare Antwort fuer SYBY.XETRA
[2026-10-01 12:09:10]   Hole Kurs fuer 11ZN.MU ...
[2026-10-01 12:09:10]     -> 11 Ausschuettung(en) in 12 Monaten (monatlich), Summe 1.387772 EUR [unvollstaendig]
[2026-10-01 12:09:10]     -> keine stockanalysis-Adresse fuer ETF 11ZN.MU
[2026-10-01 12:09:10]   Hole Kurs fuer HABA.DE ...
[2026-10-01 12:09:10]     -> 1 Ausschuettung(en) in 12 Monaten (jaehrlich), Summe 0.39 EUR
[2026-10-01 12:09:10]     -> Analysten: Strong Buy aus 5 Einstufungen, Kursziel 94.52%, 12 Monate Historie
[2026-10-01 12:09:11]   Leeway.tech-Fehler (HTTP 429) bei fundamentals/HABA.XETRA: b'Your limit of 50 requests per day has been reached.'
[2026-10-01 12:09:11]   Leeway lieferte keine verwertbare Antwort fuer HABA.XETRA
[2026-10-01 12:09:11]     -> Hinweis: hinterlegte Verschuldung 1.3 weicht vom berechneten Wert 1.86 ab - Automatik hat Vorrang.
[2026-10-01 12:09:11]     -> Hinweis: geschaetzte Quote 200% weicht -145 Prozentpunkte vom echten Wert 55.22% ab - Automatik hat Vorrang.
[2026-10-01 12:09:11]   Hole Kurs fuer CAT ...
[2026-10-01 12:09:12]     -> 4 Ausschuettung(en) in 12 Monaten (quartalsweise), Summe 6.16 USD
[2026-10-01 12:09:12]     -> Analysten: Buy aus 28 Einstufungen, Kursziel 20.33%, 12 Monate Historie
[2026-10-01 12:09:13]   Hole Kurs fuer CCI ...
[2026-10-01 12:09:13]     -> 4 Ausschuettung(en) in 12 Monaten (quartalsweise), Summe 4.252 USD
[2026-10-01 12:09:13]     -> Analysten: Buy aus 22 Einstufungen, Kursziel 41.56%, 12 Monate Historie
[2026-10-01 12:09:14]   Hole Kurs fuer NG.L ...
[2026-10-01 12:09:14]     -> Hinweis: hinterlegte Dividende 0.52 weicht +9225% von den tatsaechlich gezahlten 48.49 ab - Automatik hat Vorrang.
[2026-10-01 12:09:14]     -> 2 Ausschuettung(en) in 12 Monaten (halbjaehrlich), Summe 48.49 GBp
[2026-10-01 12:09:14]     -> Analysten: Buy aus 16 Einstufungen, Kursziel 17.96%, 12 Monate Historie
[2026-10-01 12:09:15]   Leeway.tech-Fehler (HTTP 429) bei fundamentals/NG.XLON: b'Your limit of 50 requests per day has been reached.'
[2026-10-01 12:09:15]   Leeway lieferte keine verwertbare Antwort fuer NG.XLON
[2026-10-01 12:09:15]   Hole Kurs fuer PPG ...
[2026-10-01 12:09:15]     -> 4 Ausschuettung(en) in 12 Monaten (quartalsweise), Summe 2.87 USD
[2026-10-01 12:09:16]     -> Analysten: Buy aus 24 Einstufungen, Kursziel 21.05%, 12 Monate Historie
[2026-10-01 12:09:16]   Hole Kurs fuer SRG.MI ...
[2026-10-01 12:09:17]     -> 2 Ausschuettung(en) in 12 Monaten (halbjaehrlich), Summe 0.3021 EUR
[2026-10-01 12:09:17]     -> Analysten: Hold aus 20 Einstufungen, Kursziel 16.77%, 12 Monate Historie
[2026-10-01 12:09:18]   Leeway.tech-Fehler (HTTP 429) bei fundamentals/SRG.XMIL: b'Your limit of 50 requests per day has been reached.'
[2026-10-01 12:09:18]   Leeway lieferte keine verwertbare Antwort fuer SRG.XMIL
[2026-10-01 12:09:18]     -> Hinweis: hinterlegte Verschuldung 1.2 weicht vom berechneten Wert 2.34 ab - Automatik hat Vorrang.
[2026-10-01 12:09:18]   Hole Kurs fuer BAS.DE ...
[2026-10-01 12:09:18]     -> Hinweis: hinterlegte Dividende 3.4 weicht -34% von den tatsaechlich gezahlten 2.25 ab - Automatik hat Vorrang.
[2026-10-01 12:09:18]     -> 1 Ausschuettung(en) in 12 Monaten (jaehrlich), Summe 2.25 EUR
[2026-10-01 12:09:18]     -> Analysten: Buy aus 19 Einstufungen, Kursziel 5.15%, 12 Monate Historie
[2026-10-01 12:09:19]   Leeway.tech-Fehler (HTTP 429) bei fundamentals/BAS.XETRA: b'Your limit of 50 requests per day has been reached.'
[2026-10-01 12:09:19]   Leeway lieferte keine verwertbare Antwort fuer BAS.XETRA
[2026-10-01 12:09:19]   Hole Kurs fuer ABT ...
[2026-10-01 12:09:20]     -> 4 Ausschuettung(en) in 12 Monaten (quartalsweise), Summe 2.48 USD
[2026-10-01 12:09:20]     -> Analysten: Buy aus 27 Einstufungen, Kursziel 21.68%, 12 Monate Historie
[2026-10-01 12:09:20]   Hole Kurs fuer EUNW.DE ...
[2026-10-01 12:09:21]     -> 3 Ausschuettung(en) in 12 Monaten (halbjaehrlich), Summe 4.7012 EUR
[2026-10-01 12:09:21]   Leeway.tech-Fehler (HTTP 429) bei fundamentals/EUNW.XETRA: b'Your limit of 50 requests per day has been reached.'
[2026-10-01 12:09:21]   Leeway lieferte keine verwertbare Antwort fuer EUNW.XETRA
[2026-10-01 12:09:21]   Hole Kurs fuer KMI ...
[2026-10-01 12:09:22]     -> 4 Ausschuettung(en) in 12 Monaten (quartalsweise), Summe 1.182 USD
[2026-10-01 12:09:22]     -> Analysten: Buy aus 23 Einstufungen, Kursziel 19.7%, 12 Monate Historie
[2026-10-01 12:09:23]   Hole Kurs fuer IBC2.DE ...
[2026-10-01 12:09:23]     -> 4 Ausschuettung(en) in 12 Monaten (halbjaehrlich), Summe 0.3018 EUR
[2026-10-01 12:09:23]   Leeway.tech-Fehler (HTTP 429) bei fundamentals/IBC2.XETRA: b'Your limit of 50 requests per day has been reached.'
[2026-10-01 12:09:23]   Leeway lieferte keine verwertbare Antwort fuer IBC2.XETRA
[2026-10-01 12:09:23]   Hole Kurs fuer CS.PA ...
[2026-10-01 12:09:24]     -> 1 Ausschuettung(en) in 12 Monaten (jaehrlich), Summe 2.32 EUR
[2026-10-01 12:09:24]     -> Analysten: Buy aus 18 Einstufungen, Kursziel 23.41%, 12 Monate Historie
[2026-10-01 12:09:25]   Leeway.tech-Fehler (HTTP 429) bei fundamentals/CS.XPAR: b'Your limit of 50 requests per day has been reached.'
[2026-10-01 12:09:25]   Leeway lieferte keine verwertbare Antwort fuer CS.XPAR
[2026-10-01 12:09:25]   Hole Kurs fuer GUHY.DE ...
[2026-10-01 12:09:25]     -> 2 Ausschuettung(en) in 12 Monaten (halbjaehrlich), Summe 2.693664 EUR
[2026-10-01 12:09:26]   Leeway.tech-Fehler (HTTP 429) bei fundamentals/GUHY.XETRA: b'Your limit of 50 requests per day has been reached.'
[2026-10-01 12:09:26]   Leeway lieferte keine verwertbare Antwort fuer GUHY.XETRA
[2026-10-01 12:09:26]   Hole Kurs fuer IS3K.DE ...
[2026-10-01 12:09:26]     -> 4 Ausschuettung(en) in 12 Monaten (halbjaehrlich), Summe 6.238143 EUR
[2026-10-01 12:09:27]   Leeway.tech-Fehler (HTTP 429) bei fundamentals/IS3K.XETRA: b'Your limit of 50 requests per day has been reached.'
[2026-10-01 12:09:27]   Leeway lieferte keine verwertbare Antwort fuer IS3K.XETRA
[2026-10-01 12:09:27]   Hole Kurs fuer 0857.HK ...
[2026-10-01 12:09:27]     -> Hinweis: hinterlegte Dividende 0.35 weicht +68% von den tatsaechlich gezahlten 0.58777 ab - Automatik hat Vorrang.
[2026-10-01 12:09:27]     -> 2 Ausschuettung(en) in 12 Monaten (halbjaehrlich), Summe 0.58777 HKD
[2026-10-01 12:09:27]     -> Analysten: Buy aus 17 Einstufungen, Kursziel 21.16%, 12 Monate Historie
[2026-10-01 12:09:28]   Leeway.tech-Fehler (HTTP 429) bei fundamentals/0857.XHKG: b'Your limit of 50 requests per day has been reached.'
[2026-10-01 12:09:28]   Leeway lieferte keine verwertbare Antwort fuer 0857.XHKG
[2026-10-01 12:09:28]   Hole Kurs fuer CPFE3.SA ...
[2026-10-01 12:09:29]     -> 1 Ausschuettung(en) in 12 Monaten (jaehrlich), Summe 3.731536 BRL
[2026-10-01 12:09:29]     -> Analysten: Hold aus 13 Einstufungen, Kursziel 8.99%, 12 Monate Historie
[2026-10-01 12:09:29]     -> Hinweis: hinterlegte Verschuldung 1.2 weicht vom berechneten Wert 1.55 ab - Automatik hat Vorrang.
[2026-10-01 12:09:29]     -> Hinweis: geschaetzte Quote 65% weicht -25 Prozentpunkte vom echten Wert 39.97% ab - Automatik hat Vorrang.
[2026-10-01 12:09:29]   Hole Kurs fuer PBR ...
[2026-10-01 12:09:30]     -> 3 Ausschuettung(en) in 12 Monaten (quartalsweise), Summe 0.797 USD [unvollstaendig]
[2026-10-01 12:09:30]     -> Analysten: Buy aus 14 Einstufungen, Kursziel 9.68%, 12 Monate Historie
[2026-10-01 12:09:30]     -> Hinweis: hinterlegte Verschuldung 1.2 weicht vom berechneten Wert 0.76 ab - Automatik hat Vorrang.
[2026-10-01 12:09:30]   Hole Kurs fuer TRN.MI ...
[2026-10-01 12:09:31]     -> 2 Ausschuettung(en) in 12 Monaten (halbjaehrlich), Summe 0.3962 EUR
[2026-10-01 12:09:31]     -> Analysten: Hold aus 19 Einstufungen, Kursziel 7.59%, 12 Monate Historie
[2026-10-01 12:09:32]   Leeway.tech-Fehler (HTTP 429) bei fundamentals/TRN.XMIL: b'Your limit of 50 requests per day has been reached.'
[2026-10-01 12:09:32]   Leeway lieferte keine verwertbare Antwort fuer TRN.XMIL
[2026-10-01 12:09:32]     -> Hinweis: hinterlegte Verschuldung 1.2 weicht vom berechneten Wert 1.72 ab - Automatik hat Vorrang.
[2026-10-01 12:09:32]   Hole Kurs fuer HNR1.DE ...
[2026-10-01 12:09:33]     -> 1 Ausschuettung(en) in 12 Monaten (jaehrlich), Summe 12.5 EUR
[2026-10-01 12:09:33]     -> Analysten: Buy aus 15 Einstufungen, Kursziel 12.42%, 12 Monate Historie
[2026-10-01 12:09:33]   Hole Kurs fuer QYLE.DE ...
[2026-10-01 12:09:34]     -> 12 Ausschuettung(en) in 12 Monaten (monatlich), Summe 1.695485 EUR
[2026-10-01 12:09:34]   Leeway.tech-Fehler (HTTP 429) bei fundamentals/QYLE.XETRA: b'Your limit of 50 requests per day has been reached.'
[2026-10-01 12:09:34]   Leeway lieferte keine verwertbare Antwort fuer QYLE.XETRA
[2026-10-01 12:09:34]   Hole Kurs fuer UDIV.DE ...
[2026-10-01 12:09:34]     -> 12 Ausschuettung(en) in 12 Monaten (monatlich), Summe 0.828541 EUR
[2026-10-01 12:09:35]   Hole Kurs fuer SPGI ...
[2026-10-01 12:09:35]     -> 4 Ausschuettung(en) in 12 Monaten (quartalsweise), Summe 3.713615 USD
[2026-10-01 12:09:35]     -> Analysten: Strong Buy aus 24 Einstufungen, Kursziel 31.9%, 12 Monate Historie
[2026-10-01 12:09:36]   Hole Kurs fuer XUHY.DE ...
[2026-10-01 12:09:36]     -> 4 Ausschuettung(en) in 12 Monaten (quartalsweise), Summe 0.750012 EUR
[2026-10-01 12:09:36]   Hole Kurs fuer 8985.T ...
[2026-10-01 12:09:36]     -> 1 Ausschuettung(en) in 12 Monaten (jaehrlich), Summe 5061.0 JPY
[2026-10-01 12:09:37]     -> Analysten: Buy aus 9 Einstufungen, Kursziel 21.56%, 12 Monate Historie
[2026-10-01 12:09:37]     -> Hinweis: hinterlegte Verschuldung 1.3 weicht vom berechneten Wert 0.98 ab - Automatik hat Vorrang.
[2026-10-01 12:09:37]   Hole Kurs fuer CTAS ...
[2026-10-01 12:09:37]     -> Hinweis: hinterlegte Dividende 6.2 weicht -70% von den tatsaechlich gezahlten 1.87 ab - Automatik hat Vorrang.
[2026-10-01 12:09:37]     -> 4 Ausschuettung(en) in 12 Monaten (quartalsweise), Summe 1.87 USD
[2026-10-01 12:09:38]     -> Analysten: Buy aus 20 Einstufungen, Kursziel 11.92%, 12 Monate Historie
[2026-10-01 12:09:38]   Hole Kurs fuer SY7D.DE ...
[2026-10-01 12:09:38]     -> 12 Ausschuettung(en) in 12 Monaten (monatlich), Summe 1.62885 EUR
[2026-10-01 12:09:39]   Hole Kurs fuer CINF ...
[2026-10-01 12:09:39]     -> 4 Ausschuettung(en) in 12 Monaten (quartalsweise), Summe 3.69 USD
[2026-10-01 12:09:39]     -> Analysten: Hold aus 8 Einstufungen, Kursziel 20.27%, 12 Monate Historie
[2026-10-01 12:09:40]   Hole Kurs fuer PM ...
[2026-10-01 12:09:40]     -> 4 Ausschuettung(en) in 12 Monaten (quartalsweise), Summe 5.88 USD
[2026-10-01 12:09:40]     -> Analysten: Buy aus 16 Einstufungen, Kursziel 9.07%, 12 Monate Historie
[2026-10-01 12:09:41]   Hole Kurs fuer STG.CO ...
[2026-10-01 12:09:41]     -> 1 Ausschuettung(en) in 12 Monaten (jaehrlich), Summe 4.5 DKK
[2026-10-01 12:09:41]     -> Analysten: Buy aus 2 Einstufungen, Kursziel 10.15%, 12 Monate Historie
[2026-10-01 12:09:42]   Hole Kurs fuer YYYY.DE ...
[2026-10-01 12:09:42]     -> 12 Ausschuettung(en) in 12 Monaten (monatlich), Summe 9.529651 EUR
[2026-10-01 12:09:42]   Hole Kurs fuer XOM ...
[2026-10-01 12:09:43]     -> 4 Ausschuettung(en) in 12 Monaten (quartalsweise), Summe 4.12 USD
[2026-10-01 12:09:43]     -> Analysten: Buy aus 25 Einstufungen, Kursziel 6.33%, 12 Monate Historie
[2026-10-01 12:09:44]   Hole Kurs fuer 035250.KS ...
[2026-10-01 12:09:44]     -> 1 Ausschuettung(en) in 12 Monaten (jaehrlich), Summe 950.0 KRW
[2026-10-01 12:09:44]     -> Analysten: Buy aus 15 Einstufungen, Kursziel 33.47%, 12 Monate Historie
[2026-10-01 12:09:44]     -> Hinweis: hinterlegte Verschuldung 0.8 weicht vom berechneten Wert 0.01 ab - Automatik hat Vorrang.
[2026-10-01 12:09:45]   Hole Kurs fuer VOW3.DE ...
[2026-10-01 12:09:45]     -> 1 Ausschuettung(en) in 12 Monaten (jaehrlich), Summe 5.26 EUR
[2026-10-01 12:09:45]     -> Analysten: Buy aus 19 Einstufungen, Kursziel 50.27%, 12 Monate Historie
[2026-10-01 12:09:45]     -> Hinweis: hinterlegte Verschuldung 0.8 weicht vom berechneten Wert 1.39 ab - Automatik hat Vorrang.
[2026-10-01 12:09:45]     -> Hinweis: geschaetzte Quote 31.37% weicht +26 Prozentpunkte vom echten Wert 57.0% ab - Automatik hat Vorrang.
[2026-10-01 12:09:46]   Hole Kurs fuer 4183.T ...
[2026-10-01 12:09:46]     -> 2 Ausschuettung(en) in 12 Monaten (halbjaehrlich), Summe 75.0 JPY
[2026-10-01 12:09:46]     -> Analysten: Buy aus 11 Einstufungen, Kursziel 18.78%, 12 Monate Historie
[2026-10-01 12:09:47]   Hole Kurs fuer ULVR.L ...
[2026-10-01 12:09:47]     -> Hinweis: hinterlegte Dividende 1.72 weicht +9492% von den tatsaechlich gezahlten 164.990002 ab - Automatik hat Vorrang.
[2026-10-01 12:09:47]     -> 4 Ausschuettung(en) in 12 Monaten (quartalsweise), Summe 164.990002 GBp
[2026-10-01 12:09:47]     -> Analysten: Buy aus 16 Einstufungen, Kursziel 14.38%, 12 Monate Historie
[2026-10-01 12:09:48]   Hole Kurs fuer ROP ...
[2026-10-01 12:09:48]     -> 4 Ausschuettung(en) in 12 Monaten (quartalsweise), Summe 3.555 USD
[2026-10-01 12:09:48]     -> Analysten: Buy aus 20 Einstufungen, Kursziel 27.41%, 12 Monate Historie
[2026-10-01 12:09:49]   Hole Kurs fuer INCU.DE ...
[2026-10-01 12:09:49]     -> 4 Ausschuettung(en) in 12 Monaten (quartalsweise), Summe 0.355591 EUR
[2026-10-01 12:09:49]   Hole Kurs fuer PFLT ...
[2026-10-01 12:09:50]     -> Hinweis: hinterlegte Dividende 0.96 weicht +20% von den tatsaechlich gezahlten 1.156 ab - Automatik hat Vorrang.
[2026-10-01 12:09:50]     -> 12 Ausschuettung(en) in 12 Monaten (monatlich), Summe 1.156 USD
[2026-10-01 12:09:50]     -> Analysten: Buy aus 7 Einstufungen, Kursziel 41.1%, 12 Monate Historie
[2026-10-01 12:09:50]   Hole Kurs fuer DUK ...
[2026-10-01 12:09:51]     -> 4 Ausschuettung(en) in 12 Monaten (quartalsweise), Summe 4.28 USD
[2026-10-01 12:09:51]     -> Analysten: Buy aus 22 Einstufungen, Kursziel 20.11%, 12 Monate Historie
[2026-10-01 12:09:52]   Hole Kurs fuer WMT ...
[2026-10-01 12:09:52]     -> 4 Ausschuettung(en) in 12 Monaten (quartalsweise), Summe 0.979 USD
[2026-10-01 12:09:52]     -> Analysten: Buy aus 43 Einstufungen, Kursziel 22.62%, 12 Monate Historie
[2026-10-01 12:09:53]   Hole Kurs fuer ISP.MI ...
[2026-10-01 12:09:53]     -> 2 Ausschuettung(en) in 12 Monaten (halbjaehrlich), Summe 0.376 EUR
[2026-10-01 12:09:53]     -> Analysten: Buy aus 13 Einstufungen, Kursziel 11.37%, 12 Monate Historie
[2026-10-01 12:09:54]   Hole Kurs fuer IMB.L ...
[2026-10-01 12:09:54]     -> Hinweis: hinterlegte Dividende 1.6 weicht +10120% von den tatsaechlich gezahlten 163.519996 ab - Automatik hat Vorrang.
[2026-10-01 12:09:54]     -> 4 Ausschuettung(en) in 12 Monaten (quartalsweise), Summe 163.519996 GBp
[2026-10-01 12:09:54]     -> Analysten: Buy aus 12 Einstufungen, Kursziel 33.84%, 12 Monate Historie
[2026-10-01 12:09:55]   Hole Kurs fuer BIP ...
[2026-10-01 12:09:55]     -> Hinweis: hinterlegte Dividende 1.84 weicht -26% von den tatsaechlich gezahlten 1.365 ab - Automatik hat Vorrang.
[2026-10-01 12:09:55]     -> 3 Ausschuettung(en) in 12 Monaten (quartalsweise), Summe 1.365 USD [unvollstaendig]
[2026-10-01 12:09:55]     -> Analysten: Buy aus 11 Einstufungen, Kursziel 32.49%, 12 Monate Historie
[2026-10-01 12:09:56]     -> Hinweis: hinterlegte Verschuldung 1.2 weicht vom berechneten Wert 2.05 ab - Automatik hat Vorrang.
[2026-10-01 12:09:56]     -> Hinweis: geschaetzte Quote 190% weicht +102 Prozentpunkte vom echten Wert 291.87% ab - Automatik hat Vorrang.
[2026-10-01 12:09:56]   Hole Kurs fuer FNTN.DE ...
[2026-10-01 12:09:56]     -> 1 Ausschuettung(en) in 12 Monaten (jaehrlich), Summe 2.07 EUR
[2026-10-01 12:09:56]     -> Quote 100.46% / Verschuldung 0.61 via stockanalysis
[2026-10-01 12:09:57]     -> Analysten: Hold aus 10 Einstufungen, Kursziel 17.99%, 12 Monate Historie
[2026-10-01 12:09:58]   Hole Kurs fuer 3002.T ...
[2026-10-01 12:09:58]     -> 1 Ausschuettung(en) in 12 Monaten (jaehrlich), Summe 216.0 JPY
[2026-10-01 12:09:58]     -> Analysten: Hold aus 2 Einstufungen, Kursziel 6.36%, 12 Monate Historie
[2026-10-01 12:09:58]     -> Hinweis: hinterlegte Verschuldung 0.8 weicht vom berechneten Wert 0.18 ab - Automatik hat Vorrang.
[2026-10-01 12:09:59]   Hole Kurs fuer WINC.DE ...
[2026-10-01 12:09:59]     -> 5 Ausschuettung(en) in 12 Monaten (quartalsweise), Summe 0.568645 EUR
[2026-10-01 12:09:59]   Hole Kurs fuer EN.PA ...
[2026-10-01 12:09:59]     -> 1 Ausschuettung(en) in 12 Monaten (jaehrlich), Summe 2.1 EUR
[2026-10-01 12:09:59]     -> Analysten: Buy aus 9 Einstufungen, Kursziel 47.04%, 12 Monate Historie
[2026-10-01 12:10:00]     -> Hinweis: geschaetzte Quote 45% weicht +20 Prozentpunkte vom echten Wert 64.7% ab - Automatik hat Vorrang.
[2026-10-01 12:10:00]   Hole Kurs fuer TW.L ...
[2026-10-01 12:10:00]     -> 2 Ausschuettung(en) in 12 Monaten (halbjaehrlich), Summe 7.62 GBp
[2026-10-01 12:10:01]     -> Analysten: Hold aus 21 Einstufungen, Kursziel 4.39%, 12 Monate Historie
[2026-10-01 12:10:01]     -> Hinweis: hinterlegte Verschuldung 1.3 weicht vom berechneten Wert 0.03 ab - Automatik hat Vorrang.
[2026-10-01 12:10:01]     -> Hinweis: geschaetzte Quote 55% weicht +53 Prozentpunkte vom echten Wert 108.28% ab - Automatik hat Vorrang.
[2026-10-01 12:10:01]   Hole Kurs fuer ITW ...
[2026-10-01 12:10:01]     -> 4 Ausschuettung(en) in 12 Monaten (quartalsweise), Summe 6.55 USD
[2026-10-01 12:10:02]     -> Analysten: Hold aus 16 Einstufungen, Kursziel 17.58%, 12 Monate Historie
[2026-10-01 12:10:02]   Hole Kurs fuer BCE ...
[2026-10-01 12:10:03]     -> 4 Ausschuettung(en) in 12 Monaten (quartalsweise), Summe 1.262 USD
[2026-10-01 12:10:03]     -> Analysten: Buy aus 19 Einstufungen, Kursziel 29.99%, 12 Monate Historie
[2026-10-01 12:10:03]     -> Hinweis: hinterlegte Verschuldung 0.8 weicht vom berechneten Wert 1.73 ab - Automatik hat Vorrang.
[2026-10-01 12:10:03]   Hole Kurs fuer STAG ...
[2026-10-01 12:10:04]     -> 6 Ausschuettung(en) in 12 Monaten (monatlich), Summe 1.536 USD [unvollstaendig]
[2026-10-01 12:10:04]     -> Analysten: Buy aus 12 Einstufungen, Kursziel 16.59%, 12 Monate Historie
[2026-10-01 12:10:04]   Hole Kurs fuer AGS.BR ...
[2026-10-01 12:10:05]     -> 2 Ausschuettung(en) in 12 Monaten (halbjaehrlich), Summe 3.75 EUR
[2026-10-01 12:10:05]     -> Analysten: Hold aus 11 Einstufungen, Kursziel -0.25%, 12 Monate Historie
[2026-10-01 12:10:06]   Hole Kurs fuer BP.L ...
[2026-10-01 12:10:06]     -> Hinweis: hinterlegte Dividende 0.32 weicht +7730% von den tatsaechlich gezahlten 25.055699 ab - Automatik hat Vorrang.
[2026-10-01 12:10:06]     -> 4 Ausschuettung(en) in 12 Monaten (quartalsweise), Summe 25.055699 GBp
[2026-10-01 12:10:06]     -> Analysten: Buy aus 19 Einstufungen, Kursziel 15.23%, 12 Monate Historie
[2026-10-01 12:10:07]   Hole Kurs fuer MO ...
[2026-10-01 12:10:07]     -> 4 Ausschuettung(en) in 12 Monaten (quartalsweise), Summe 4.29 USD
[2026-10-01 12:10:07]     -> Analysten: Hold aus 14 Einstufungen, Kursziel 3.95%, 12 Monate Historie
[2026-10-01 12:10:08]     -> Hinweis: geschaetzte Quote 78% weicht +16 Prozentpunkte vom echten Wert 93.55% ab - Automatik hat Vorrang.
[2026-10-01 12:10:08]   Hole Kurs fuer NDA-FI.HE ...
[2026-10-01 12:10:08]     -> 2 Ausschuettung(en) in 12 Monaten (jaehrlich), Summe 1.3 EUR
[2026-10-01 12:10:08]     -> Analysten: Hold aus 8 Einstufungen, Kursziel 7.23%, 12 Monate Historie
[2026-10-01 12:10:09]   Hole Kurs fuer DOW ...
[2026-10-01 12:10:09]     -> 4 Ausschuettung(en) in 12 Monaten (quartalsweise), Summe 1.4 USD
[2026-10-01 12:10:09]     -> Analysten: Buy aus 19 Einstufungen, Kursziel 24.58%, 12 Monate Historie
[2026-10-01 12:10:10]     -> Hinweis: hinterlegte Verschuldung 0.8 weicht vom berechneten Wert 1.12 ab - Automatik hat Vorrang.
[2026-10-01 12:10:10]   Hole Kurs fuer SWED-A.ST ...
[2026-10-01 12:10:10]     -> 1 Ausschuettung(en) in 12 Monaten (jaehrlich), Summe 29.8 SEK
[2026-10-01 12:10:12]     -> Analysten: Hold aus 16 Einstufungen, Kursziel -4.83%, 12 Monate Historie
[2026-10-01 12:10:12]     -> Hinweis: geschaetzte Quote 55% weicht +52 Prozentpunkte vom echten Wert 107.26% ab - Automatik hat Vorrang.
[2026-10-01 12:10:12]   Hole Kurs fuer GD ...
[2026-10-01 12:10:12]     -> 4 Ausschuettung(en) in 12 Monaten (quartalsweise), Summe 6.18 USD
[2026-10-01 12:10:13]     -> Analysten: Buy aus 24 Einstufungen, Kursziel 26.65%, 12 Monate Historie
[2026-10-01 12:10:13]   Hole Kurs fuer BDX ...
[2026-10-01 12:10:14]     -> 4 Ausschuettung(en) in 12 Monaten (quartalsweise), Summe 3.975472 USD
[2026-10-01 12:10:14]     -> Analysten: Buy aus 14 Einstufungen, Kursziel 9.31%, 12 Monate Historie
[2026-10-01 12:10:15]   Hole Kurs fuer GLEN.L ...
[2026-10-01 12:10:15]     -> 2 Ausschuettung(en) in 12 Monaten (halbjaehrlich), Summe 12.5647 GBp
[2026-10-01 12:10:15]     -> Analysten: Buy aus 20 Einstufungen, Kursziel 18.29%, 12 Monate Historie
[2026-10-01 12:10:16]   Hole Kurs fuer AV.L ...
[2026-10-01 12:10:16]     -> 2 Ausschuettung(en) in 12 Monaten (halbjaehrlich), Summe 40.199999 GBp
[2026-10-01 12:10:17]     -> Analysten: Buy aus 16 Einstufungen, Kursziel 7.59%, 12 Monate Historie
[2026-10-01 12:10:17]     -> Hinweis: geschaetzte Quote 60% weicht +141 Prozentpunkte vom echten Wert 201.11% ab - Automatik hat Vorrang.
[2026-10-01 12:10:17]   Hole Kurs fuer 8972.T ...
[2026-10-01 12:10:17]     -> 2 Ausschuettung(en) in 12 Monaten (halbjaehrlich), Summe 8271.0 JPY
[2026-10-01 12:10:18]     -> Analysten: Hold aus 8 Einstufungen, Kursziel 22.2%, 12 Monate Historie
[2026-10-01 12:10:18]     -> Hinweis: hinterlegte Verschuldung 1.3 weicht vom berechneten Wert 0.92 ab - Automatik hat Vorrang.
[2026-10-01 12:10:18]   Hole Kurs fuer KEY ...
[2026-10-01 12:10:19]     -> 4 Ausschuettung(en) in 12 Monaten (quartalsweise), Summe 0.82 USD
[2026-10-01 12:10:19]     -> Analysten: Buy aus 19 Einstufungen, Kursziel 28.65%, 12 Monate Historie
[2026-10-01 12:10:20]   Hole Kurs fuer TFC ...
[2026-10-01 12:10:20]     -> 4 Ausschuettung(en) in 12 Monaten (quartalsweise), Summe 2.08 USD
[2026-10-01 12:10:20]     -> Analysten: Hold aus 21 Einstufungen, Kursziel 18.57%, 12 Monate Historie
[2026-10-01 12:10:21]   Hole Kurs fuer SIX2.DE ...
[2026-10-01 12:10:21]     -> 1 Ausschuettung(en) in 12 Monaten (jaehrlich), Summe 3.2 EUR
[2026-10-01 12:10:21]     -> Analysten: Strong Buy aus 7 Einstufungen, Kursziel 33.57%, 12 Monate Historie
[2026-10-01 12:10:22]     -> Hinweis: hinterlegte Verschuldung 0.8 weicht vom berechneten Wert 2.12 ab - Automatik hat Vorrang.
[2026-10-01 12:10:22]   Hole Kurs fuer PBA ...
[2026-10-01 12:10:22]     -> 3 Ausschuettung(en) in 12 Monaten (quartalsweise), Summe 1.572 USD [unvollstaendig]
[2026-10-01 12:10:23]     -> keine Analystenabdeckung fuer PBA (Prognoseseite existiert nicht)
[2026-10-01 12:10:23]     -> Hinweis: hinterlegte Verschuldung 1.2 weicht vom berechneten Wert 0.81 ab - Automatik hat Vorrang.
[2026-10-01 12:10:23]   Hole Kurs fuer CLX ...
[2026-10-01 12:10:23]     -> 4 Ausschuettung(en) in 12 Monaten (quartalsweise), Summe 4.97 USD
[2026-10-01 12:10:24]     -> Analysten: Hold aus 19 Einstufungen, Kursziel 24.02%, 12 Monate Historie
[2026-10-01 12:10:24]   Hole Kurs fuer WCP.TO ...
[2026-10-01 12:10:25]     -> 12 Ausschuettung(en) in 12 Monaten (monatlich), Summe 0.732 CAD
[2026-10-01 12:10:25]     -> Analysten: Strong Buy aus 19 Einstufungen, Kursziel 17.28%, 12 Monate Historie
[2026-10-01 12:10:25]     -> Hinweis: hinterlegte Verschuldung 1.2 weicht vom berechneten Wert 0.24 ab - Automatik hat Vorrang.
[2026-10-01 12:10:25]   Hole Kurs fuer 8960.T ...
[2026-10-01 12:10:26]     -> 2 Ausschuettung(en) in 12 Monaten (halbjaehrlich), Summe 8734.0 JPY
[2026-10-01 12:10:26]     -> Analysten: Buy aus 6 Einstufungen, Kursziel 25.19%, 12 Monate Historie
[2026-10-01 12:10:26]     -> Hinweis: hinterlegte Verschuldung 1.3 weicht vom berechneten Wert 0.88 ab - Automatik hat Vorrang.
[2026-10-01 12:10:26]   Hole Kurs fuer SHW ...
[2026-10-01 12:10:27]     -> 4 Ausschuettung(en) in 12 Monaten (quartalsweise), Summe 3.19 USD
[2026-10-01 12:10:27]     -> Analysten: Buy aus 27 Einstufungen, Kursziel 20.64%, 12 Monate Historie
[2026-10-01 12:10:28]   Hole Kurs fuer O ...
[2026-10-01 12:10:28]     -> 13 Ausschuettung(en) in 12 Monaten (monatlich), Summe 3.518 USD
[2026-10-01 12:10:28]     -> Analysten: Hold aus 24 Einstufungen, Kursziel 23.87%, 12 Monate Historie
[2026-10-01 12:10:29]     -> Hinweis: hinterlegte Verschuldung 1.3 weicht vom berechneten Wert 0.75 ab - Automatik hat Vorrang.
[2026-10-01 12:10:29]     -> Hinweis: geschaetzte Quote 75% weicht +162 Prozentpunkte vom echten Wert 237.14% ab - Automatik hat Vorrang.
[2026-10-01 12:10:29]   Hole Kurs fuer JGPI.DE ...
[2026-10-01 12:10:29]     -> 13 Ausschuettung(en) in 12 Monaten (monatlich), Summe 1.983044 EUR
[2026-10-01 12:10:29]   Hole Kurs fuer SMLD.DE ...
[2026-10-01 12:10:29]     -> 4 Ausschuettung(en) in 12 Monaten (quartalsweise), Summe 3.852161 EUR
[2026-10-01 12:10:30]   Hole Kurs fuer XAT1.DE ...
[2026-10-01 12:10:30]     -> 4 Ausschuettung(en) in 12 Monaten (quartalsweise), Summe 0.9842 EUR
[2026-10-01 12:10:30]   Hole Kurs fuer DGE.L ...
[2026-10-01 12:10:30]     -> Hinweis: hinterlegte Dividende 0.825 weicht +7539% von den tatsaechlich gezahlten 63.0216 ab - Automatik hat Vorrang.
[2026-10-01 12:10:30]     -> 2 Ausschuettung(en) in 12 Monaten (halbjaehrlich), Summe 63.0216 GBp
[2026-10-01 12:10:30]     -> Analysten: Buy aus 22 Einstufungen, Kursziel 26.6%, 12 Monate Historie
[2026-10-01 12:10:31]   Hole Kurs fuer DX ...
[2026-10-01 12:10:31]     -> 12 Ausschuettung(en) in 12 Monaten (monatlich), Summe 2.04 USD
[2026-10-01 12:10:32]     -> Analysten: Buy aus 6 Einstufungen, Kursziel 32.41%, 12 Monate Historie
[2026-10-01 12:10:32]   Hole Kurs fuer EDL.DE ...
[2026-10-01 12:10:32]     -> 1 Ausschuettung(en) in 12 Monaten (jaehrlich), Summe 0.3 EUR
[2026-10-01 12:10:33]     -> keine Analystenabdeckung fuer EDL.DE (Prognoseseite existiert nicht)
[2026-10-01 12:10:33]     -> Hinweis: hinterlegte Verschuldung 0.8 weicht vom berechneten Wert 1.42 ab - Automatik hat Vorrang.
[2026-10-01 12:10:33]   Hole Kurs fuer MDT ...
[2026-10-01 12:10:33]     -> 4 Ausschuettung(en) in 12 Monaten (quartalsweise), Summe 2.86 USD
[2026-10-01 12:10:34]     -> Analysten: Buy aus 28 Einstufungen, Kursziel 21.49%, 12 Monate Historie
[2026-10-01 12:10:34]   Hole Kurs fuer MB.MI ...
[2026-10-01 12:10:35]     -> 2 Ausschuettung(en) in 12 Monaten (halbjaehrlich), Summe 1.22 EUR
[2026-10-01 12:10:35]     -> Analysten: Hold aus 4 Einstufungen, Kursziel -5.2%, 12 Monate Historie
[2026-10-01 12:10:35]   Hole Kurs fuer LTC ...
[2026-10-01 12:10:36]     -> 12 Ausschuettung(en) in 12 Monaten (monatlich), Summe 2.28 USD
[2026-10-01 12:10:36]     -> Analysten: Hold aus 8 Einstufungen, Kursziel 4.97%, 12 Monate Historie
[2026-10-01 12:10:36]     -> Hinweis: hinterlegte Verschuldung 1.3 weicht vom berechneten Wert 0.58 ab - Automatik hat Vorrang.
[2026-10-01 12:10:37]   Hole Kurs fuer ASWK.DE ...
[2026-10-01 12:10:37]     -> 11 Ausschuettung(en) in 12 Monaten (monatlich), Summe 4.961004 EUR [unvollstaendig]
[2026-10-01 12:10:37]   Hole Kurs fuer 36B1.DE ...
[2026-10-01 12:10:37]     -> 4 Ausschuettung(en) in 12 Monaten (halbjaehrlich), Summe 0.270085 EUR
[2026-10-01 12:10:37]   Hole Kurs fuer DTG.DE ...
[2026-10-01 12:10:37]     -> 1 Ausschuettung(en) in 12 Monaten (jaehrlich), Summe 1.9 EUR
[2026-10-01 12:10:38]     -> Analysten: Buy aus 18 Einstufungen, Kursziel 21.44%, 12 Monate Historie
[2026-10-01 12:10:38]     -> Hinweis: hinterlegte Verschuldung 0.8 weicht vom berechneten Wert 1.27 ab - Automatik hat Vorrang.
[2026-10-01 12:10:38]     -> Hinweis: geschaetzte Quote 100% weicht -43 Prozentpunkte vom echten Wert 56.87% ab - Automatik hat Vorrang.
[2026-10-01 12:10:38]   Hole Kurs fuer GPC ...
[2026-10-01 12:10:39]     -> 4 Ausschuettung(en) in 12 Monaten (quartalsweise), Summe 4.219 USD
[2026-10-01 12:10:39]     -> Analysten: Buy aus 10 Einstufungen, Kursziel 11.64%, 12 Monate Historie
[2026-10-01 12:10:39]   Hole Kurs fuer HRL ...
[2026-10-01 12:10:40]     -> 4 Ausschuettung(en) in 12 Monaten (quartalsweise), Summe 1.169 USD
[2026-10-01 12:10:40]     -> Analysten: Hold aus 10 Einstufungen, Kursziel 31.04%, 12 Monate Historie
[2026-10-01 12:10:40]   Hole Kurs fuer CVX ...
[2026-10-01 12:10:41]     -> 4 Ausschuettung(en) in 12 Monaten (quartalsweise), Summe 7.05 USD
[2026-10-01 12:10:41]     -> Analysten: Buy aus 25 Einstufungen, Kursziel 9.65%, 12 Monate Historie
[2026-10-01 12:10:42]   Hole Kurs fuer KO ...
[2026-10-01 12:10:42]     -> 4 Ausschuettung(en) in 12 Monaten (quartalsweise), Summe 2.1 USD
[2026-10-01 12:10:42]     -> Analysten: Buy aus 24 Einstufungen, Kursziel 10.01%, 12 Monate Historie
[2026-10-01 12:10:43]   Hole Kurs fuer LIN ...
[2026-10-01 12:10:43]     -> 4 Ausschuettung(en) in 12 Monaten (quartalsweise), Summe 6.3 USD
[2026-10-01 12:10:43]     -> Analysten: Buy aus 28 Einstufungen, Kursziel 14.32%, 12 Monate Historie
[2026-10-01 12:10:44]   Hole Kurs fuer PG ...
[2026-10-01 12:10:44]     -> 4 Ausschuettung(en) in 12 Monaten (quartalsweise), Summe 4.292 USD
[2026-10-01 12:10:45]     -> Analysten: Buy aus 25 Einstufungen, Kursziel 10.55%, 12 Monate Historie
[2026-10-01 12:10:45]   Hole Kurs fuer IBCA.DE ...
[2026-10-01 12:10:45]     -> 2 Ausschuettung(en) in 12 Monaten (halbjaehrlich), Summe 3.024 EUR
[2026-10-01 12:10:46]   Hole Kurs fuer QDVQ.DE ...
[2026-10-01 12:10:46]     -> 4 Ausschuettung(en) in 12 Monaten (halbjaehrlich), Summe 0.332901 EUR
[2026-10-01 12:10:46]   Hole Kurs fuer TU ...
[2026-10-01 12:10:46]     -> 3 Ausschuettung(en) in 12 Monaten (quartalsweise), Summe 0.744 USD [unvollstaendig]
[2026-10-01 12:10:47]     -> Analysten: Hold aus 18 Einstufungen, Kursziel 23.12%, 12 Monate Historie
[2026-10-01 12:10:47]     -> Hinweis: hinterlegte Verschuldung 0.8 weicht vom berechneten Wert 2.24 ab - Automatik hat Vorrang.
[2026-10-01 12:10:47]   Hole Kurs fuer ESS ...
[2026-10-01 12:10:47]     -> 4 Ausschuettung(en) in 12 Monaten (quartalsweise), Summe 10.34 USD
[2026-10-01 12:10:48]     -> Analysten: Hold aus 26 Einstufungen, Kursziel 12.87%, 12 Monate Historie
[2026-10-01 12:10:48]   Hole Kurs fuer LGEN.L ...
[2026-10-01 12:10:48]     -> 2 Ausschuettung(en) in 12 Monaten (halbjaehrlich), Summe 21.91 GBp
[2026-10-01 12:10:49]     -> Analysten: Sell aus 15 Einstufungen, Kursziel -5.02%, 12 Monate Historie
[2026-10-01 12:10:49]     -> Hinweis: geschaetzte Quote 150% weicht -91 Prozentpunkte vom echten Wert 59.24% ab - Automatik hat Vorrang.
[2026-10-01 12:10:49]   Hole Kurs fuer TIGR.DE ...
[2026-10-01 12:10:49]     -> 2 Ausschuettung(en) in 12 Monaten (halbjaehrlich), Summe 0.39894 EUR
[2026-10-01 12:10:50]   Hole Kurs fuer EPR ...
[2026-10-01 12:10:50]     -> 12 Ausschuettung(en) in 12 Monaten (monatlich), Summe 3.645 USD
[2026-10-01 12:10:50]     -> Analysten: Hold aus 12 Einstufungen, Kursziel 15.23%, 12 Monate Historie
[2026-10-01 12:10:51]   Hole Kurs fuer ZURN.SW ...
[2026-10-01 12:10:51]     -> 1 Ausschuettung(en) in 12 Monaten (jaehrlich), Summe 30.0 CHF
[2026-10-01 12:10:51]     -> Analysten: Hold aus 13 Einstufungen, Kursziel 8.01%, 12 Monate Historie
[2026-10-01 12:10:52]   Hole Kurs fuer SYY ...
[2026-10-01 12:10:52]     -> 4 Ausschuettung(en) in 12 Monaten (quartalsweise), Summe 2.17 USD
[2026-10-01 12:10:52]     -> Analysten: Buy aus 14 Einstufungen, Kursziel 15.98%, 12 Monate Historie
[2026-10-01 12:10:53]   Hole Kurs fuer TRP ...
[2026-10-01 12:10:53]     -> 3 Ausschuettung(en) in 12 Monaten (quartalsweise), Summe 1.867 USD [unvollstaendig]
[2026-10-01 12:10:54]     -> Analysten: Buy aus 24 Einstufungen, Kursziel 13.62%, 12 Monate Historie
[2026-10-01 12:10:54]     -> Hinweis: hinterlegte Verschuldung 1.2 weicht vom berechneten Wert 1.7 ab - Automatik hat Vorrang.
[2026-10-01 12:10:54]   Hole Kurs fuer BATS.L ...
[2026-10-01 12:10:54]     -> Hinweis: hinterlegte Dividende 2.36 weicht +12777% von den tatsaechlich gezahlten 303.900006 ab - Automatik hat Vorrang.
[2026-10-01 12:10:54]     -> 5 Ausschuettung(en) in 12 Monaten (quartalsweise), Summe 303.900006 GBp
[2026-10-01 12:10:55]     -> Analysten: Buy aus 13 Einstufungen, Kursziel 27.85%, 12 Monate Historie
[2026-10-01 12:10:55]   Hole Kurs fuer SO ...
[2026-10-01 12:10:55]     -> 4 Ausschuettung(en) in 12 Monaten (quartalsweise), Summe 3.0 USD
[2026-10-01 12:10:56]     -> Analysten: Hold aus 23 Einstufungen, Kursziel 19.03%, 12 Monate Historie
[2026-10-01 12:10:56]   Hole Kurs fuer ADM ...
[2026-10-01 12:10:57]     -> 4 Ausschuettung(en) in 12 Monaten (quartalsweise), Summe 2.07 USD
[2026-10-01 12:10:57]     -> Analysten: Hold aus 11 Einstufungen, Kursziel 1.28%, 12 Monate Historie
[2026-10-01 12:10:57]   Hole Kurs fuer HSBA.L ...
[2026-10-01 12:10:58]     -> 4 Ausschuettung(en) in 12 Monaten (quartalsweise), Summe 55.6718 GBp
[2026-10-01 12:10:58]     -> Analysten: Hold aus 17 Einstufungen, Kursziel 4.91%, 12 Monate Historie
[2026-10-01 12:10:58]   Hole Kurs fuer DEQ.DE ...
[2026-10-01 12:10:59]     -> 1 Ausschuettung(en) in 12 Monaten (jaehrlich), Summe 1.0 EUR
[2026-10-01 12:10:59]     -> Analysten: Sell aus 4 Einstufungen, Kursziel 12.7%, 12 Monate Historie
[2026-10-01 12:10:59]     -> Hinweis: hinterlegte Verschuldung 1.3 weicht vom berechneten Wert 0.97 ab - Automatik hat Vorrang.
[2026-10-01 12:10:59]     -> Hinweis: geschaetzte Quote 69.25% weicht +58 Prozentpunkte vom echten Wert 127.72% ab - Automatik hat Vorrang.
[2026-10-01 12:10:59]   Hole Kurs fuer UVV ...
[2026-10-01 12:11:00]     -> 4 Ausschuettung(en) in 12 Monaten (quartalsweise), Summe 3.29 USD
[2026-10-01 12:11:00]     -> keine Analystenabdeckung fuer UVV (Prognoseseite existiert nicht)
[2026-10-01 12:11:00]     -> Hinweis: geschaetzte Quote 96% weicht +340 Prozentpunkte vom echten Wert 435.91% ab - Automatik hat Vorrang.
[2026-10-01 12:11:00]   Hole Kurs fuer 0010.HK ...
[2026-10-01 12:11:01]     -> 2 Ausschuettung(en) in 12 Monaten (halbjaehrlich), Summe 0.86 HKD
[2026-10-01 12:11:01]     -> keine Analystenabdeckung fuer 0010.HK (Prognoseseite existiert nicht)
[2026-10-01 12:11:01]     -> Hinweis: hinterlegte Verschuldung 1.3 weicht vom berechneten Wert 0.35 ab - Automatik hat Vorrang.
[2026-10-01 12:11:01]     -> Hinweis: geschaetzte Quote 65% weicht +18 Prozentpunkte vom echten Wert 82.52% ab - Automatik hat Vorrang.
[2026-10-01 12:11:01]   Hole Kurs fuer FRT ...
[2026-10-01 12:11:02]     -> 4 Ausschuettung(en) in 12 Monaten (quartalsweise), Summe 4.52 USD
[2026-10-01 12:11:02]     -> Analysten: Buy aus 19 Einstufungen, Kursziel 21.89%, 12 Monate Historie
[2026-10-01 12:11:03]   Hole Kurs fuer ELE.MC ...
[2026-10-01 12:11:03]     -> 2 Ausschuettung(en) in 12 Monaten (halbjaehrlich), Summe 1.584 EUR
[2026-10-01 12:11:03]     -> Analysten: Sell aus 23 Einstufungen, Kursziel -13.58%, 12 Monate Historie
[2026-10-01 12:11:03]     -> Hinweis: geschaetzte Quote 75% weicht -23 Prozentpunkte vom echten Wert 52.49% ab - Automatik hat Vorrang.
[2026-10-01 12:11:04]   Hole Kurs fuer TROW ...
[2026-10-01 12:11:04]     -> 4 Ausschuettung(en) in 12 Monaten (quartalsweise), Summe 5.17 USD
[2026-10-01 12:11:04]     -> Analysten: Hold aus 13 Einstufungen, Kursziel 4.59%, 12 Monate Historie
[2026-10-01 12:11:05]   Hole Kurs fuer ENGI.PA ...
[2026-10-01 12:11:05]     -> 1 Ausschuettung(en) in 12 Monaten (jaehrlich), Summe 1.35 EUR
[2026-10-01 12:11:05]     -> Analysten: Buy aus 19 Einstufungen, Kursziel 35.66%, 12 Monate Historie
[2026-10-01 12:11:06]   Hole Kurs fuer PAH3.DE ...
[2026-10-01 12:11:06]     -> 1 Ausschuettung(en) in 12 Monaten (jaehrlich), Summe 1.51 EUR
[2026-10-01 12:11:06]     -> Analysten: Hold aus 10 Einstufungen, Kursziel 38.62%, 12 Monate Historie
[2026-10-01 12:11:07]     -> Hinweis: hinterlegte Verschuldung 0.8 weicht vom berechneten Wert 0.19 ab - Automatik hat Vorrang.
[2026-10-01 12:11:07]     -> Hinweis: geschaetzte Quote 22.65% weicht +464 Prozentpunkte vom echten Wert 486.32% ab - Automatik hat Vorrang.
[2026-10-01 12:11:07]   Hole Kurs fuer DWNI.DE ...
[2026-10-01 12:11:07]     -> 1 Ausschuettung(en) in 12 Monaten (jaehrlich), Summe 0.04 EUR
[2026-10-01 12:11:07]     -> Analysten: Hold aus 3 Einstufungen, Kursziel 29.11%, 12 Monate Historie
[2026-10-01 12:11:08]     -> Hinweis: hinterlegte Verschuldung 1.3 weicht vom berechneten Wert 0.51 ab - Automatik hat Vorrang.
[2026-10-01 12:11:08]     -> Hinweis: geschaetzte Quote 46.17% weicht -45 Prozentpunkte vom echten Wert 1.06% ab - Automatik hat Vorrang.
[2026-10-01 12:11:08]   Hole Kurs fuer ATO ...
[2026-10-01 12:11:08]     -> 4 Ausschuettung(en) in 12 Monaten (quartalsweise), Summe 4.0 USD
[2026-10-01 12:11:09]     -> Analysten: Hold aus 14 Einstufungen, Kursziel 18.61%, 12 Monate Historie
[2026-10-01 12:11:09]   Hole Kurs fuer 030000.KS ...
[2026-10-01 12:11:09]     -> 1 Ausschuettung(en) in 12 Monaten (jaehrlich), Summe 1230.0 KRW
[2026-10-01 12:11:10]     -> Analysten: Strong Buy aus 11 Einstufungen, Kursziel 27.49%, 12 Monate Historie
[2026-10-01 12:11:10]     -> Hinweis: hinterlegte Verschuldung 0.8 weicht vom berechneten Wert 0.2 ab - Automatik hat Vorrang.
[2026-10-01 12:11:10]   Hole Kurs fuer CON.DE ...
[2026-10-01 12:11:11]     -> 1 Ausschuettung(en) in 12 Monaten (jaehrlich), Summe 2.7 EUR
[2026-10-01 12:11:11]     -> Analysten: Buy aus 13 Einstufungen, Kursziel 15.06%, 12 Monate Historie
[2026-10-01 12:11:11]     -> Hinweis: hinterlegte Verschuldung 0.8 weicht vom berechneten Wert 1.57 ab - Automatik hat Vorrang.
[2026-10-01 12:11:11]   Hole Kurs fuer MMM ...
[2026-10-01 12:11:12]     -> 4 Ausschuettung(en) in 12 Monaten (quartalsweise), Summe 3.07 USD
[2026-10-01 12:11:12]     -> Analysten: Buy aus 18 Einstufungen, Kursziel 14.35%, 12 Monate Historie
[2026-10-01 12:11:13]   Hole Kurs fuer BNS ...
[2026-10-01 12:11:13]     -> 2 Ausschuettung(en) in 12 Monaten (quartalsweise), Summe 1.595 USD [unvollstaendig]
[2026-10-01 12:11:13]     -> Analysten: Hold aus 14 Einstufungen, Kursziel -0.89%, 12 Monate Historie
[2026-10-01 12:11:14]   Hole Kurs fuer LYB ...
[2026-10-01 12:11:14]     -> 4 Ausschuettung(en) in 12 Monaten (quartalsweise), Summe 3.44 USD
[2026-10-01 12:11:14]     -> Analysten: Hold aus 19 Einstufungen, Kursziel 18.22%, 12 Monate Historie
[2026-10-01 12:11:15]     -> Hinweis: hinterlegte Verschuldung 0.8 weicht vom berechneten Wert 1.33 ab - Automatik hat Vorrang.
[2026-10-01 12:11:15]   Hole Kurs fuer SDF.DE ...
[2026-10-01 12:11:15]     -> 1 Ausschuettung(en) in 12 Monaten (jaehrlich), Summe 0.07 EUR
[2026-10-01 12:11:15]     -> Analysten: Hold aus 14 Einstufungen, Kursziel 12.05%, 12 Monate Historie
[2026-10-01 12:11:16]   Hole Kurs fuer 004990.KS ...
[2026-10-01 12:11:16]     -> 1 Ausschuettung(en) in 12 Monaten (jaehrlich), Summe 1250.0 KRW
[2026-10-01 12:11:16]     -> Analysten: Buy aus 2 Einstufungen, Kursziel 62.45%, 12 Monate Historie
[2026-10-01 12:11:17]   Hole Kurs fuer ABBV ...
[2026-10-01 12:11:17]     -> 4 Ausschuettung(en) in 12 Monaten (quartalsweise), Summe 6.83 USD
[2026-10-01 12:11:17]     -> Analysten: Buy aus 30 Einstufungen, Kursziel 6.51%, 12 Monate Historie
[2026-10-01 12:11:18]   Hole Kurs fuer ARCC ...
[2026-10-01 12:11:18]     -> 4 Ausschuettung(en) in 12 Monaten (quartalsweise), Summe 1.92 USD
[2026-10-01 12:11:19]     -> Analysten: Buy aus 14 Einstufungen, Kursziel 8.74%, 12 Monate Historie
[2026-10-01 12:11:19]   Hole Kurs fuer B7E.DE ...
[2026-10-01 12:11:19]     -> 1 Ausschuettung(en) in 12 Monaten (jaehrlich), Summe 1.6 EUR
[2026-10-01 12:11:20]     -> Analysten: Buy aus 4 Einstufungen, Kursziel 94.46%, 12 Monate Historie
[2026-10-01 12:11:20]     -> Hinweis: hinterlegte Verschuldung 0.8 weicht vom berechneten Wert 0.43 ab - Automatik hat Vorrang.
[2026-10-01 12:11:20]   Hole Kurs fuer HOT.DE ...
[2026-10-01 12:11:20]     -> 1 Ausschuettung(en) in 12 Monaten (jaehrlich), Summe 6.6 EUR
[2026-10-01 12:11:21]     -> Analysten: Hold aus 9 Einstufungen, Kursziel 28.82%, 12 Monate Historie
[2026-10-01 12:11:21]     -> Hinweis: hinterlegte Verschuldung 0.8 weicht vom berechneten Wert 7.16 ab - Automatik hat Vorrang.
[2026-10-01 12:11:21]   Hole Kurs fuer 8150.T ...
[2026-10-01 12:11:22]     -> 2 Ausschuettung(en) in 12 Monaten (halbjaehrlich), Summe 190.0 JPY
[2026-10-01 12:11:22]     -> keine Analystenabdeckung fuer 8150.T (Prognoseseite existiert nicht)
[2026-10-01 12:11:22]     -> Hinweis: hinterlegte Verschuldung 0.8 weicht vom berechneten Wert 0.32 ab - Automatik hat Vorrang.
[2026-10-01 12:11:22]   Hole Kurs fuer ADP ...
[2026-10-01 12:11:23]     -> 4 Ausschuettung(en) in 12 Monaten (quartalsweise), Summe 6.8 USD
[2026-10-01 12:11:23]     -> Analysten: Hold aus 18 Einstufungen, Kursziel 11.45%, 12 Monate Historie
[2026-10-01 12:11:23]   Hole Kurs fuer NESN.SW ...
[2026-10-01 12:11:24]     -> 1 Ausschuettung(en) in 12 Monaten (jaehrlich), Summe 3.1 CHF
[2026-10-01 12:11:24]     -> Analysten: Buy aus 22 Einstufungen, Kursziel 17.33%, 12 Monate Historie
[2026-10-01 12:11:24]   Hole Kurs fuer LOW ...
[2026-10-01 12:11:25]     -> 4 Ausschuettung(en) in 12 Monaten (quartalsweise), Summe 4.85 USD
[2026-10-01 12:11:25]     -> Analysten: Buy aus 35 Einstufungen, Kursziel 36.25%, 12 Monate Historie
[2026-10-01 12:11:26]   Hole Kurs fuer PEP ...
[2026-10-01 12:11:26]     -> 4 Ausschuettung(en) in 12 Monaten (quartalsweise), Summe 5.806 USD
[2026-10-01 12:11:26]     -> Analysten: Hold aus 24 Einstufungen, Kursziel 19.23%, 12 Monate Historie
[2026-10-01 12:11:27]   Hole Kurs fuer ED ...
[2026-10-01 12:11:27]     -> 4 Ausschuettung(en) in 12 Monaten (quartalsweise), Summe 3.514 USD
[2026-10-01 12:11:27]     -> Analysten: Hold aus 18 Einstufungen, Kursziel 7.22%, 12 Monate Historie
[2026-10-01 12:11:28]   Hole Kurs fuer MAIN ...
[2026-10-01 12:11:28]     -> 16 Ausschuettung(en) in 12 Monaten (monatlich), Summe 4.32 USD
[2026-10-01 12:11:28]     -> Analysten: Hold aus 7 Einstufungen, Kursziel 8.08%, 12 Monate Historie
[2026-10-01 12:11:29]   Hole Kurs fuer MNG.L ...
[2026-10-01 12:11:29]     -> 2 Ausschuettung(en) in 12 Monaten (halbjaehrlich), Summe 20.599999 GBp
[2026-10-01 12:11:29]     -> Analysten: Hold aus 12 Einstufungen, Kursziel 4.16%, 12 Monate Historie
[2026-10-01 12:11:30]   Hole Kurs fuer MCD ...
[2026-10-01 12:11:30]     -> 4 Ausschuettung(en) in 12 Monaten (quartalsweise), Summe 7.44 USD
[2026-10-01 12:11:31]     -> Analysten: Buy aus 35 Einstufungen, Kursziel 29.82%, 12 Monate Historie
[2026-10-01 12:11:31]   Hole Kurs fuer VZ ...
[2026-10-01 12:11:31]     -> 4 Ausschuettung(en) in 12 Monaten (quartalsweise), Summe 2.796 USD
[2026-10-01 12:11:32]     -> Analysten: Buy aus 25 Einstufungen, Kursziel 12.4%, 12 Monate Historie
[2026-10-01 12:11:32]   Hole Kurs fuer EPD ...
[2026-10-01 12:11:32]     -> 4 Ausschuettung(en) in 12 Monaten (quartalsweise), Summe 2.205 USD
[2026-10-01 12:11:33]     -> Analysten: Buy aus 21 Einstufungen, Kursziel 16.48%, 12 Monate Historie
[2026-10-01 12:11:33]   Hole Kurs fuer KMB ...
[2026-10-01 12:11:34]     -> 4 Ausschuettung(en) in 12 Monaten (quartalsweise), Summe 5.1 USD
[2026-10-01 12:11:34]     -> Analysten: Buy aus 16 Einstufungen, Kursziel 19.27%, 12 Monate Historie
[2026-10-01 12:11:34]   Hole Kurs fuer PFE ...
[2026-10-01 12:11:35]     -> 4 Ausschuettung(en) in 12 Monaten (quartalsweise), Summe 1.72 USD
[2026-10-01 12:11:35]     -> Analysten: Buy aus 28 Einstufungen, Kursziel 1.26%, 12 Monate Historie
[2026-10-01 12:11:35]     -> Hinweis: geschaetzte Quote 131% weicht +95 Prozentpunkte vom echten Wert 226.35% ab - Automatik hat Vorrang.
[2026-10-01 12:11:36]   Hole Kurs fuer SAN.PA ...
[2026-10-01 12:11:36]     -> 1 Ausschuettung(en) in 12 Monaten (jaehrlich), Summe 4.12 EUR
[2026-10-01 12:11:36]     -> Analysten: Buy aus 25 Einstufungen, Kursziel 26.44%, 12 Monate Historie
[2026-10-01 12:11:37]   Hole Kurs fuer WSU.DE ...
[2026-10-01 12:11:37]     -> 1 Ausschuettung(en) in 12 Monaten (jaehrlich), Summe 2.5 EUR
[2026-10-01 12:11:37]     -> Analysten: Strong Buy aus 3 Einstufungen, Kursziel 46.38%, 12 Monate Historie
[2026-10-01 12:11:38]     -> Hinweis: hinterlegte Verschuldung 0.8 weicht vom berechneten Wert 1.59 ab - Automatik hat Vorrang.
[2026-10-01 12:11:38]   Hole Kurs fuer 7240.T ...
[2026-10-01 12:11:38]     -> 2 Ausschuettung(en) in 12 Monaten (halbjaehrlich), Summe 135.0 JPY
[2026-10-01 12:11:38]     -> Analysten: Hold aus 4 Einstufungen, Kursziel 4.49%, 12 Monate Historie
[2026-10-01 12:11:39]   Hole Kurs fuer 8616.T ...
[2026-10-01 12:11:39]     -> 2 Ausschuettung(en) in 12 Monaten (halbjaehrlich), Summe 53.0 JPY
[2026-10-01 12:11:39]     -> keine Analystenabdeckung fuer 8616.T (Prognoseseite existiert nicht)
[2026-10-01 12:11:40]   Hole Kurs fuer 7177.T ...
[2026-10-01 12:11:40]     -> 4 Ausschuettung(en) in 12 Monaten (quartalsweise), Summe 51.07 JPY
[2026-10-01 12:11:40]     -> keine Analystenabdeckung fuer 7177.T (Prognoseseite existiert nicht)
[2026-10-01 12:11:41]   Hole Kurs fuer SAX.DE ...
[2026-10-01 12:11:41]     -> 1 Ausschuettung(en) in 12 Monaten (jaehrlich), Summe 1.85 EUR
[2026-10-01 12:11:41]     -> Analysten: Buy aus 11 Einstufungen, Kursziel 34.22%, 12 Monate Historie
[2026-10-01 12:11:42]     -> Hinweis: hinterlegte Verschuldung 0.8 weicht vom berechneten Wert 4.71 ab - Automatik hat Vorrang.
[2026-10-01 12:11:42]   Hole Kurs fuer SHEL.L ...
[2026-10-01 12:11:42]     -> Hinweis: hinterlegte Dividende 0.86 weicht +13019% von den tatsaechlich gezahlten 112.819997 ab - Automatik hat Vorrang.
[2026-10-01 12:11:42]     -> 4 Ausschuettung(en) in 12 Monaten (quartalsweise), Summe 112.819997 GBp
[2026-10-01 12:11:42]     -> Analysten: Buy aus 18 Einstufungen, Kursziel 10.64%, 12 Monate Historie
[2026-10-01 12:11:43]   Hole Kurs fuer M44U.SI ...
[2026-10-01 12:11:43]     -> Hinweis: hinterlegte Dividende 0.32 weicht -77% von den tatsaechlich gezahlten 0.07266 ab - Automatik hat Vorrang.
[2026-10-01 12:11:43]     -> 4 Ausschuettung(en) in 12 Monaten (quartalsweise), Summe 0.07266 SGD
[2026-10-01 12:11:43]     -> Analysten: Buy aus 15 Einstufungen, Kursziel 21.82%, 12 Monate Historie
[2026-10-01 12:11:44]   Hole Kurs fuer DOC ...
[2026-10-01 12:11:44]     -> Hinweis: hinterlegte Dividende 0.92 weicht +33% von den tatsaechlich gezahlten 1.224 ab - Automatik hat Vorrang.
[2026-10-01 12:11:44]     -> 12 Ausschuettung(en) in 12 Monaten (quartalsweise), Summe 1.224 USD
[2026-10-01 12:11:44]     -> Analysten: Buy aus 22 Einstufungen, Kursziel 14.92%, 12 Monate Historie
[2026-10-01 12:11:45]   Hole Kurs fuer IBE.MC ...
[2026-10-01 12:11:45]     -> 3 Ausschuettung(en) in 12 Monaten (quartalsweise), Summe 0.685 EUR [unvollstaendig]
[2026-10-01 12:11:45]     -> Analysten: Hold aus 23 Einstufungen, Kursziel -1.06%, 12 Monate Historie
[2026-10-01 12:11:46]   Hole Kurs fuer JEIP.DE ...
[2026-10-01 12:11:46]     -> 12 Ausschuettung(en) in 12 Monaten (monatlich), Summe 1.572168 EUR
[2026-10-01 12:11:46]   Hole Kurs fuer UCG.MI ...
[2026-10-01 12:11:47]     -> 2 Ausschuettung(en) in 12 Monaten (jaehrlich), Summe 3.149 EUR
[2026-10-01 12:11:47]     -> Analysten: Buy aus 18 Einstufungen, Kursziel 16.1%, 12 Monate Historie
[2026-10-01 12:11:47]   Hole Kurs fuer AGNC ...
[2026-10-01 12:11:48]     -> 12 Ausschuettung(en) in 12 Monaten (monatlich), Summe 1.44 USD
[2026-10-01 12:11:48]     -> Analysten: Hold aus 14 Einstufungen, Kursziel 21.94%, 12 Monate Historie
[2026-10-01 12:11:49]   Hole Kurs fuer UDHY.DE ...
[2026-10-01 12:11:49]     -> 2 Ausschuettung(en) in 12 Monaten (halbjaehrlich), Summe 0.142216 EUR
[2026-10-01 12:11:49]   Hole Kurs fuer SYBK.DE ...
[2026-10-01 12:11:49]     -> 2 Ausschuettung(en) in 12 Monaten (halbjaehrlich), Summe 2.46725 EUR
[2026-10-01 12:11:49]   Hole Kurs fuer MKC ...
[2026-10-01 12:11:50]     -> 4 Ausschuettung(en) in 12 Monaten (quartalsweise), Summe 1.89 USD
[2026-10-01 12:11:50]     -> Analysten: Buy aus 15 Einstufungen, Kursziel 29.48%, 12 Monate Historie
[2026-10-01 12:11:51]   Hole Kurs fuer BBAS3.SA ...
[2026-10-01 12:11:51]     -> 6 Ausschuettung(en) in 12 Monaten (quartalsweise), Summe 0.654951 BRL
[2026-10-01 12:11:51]     -> Analysten: Hold aus 13 Einstufungen, Kursziel 6.59%, 12 Monate Historie
[2026-10-01 12:11:52]   Hole Kurs fuer ECL ...
[2026-10-01 12:11:52]     -> Hinweis: hinterlegte Dividende 2.3 weicht +27% von den tatsaechlich gezahlten 2.92 ab - Automatik hat Vorrang.
[2026-10-01 12:11:52]     -> 4 Ausschuettung(en) in 12 Monaten (quartalsweise), Summe 2.92 USD
[2026-10-01 12:11:52]     -> Analysten: Buy aus 24 Einstufungen, Kursziel 18.34%, 12 Monate Historie
[2026-10-01 12:11:53]   Hole Kurs fuer GSK.L ...
[2026-10-01 12:11:53]     -> Hinweis: hinterlegte Dividende 0.63 weicht +10694% von den tatsaechlich gezahlten 68.0 ab - Automatik hat Vorrang.
[2026-10-01 12:11:53]     -> 4 Ausschuettung(en) in 12 Monaten (quartalsweise), Summe 68.0 GBp
[2026-10-01 12:11:53]     -> Analysten: Hold aus 23 Einstufungen, Kursziel 19.27%, 12 Monate Historie
[2026-10-01 12:11:54]   Hole Kurs fuer TTE.PA ...
[2026-10-01 12:11:54]     -> 4 Ausschuettung(en) in 12 Monaten (quartalsweise), Summe 3.45 EUR
[2026-10-01 12:11:54]     -> Analysten: Buy aus 14 Einstufungen, Kursziel 15.6%, 12 Monate Historie
[2026-10-01 12:11:55]     -> Hinweis: hinterlegte Verschuldung 1.2 weicht vom berechneten Wert 0.48 ab - Automatik hat Vorrang.
[2026-10-01 12:11:55]     -> Hinweis: geschaetzte Quote 70.14% weicht -20 Prozentpunkte vom echten Wert 50.09% ab - Automatik hat Vorrang.
[2026-10-01 12:11:55]   Hole Kurs fuer XY7D.DE ...
[2026-10-01 12:11:55]     -> 14 Ausschuettung(en) in 12 Monaten (monatlich), Summe 1.62513 EUR
[2026-10-01 12:11:55]   Hole Kurs fuer WCH.DE ...
[2026-10-01 12:11:55]     -> 0 Ausschuettung(en) in 12 Monaten (jaehrlich), Summe None EUR [unvollstaendig]
[2026-10-01 12:11:55]     -> WARNUNG: weder Boersen-Ausschuettungen noch dividend_per_share verfuegbar - Rendite 2.6% ist ein EINGEFRORENER Startwert (Stand 2026-08), NICHT tagesaktuell.
[2026-10-01 12:11:56]     -> Analysten: Hold aus 12 Einstufungen, Kursziel 3.1%, 12 Monate Historie
[2026-10-01 12:11:56]   Hole Kurs fuer T ...
[2026-10-01 12:11:57]     -> 4 Ausschuettung(en) in 12 Monaten (quartalsweise), Summe 1.112 USD
[2026-10-01 12:11:57]     -> Analysten: Buy aus 26 Einstufungen, Kursziel 19.06%, 12 Monate Historie
[2026-10-01 12:11:57]   Hole Kurs fuer 9364.T ...
[2026-10-01 12:11:58]     -> 2 Ausschuettung(en) in 12 Monaten (halbjaehrlich), Summe 215.0 JPY
[2026-10-01 12:11:58]     -> Analysten: Buy aus 3 Einstufungen, Kursziel 15.3%, 12 Monate Historie
[2026-10-01 12:11:58]     -> Hinweis: hinterlegte Verschuldung 0.8 weicht vom berechneten Wert 0.15 ab - Automatik hat Vorrang.
[2026-10-01 12:11:58]   Hole Kurs fuer CB ...
[2026-10-01 12:11:59]     -> Hinweis: hinterlegte Dividende 3.8 weicht -21% von den tatsaechlich gezahlten 3.01 ab - Automatik hat Vorrang.
[2026-10-01 12:11:59]     -> 3 Ausschuettung(en) in 12 Monaten (quartalsweise), Summe 3.01 USD [unvollstaendig]
[2026-10-01 12:11:59]     -> Analysten: Buy aus 25 Einstufungen, Kursziel 12.5%, 12 Monate Historie
[2026-10-01 12:11:59]   Hole Kurs fuer VNA.DE ...
[2026-10-01 12:12:00]     -> 1 Ausschuettung(en) in 12 Monaten (jaehrlich), Summe 1.25 EUR
[2026-10-01 12:12:00]     -> Analysten: Buy aus 17 Einstufungen, Kursziel 53.59%, 12 Monate Historie
[2026-10-01 12:12:00]     -> Hinweis: geschaetzte Quote 51.42% weicht -24 Prozentpunkte vom echten Wert 27.42% ab - Automatik hat Vorrang.
[2026-10-01 12:12:01]   Hole Kurs fuer VOD.L ...
[2026-10-01 12:12:01]     -> Hinweis: hinterlegte Dividende 0.09 weicht +4309% von den tatsaechlich gezahlten 3.968066 ab - Automatik hat Vorrang.
[2026-10-01 12:12:01]     -> 2 Ausschuettung(en) in 12 Monaten (halbjaehrlich), Summe 3.968066 GBp
[2026-10-01 12:12:01]     -> Analysten: Hold aus 16 Einstufungen, Kursziel -1.34%, 12 Monate Historie
[2026-10-01 12:12:02]   Hole Kurs fuer ISPA.DE ...
[2026-10-01 12:12:02]     -> 4 Ausschuettung(en) in 12 Monaten (quartalsweise), Summe 1.524521 EUR
[2026-10-01 12:12:02]   Hole Kurs fuer MFC ...
[2026-10-01 12:12:02]     -> 3 Ausschuettung(en) in 12 Monaten (quartalsweise), Summe 1.058 USD [unvollstaendig]
[2026-10-01 12:12:02]     -> keine Analystenabdeckung fuer MFC (Prognoseseite existiert nicht)
[2026-10-01 12:12:03]   Hole Kurs fuer DOV ...
[2026-10-01 12:12:03]     -> 4 Ausschuettung(en) in 12 Monaten (quartalsweise), Summe 2.085 USD
[2026-10-01 12:12:04]     -> Analysten: Buy aus 19 Einstufungen, Kursziel 30.9%, 12 Monate Historie
[2026-10-01 12:12:04]   Hole Kurs fuer JST.DE ...
[2026-10-01 12:12:04]     -> 1 Ausschuettung(en) in 12 Monaten (jaehrlich), Summe 1.5 EUR
[2026-10-01 12:12:05]     -> Analysten: Strong Buy aus 5 Einstufungen, Kursziel 27.57%, 12 Monate Historie
[2026-10-01 12:12:05]     -> Hinweis: hinterlegte Verschuldung 0.8 weicht vom berechneten Wert 1.4 ab - Automatik hat Vorrang.
[2026-10-01 12:12:05]   Hole Kurs fuer ORA.PA ...
[2026-10-01 12:12:06]     -> 2 Ausschuettung(en) in 12 Monaten (halbjaehrlich), Summe 0.75 EUR
[2026-10-01 12:12:06]     -> Analysten: Buy aus 16 Einstufungen, Kursziel 38.17%, 12 Monate Historie
[2026-10-01 12:12:06]   Hole Kurs fuer IS0Q.DE ...
[2026-10-01 12:12:07]     -> 4 Ausschuettung(en) in 12 Monaten (halbjaehrlich), Summe 5.458615 EUR
[2026-10-01 12:12:07]   Hole Kurs fuer PWO.DE ...
[2026-10-01 12:12:07]     -> 1 Ausschuettung(en) in 12 Monaten (jaehrlich), Summe 1.65 EUR
[2026-10-01 12:12:07]     -> keine Analystenabdeckung fuer PWO.DE (Prognoseseite existiert nicht)
[2026-10-01 12:12:08]   Hole Kurs fuer BCH ...
[2026-10-01 12:12:08]     -> 1 Ausschuettung(en) in 12 Monaten (jaehrlich), Summe 2.183 USD
[2026-10-01 12:12:08]     -> Analysten: Hold aus 12 Einstufungen, Kursziel -0.37%, 12 Monate Historie
[2026-10-01 12:12:09]   Hole Kurs fuer EMR ...
[2026-10-01 12:12:09]     -> 4 Ausschuettung(en) in 12 Monaten (quartalsweise), Summe 2.22 USD
[2026-10-01 12:12:09]     -> Analysten: Buy aus 30 Einstufungen, Kursziel 11.86%, 12 Monate Historie
[2026-10-01 12:12:10]   Hole Kurs fuer NLY ...
[2026-10-01 12:12:10]     -> 4 Ausschuettung(en) in 12 Monaten (quartalsweise), Summe 2.9 USD
[2026-10-01 12:12:10]     -> Analysten: Buy aus 13 Einstufungen, Kursziel 28.27%, 12 Monate Historie
[2026-10-01 12:12:11]     -> Hinweis: hinterlegte Verschuldung 1.3 weicht vom berechneten Wert 7.38 ab - Automatik hat Vorrang.
[2026-10-01 12:12:11]   Hole Kurs fuer ALV.DE ...
[2026-10-01 12:12:11]     -> 1 Ausschuettung(en) in 12 Monaten (jaehrlich), Summe 17.1 EUR
[2026-10-01 12:12:11]     -> Analysten: Hold aus 17 Einstufungen, Kursziel 6.25%, 12 Monate Historie
[2026-10-01 12:12:12]   Hole Kurs fuer 8395.T ...
[2026-10-01 12:12:12]     -> 2 Ausschuettung(en) in 12 Monaten (halbjaehrlich), Summe 115.0 JPY
[2026-10-01 12:12:13]     -> stockanalysis: weder Quote noch Verschuldung fuer 8395.T gefunden (Seite erreichbar, Layout evtl. geaendert)
[2026-10-01 12:12:13]     -> keine Analystenabdeckung fuer 8395.T (Prognoseseite existiert nicht)
[2026-10-01 12:12:14]   Hole Kurs fuer 1833.T ...
[2026-10-01 12:12:14]     -> 2 Ausschuettung(en) in 12 Monaten (halbjaehrlich), Summe 337.0 JPY
[2026-10-01 12:12:14]     -> keine Analystenabdeckung fuer 1833.T (Prognoseseite existiert nicht)
[2026-10-01 12:12:14]     -> Hinweis: hinterlegte Verschuldung 0.8 weicht vom berechneten Wert 0.35 ab - Automatik hat Vorrang.
[2026-10-01 12:12:15]   Hole Kurs fuer NUE ...
[2026-10-01 12:12:15]     -> 4 Ausschuettung(en) in 12 Monaten (quartalsweise), Summe 2.24 USD
[2026-10-01 12:12:15]     -> Analysten: Buy aus 17 Einstufungen, Kursziel 21.34%, 12 Monate Historie
[2026-10-01 12:12:16]   Hole Kurs fuer EC ...
[2026-10-01 12:12:16]     -> 1 Ausschuettung(en) in 12 Monaten (halbjaehrlich), Summe 0.661 USD [unvollstaendig]
[2026-10-01 12:12:16]     -> Analysten: Sell aus 11 Einstufungen, Kursziel -14.5%, 12 Monate Historie
[2026-10-01 12:12:17]   Hole Kurs fuer NWX.DE ...
[2026-10-01 12:12:17]   Yahoo-Fehler bei NWX.DE: HTTP 404, Antwort-Anfang: b'{"chart":{"result":null,"error":{"code":"Not Found","description":"No data found, symbol may be delisted"}}}'
[2026-10-01 12:12:17]   Twelve Data (Kursverlauf)-Fehler (HTTP 404) bei time_series: b'{"code":404,"message":"**symbol** or **figi** parameter is missing or invalid. Please provide a valid symbol according to API documentation: https://t'
[2026-10-01 12:12:17]   Twelve Data (Kursverlauf) lieferte keine verwertbaren Daten fuer NWX:XETRA
[2026-10-01 12:12:18]   Stooq lieferte keine verwertbaren Kursdaten fuer nwx.de (HTTP 200), Antwort-Anfang: '<!DOCTYPE html><html><head><meta charset="utf-8"><meta name="robots" content="noindex,nofollow"></head><body><noscript>This site requires JavaScript t'
[2026-10-01 12:12:18]     -> kein Kurs erhalten (Yahoo/Twelve Data/Stooq scheiterten alle) - zeige NWX.DE trotzdem mit den Stammdaten, aber OHNE (veralteten) Kurs an.
[2026-10-01 12:12:18]     -> WARNUNG: weder Boersen-Ausschuettungen noch dividend_per_share verfuegbar - Rendite 6% ist ein EINGEFRORENER Startwert (Stand 2026-08), NICHT tagesaktuell.
[2026-10-01 12:12:18]     -> stockanalysis: HTTP 404 fuer NWX.DE (https://stockanalysis.com/quote/etr/NWX/statistics/)
[2026-10-01 12:12:18]     -> keine Analystenabdeckung fuer NWX.DE (Prognoseseite existiert nicht)
[2026-10-01 12:12:19]   Hole Kurs fuer WPC ...
[2026-10-01 12:12:19]     -> 4 Ausschuettung(en) in 12 Monaten (quartalsweise), Summe 3.74 USD
[2026-10-01 12:12:20]     -> Analysten: Buy aus 15 Einstufungen, Kursziel 22.23%, 12 Monate Historie
[2026-10-01 12:12:20]     -> Hinweis: geschaetzte Quote 100% weicht +27 Prozentpunkte vom echten Wert 126.64% ab - Automatik hat Vorrang.
[2026-10-01 12:12:20]   Hole Kurs fuer M12.DE ...
[2026-10-01 12:12:20]     -> 1 Ausschuettung(en) in 12 Monaten (jaehrlich), Summe 1.2 EUR
[2026-10-01 12:12:21]     -> keine Analystenabdeckung fuer M12.DE (Prognoseseite existiert nicht)
[2026-10-01 12:12:21]     -> Hinweis: hinterlegte Verschuldung 0.8 weicht vom berechneten Wert 0.04 ab - Automatik hat Vorrang.
[2026-10-01 12:12:21]   Hole Kurs fuer BBSE3.SA ...
[2026-10-01 12:12:21]     -> 2 Ausschuettung(en) in 12 Monaten (halbjaehrlich), Summe 4.590092 BRL
[2026-10-01 12:12:22]     -> Analysten: Sell aus 12 Einstufungen, Kursziel -4.93%, 12 Monate Historie
[2026-10-01 12:12:22]     -> Hinweis: geschaetzte Quote 70% weicht +26 Prozentpunkte vom echten Wert 96.09% ab - Automatik hat Vorrang.
[2026-10-01 12:12:22]   Hole Kurs fuer CL ...
[2026-10-01 12:12:23]     -> 4 Ausschuettung(en) in 12 Monaten (quartalsweise), Summe 2.1 USD
[2026-10-01 12:12:23]     -> Analysten: Buy aus 21 Einstufungen, Kursziel 15.56%, 12 Monate Historie
[2026-10-01 12:12:23]   Hole Kurs fuer TRYG.CO ...
[2026-10-01 12:12:24]     -> 4 Ausschuettung(en) in 12 Monaten (quartalsweise), Summe 8.4 DKK
[2026-10-01 12:12:24]     -> Analysten: Hold aus 16 Einstufungen, Kursziel 18.71%, 12 Monate Historie
[2026-10-01 12:12:25]   Hole Kurs fuer MBG.DE ...
[2026-10-01 12:12:25]     -> 1 Ausschuettung(en) in 12 Monaten (jaehrlich), Summe 3.5 EUR
[2026-10-01 12:12:25]     -> Analysten: Buy aus 23 Einstufungen, Kursziel 38.61%, 12 Monate Historie
[2026-10-01 12:12:25]     -> Hinweis: hinterlegte Verschuldung 0.8 weicht vom berechneten Wert 1.1 ab - Automatik hat Vorrang.
[2026-10-01 12:12:26]   Hole Kurs fuer KIM ...
[2026-10-01 12:12:26]     -> 4 Ausschuettung(en) in 12 Monaten (quartalsweise), Summe 1.06 USD
[2026-10-01 12:12:26]     -> Analysten: Buy aus 23 Einstufungen, Kursziel 20.76%, 12 Monate Historie
[2026-10-01 12:12:27]     -> Hinweis: hinterlegte Verschuldung 1.3 weicht vom berechneten Wert 0.85 ab - Automatik hat Vorrang.
[2026-10-01 12:12:27]   Hole Kurs fuer RO.SW ...
[2026-10-01 12:12:27]     -> 1 Ausschuettung(en) in 12 Monaten (jaehrlich), Summe 10.799 CHF
[2026-10-01 12:12:27]     -> stockanalysis: HTTP 404 fuer RO.SW (https://stockanalysis.com/quote/swx/RO/statistics/)
[2026-10-01 12:12:28]     -> keine Analystenabdeckung fuer RO.SW (Prognoseseite existiert nicht)
[2026-10-01 12:12:28]   Hole Kurs fuer JNJ ...
[2026-10-01 12:12:29]     -> 4 Ausschuettung(en) in 12 Monaten (quartalsweise), Summe 5.28 USD
[2026-10-01 12:12:29]     -> Analysten: Buy aus 23 Einstufungen, Kursziel 5.49%, 12 Monate Historie
[2026-10-01 12:12:30]   Hole Kurs fuer AFL ...
[2026-10-01 12:12:30]     -> 4 Ausschuettung(en) in 12 Monaten (quartalsweise), Summe 2.41 USD
[2026-10-01 12:12:30]     -> Analysten: Hold aus 15 Einstufungen, Kursziel 6.04%, 12 Monate Historie
[2026-10-01 12:12:31]   Hole Kurs fuer JEQP.DE ...
[2026-10-01 12:12:31]     -> 12 Ausschuettung(en) in 12 Monaten (monatlich), Summe 2.523495 EUR
[2026-10-01 12:12:31]   Hole Kurs fuer NTGY.MC ...
[2026-10-01 12:12:31]     -> Hinweis: hinterlegte Dividende 1.4 weicht +26% von den tatsaechlich gezahlten 1.77 ab - Automatik hat Vorrang.
[2026-10-01 12:12:31]     -> 3 Ausschuettung(en) in 12 Monaten (halbjaehrlich), Summe 1.77 EUR
[2026-10-01 12:12:31]     -> Analysten: Buy aus 17 Einstufungen, Kursziel 5.5%, 12 Monate Historie
[2026-10-01 12:12:32]   Hole Kurs fuer GWW ...
[2026-10-01 12:12:32]     -> 4 Ausschuettung(en) in 12 Monaten (quartalsweise), Summe 9.5 USD
[2026-10-01 12:12:33]     -> Analysten: Hold aus 19 Einstufungen, Kursziel 6.89%, 12 Monate Historie
[2026-10-01 12:12:33]   Hole Kurs fuer ME8U.SI ...
[2026-10-01 12:12:33]     -> Hinweis: hinterlegte Dividende 0.54 weicht -77% von den tatsaechlich gezahlten 0.1255 ab - Automatik hat Vorrang.
[2026-10-01 12:12:33]     -> 4 Ausschuettung(en) in 12 Monaten (quartalsweise), Summe 0.1255 SGD
[2026-10-01 12:12:34]     -> Analysten: Hold aus 15 Einstufungen, Kursziel 6.49%, 12 Monate Historie
[2026-10-01 12:12:34]   Hole Kurs fuer CHD ...
[2026-10-01 12:12:34]     -> 4 Ausschuettung(en) in 12 Monaten (quartalsweise), Summe 1.219 USD
[2026-10-01 12:12:35]     -> Analysten: Buy aus 21 Einstufungen, Kursziel 11.56%, 12 Monate Historie
[2026-10-01 12:12:35]   Hole Kurs fuer EVSD.DE ...
[2026-10-01 12:12:36]     -> 12 Ausschuettung(en) in 12 Monaten (monatlich), Summe 1.377 EUR
[2026-10-01 12:12:36]   Hole Kurs fuer FAHY.DE ...
[2026-10-01 12:12:36]     -> 4 Ausschuettung(en) in 12 Monaten (quartalsweise), Summe 1.208557 EUR
[2026-10-01 12:12:36]   Hole Kurs fuer 8963.T ...
[2026-10-01 12:12:36]     -> 2 Ausschuettung(en) in 12 Monaten (halbjaehrlich), Summe 4116.0 JPY
[2026-10-01 12:12:37]     -> Analysten: Strong Buy aus 7 Einstufungen, Kursziel 31.7%, 12 Monate Historie
[2026-10-01 12:12:37]     -> Hinweis: hinterlegte Verschuldung 1.3 weicht vom berechneten Wert 0.99 ab - Automatik hat Vorrang.
[2026-10-01 12:12:37]   Hole Kurs fuer HAW.DE ...
[2026-10-01 12:12:37]     -> 1 Ausschuettung(en) in 12 Monaten (jaehrlich), Summe 1.0 EUR
[2026-10-01 12:12:38]     -> keine Analystenabdeckung fuer HAW.DE (Prognoseseite existiert nicht)
[2026-10-01 12:12:38]     -> Hinweis: hinterlegte Verschuldung 0.8 weicht vom berechneten Wert 1.57 ab - Automatik hat Vorrang.
[2026-10-01 12:12:38]   Hole Kurs fuer SREN.SW ...
[2026-10-01 12:12:38]     -> 1 Ausschuettung(en) in 12 Monaten (jaehrlich), Summe 6.68152 CHF
[2026-10-01 12:12:39]     -> Analysten: Sell aus 16 Einstufungen, Kursziel -5.63%, 12 Monate Historie
[2026-10-01 12:12:39]   Hole Kurs fuer 5401.T ...
[2026-10-01 12:12:40]     -> 2 Ausschuettung(en) in 12 Monaten (halbjaehrlich), Summe 24.0 JPY
[2026-10-01 12:12:40]     -> Analysten: Buy aus 9 Einstufungen, Kursziel 12.65%, 12 Monate Historie
[2026-10-01 12:12:40]   Hole Kurs fuer BIJ.DE ...
[2026-10-01 12:12:41]     -> 1 Ausschuettung(en) in 12 Monaten (jaehrlich), Summe 6.0 EUR
[2026-10-01 12:12:41]     -> Quote 158.75% / Verschuldung 0.7 via stockanalysis
[2026-10-01 12:12:41]     -> keine Analystenabdeckung fuer BIJ.DE (Prognoseseite existiert nicht)
[2026-10-01 12:12:42]   Hole Kurs fuer DTE.DE ...
[2026-10-01 12:12:42]     -> 1 Ausschuettung(en) in 12 Monaten (jaehrlich), Summe 1.0 EUR
[2026-10-01 12:12:42]     -> Analysten: Buy aus 18 Einstufungen, Kursziel 38.61%, 12 Monate Historie
[2026-10-01 12:12:43]   Hole Kurs fuer ENB ...
[2026-10-01 12:12:43]     -> Hinweis: hinterlegte Dividende 3.55 weicht -40% von den tatsaechlich gezahlten 2.115 ab - Automatik hat Vorrang.
[2026-10-01 12:12:43]     -> 3 Ausschuettung(en) in 12 Monaten (quartalsweise), Summe 2.115 USD [unvollstaendig]
[2026-10-01 12:12:44]     -> Analysten: Buy aus 23 Einstufungen, Kursziel 11.21%, 12 Monate Historie
[2026-10-01 12:12:44] Anreicherung (News/Analysten-Grades) fuer 30 Top-Kandidaten + Depot (von 116 qualifizierten) ...
[2026-10-01 12:12:44]   FMP-Fehler (HTTP 402) bei news/stock: b'Restricted Endpoint: This endpoint is not available under your current subscription please visit our subscription page to upgrade your plan at https:/'
[2026-10-01 12:12:45]   Finnhub (News)-Fehler (HTTP 403) bei company-news: b'{"error":"You don\'t have access to this resource."}'
[2026-10-01 12:12:45]   FMP-Fehler (HTTP 402) bei grades: b"Premium Query Parameter: 'Special Endpoint : This value set for 'symbol' is not available under your current subscription please visit our subscriptio"
[2026-10-01 12:12:46]   Finnhub (Empfehlungen)-Fehler (HTTP 403) bei stock/recommendation: b'{"error":"You don\'t have access to this resource."}'
[2026-10-01 12:12:46]   FMP-Fehler (HTTP 402) bei news/stock: b'Restricted Endpoint: This endpoint is not available under your current subscription please visit our subscription page to upgrade your plan at https:/'
[2026-10-01 12:12:47]   Finnhub (News)-Fehler (HTTP 403) bei company-news: b'{"error":"You don\'t have access to this resource."}'
[2026-10-01 12:12:47]   FMP-Fehler (HTTP 402) bei grades: b"Premium Query Parameter: 'Special Endpoint : This value set for 'symbol' is not available under your current subscription please visit our subscriptio"
[2026-10-01 12:12:47]   Finnhub (Empfehlungen)-Fehler (HTTP 403) bei stock/recommendation: b'{"error":"You don\'t have access to this resource."}'
[2026-10-01 12:12:47]   FMP-Fehler (HTTP 402) bei news/stock: b'Restricted Endpoint: This endpoint is not available under your current subscription please visit our subscription page to upgrade your plan at https:/'
[2026-10-01 12:12:48]   Finnhub (News)-Fehler (HTTP 403) bei company-news: b'{"error":"You don\'t have access to this resource."}'
[2026-10-01 12:12:48]   FMP-Fehler (HTTP 402) bei grades: b"Premium Query Parameter: 'Special Endpoint : This value set for 'symbol' is not available under your current subscription please visit our subscriptio"
[2026-10-01 12:12:48]   Finnhub (Empfehlungen)-Fehler (HTTP 403) bei stock/recommendation: b'{"error":"You don\'t have access to this resource."}'
[2026-10-01 12:12:49]   FMP-Fehler (HTTP 402) bei news/stock: b'Restricted Endpoint: This endpoint is not available under your current subscription please visit our subscription page to upgrade your plan at https:/'
[2026-10-01 12:12:49]   Finnhub (News)-Fehler (HTTP 403) bei company-news: b'{"error":"You don\'t have access to this resource."}'
[2026-10-01 12:12:49]   FMP-Fehler (HTTP 402) bei grades: b"Premium Query Parameter: 'Special Endpoint : This value set for 'symbol' is not available under your current subscription please visit our subscriptio"
[2026-10-01 12:12:49]   Finnhub (Empfehlungen)-Fehler (HTTP 403) bei stock/recommendation: b'{"error":"You don\'t have access to this resource."}'
[2026-10-01 12:12:50]   FMP-Fehler (HTTP 402) bei news/stock: b'Restricted Endpoint: This endpoint is not available under your current subscription please visit our subscription page to upgrade your plan at https:/'
[2026-10-01 12:12:50]   Finnhub (News)-Fehler (HTTP 403) bei company-news: b'{"error":"You don\'t have access to this resource."}'
[2026-10-01 12:12:50]   FMP-Fehler (HTTP 402) bei grades: b"Premium Query Parameter: 'Special Endpoint : This value set for 'symbol' is not available under your current subscription please visit our subscriptio"
[2026-10-01 12:12:51]   Finnhub (Empfehlungen)-Fehler (HTTP 403) bei stock/recommendation: b'{"error":"You don\'t have access to this resource."}'
[2026-10-01 12:12:51]   FMP-Fehler (HTTP 402) bei news/stock: b'Restricted Endpoint: This endpoint is not available under your current subscription please visit our subscription page to upgrade your plan at https:/'
[2026-10-01 12:12:52]   Finnhub (News)-Fehler (HTTP 403) bei company-news: b'{"error":"You don\'t have access to this resource."}'
[2026-10-01 12:12:52]   FMP-Fehler (HTTP 402) bei grades: b"Premium Query Parameter: 'Special Endpoint : This value set for 'symbol' is not available under your current subscription please visit our subscriptio"
[2026-10-01 12:12:53]   Finnhub (Empfehlungen)-Fehler (HTTP 403) bei stock/recommendation: b'{"error":"You don\'t have access to this resource."}'
[2026-10-01 12:12:54]   FMP-Fehler (HTTP 402) bei news/stock: b'Restricted Endpoint: This endpoint is not available under your current subscription please visit our subscription page to upgrade your plan at https:/'
[2026-10-01 12:12:55]   Finnhub (News)-Fehler (HTTP 403) bei company-news: b'{"error":"You don\'t have access to this resource."}'
[2026-10-01 12:12:56]   FMP-Fehler (HTTP 402) bei grades: b"Premium Query Parameter: 'Special Endpoint : This value set for 'symbol' is not available under your current subscription please visit our subscriptio"
[2026-10-01 12:12:56]   Finnhub (Empfehlungen)-Fehler (HTTP 403) bei stock/recommendation: b'{"error":"You don\'t have access to this resource."}'
[2026-10-01 12:12:56]   FMP-Fehler (HTTP 402) bei news/stock: b'Restricted Endpoint: This endpoint is not available under your current subscription please visit our subscription page to upgrade your plan at https:/'
[2026-10-01 12:12:56]   Finnhub (News)-Fehler (HTTP 403) bei company-news: b'{"error":"You don\'t have access to this resource."}'
[2026-10-01 12:12:57]   FMP-Fehler (HTTP 402) bei grades: b"Premium Query Parameter: 'Special Endpoint : This value set for 'symbol' is not available under your current subscription please visit our subscriptio"
[2026-10-01 12:12:57]   Finnhub (Empfehlungen)-Fehler (HTTP 403) bei stock/recommendation: b'{"error":"You don\'t have access to this resource."}'
[2026-10-01 12:12:58]   FMP-Fehler (HTTP 402) bei news/stock: b'Restricted Endpoint: This endpoint is not available under your current subscription please visit our subscription page to upgrade your plan at https:/'
[2026-10-01 12:12:58]   Finnhub (News)-Fehler (HTTP 403) bei company-news: b'{"error":"You don\'t have access to this resource."}'
[2026-10-01 12:12:58]   FMP-Fehler (HTTP 402) bei grades: b"Premium Query Parameter: 'Special Endpoint : This value set for 'symbol' is not available under your current subscription please visit our subscriptio"
[2026-10-01 12:12:58]   Finnhub (Empfehlungen)-Fehler (HTTP 403) bei stock/recommendation: b'{"error":"You don\'t have access to this resource."}'
[2026-10-01 12:12:59]   FMP-Fehler (HTTP 402) bei news/stock: b'Restricted Endpoint: This endpoint is not available under your current subscription please visit our subscription page to upgrade your plan at https:/'
[2026-10-01 12:12:59]   Finnhub (News)-Fehler (HTTP 403) bei company-news: b'{"error":"You don\'t have access to this resource."}'
[2026-10-01 12:12:59]   FMP-Fehler (HTTP 402) bei grades: b"Premium Query Parameter: 'Special Endpoint : This value set for 'symbol' is not available under your current subscription please visit our subscriptio"
[2026-10-01 12:13:00]   Finnhub (Empfehlungen)-Fehler (HTTP 403) bei stock/recommendation: b'{"error":"You don\'t have access to this resource."}'
[2026-10-01 12:13:00]   FMP-Fehler (HTTP 402) bei news/stock: b'Restricted Endpoint: This endpoint is not available under your current subscription please visit our subscription page to upgrade your plan at https:/'
[2026-10-01 12:13:00]   Finnhub (News)-Fehler (HTTP 403) bei company-news: b'{"error":"You don\'t have access to this resource."}'
[2026-10-01 12:13:01]   FMP-Fehler (HTTP 402) bei grades: b"Premium Query Parameter: 'Special Endpoint : This value set for 'symbol' is not available under your current subscription please visit our subscriptio"
[2026-10-01 12:13:01]   Finnhub (Empfehlungen)-Fehler (HTTP 403) bei stock/recommendation: b'{"error":"You don\'t have access to this resource."}'
[2026-10-01 12:13:01]   FMP-Fehler (HTTP 402) bei news/stock: b'Restricted Endpoint: This endpoint is not available under your current subscription please visit our subscription page to upgrade your plan at https:/'
[2026-10-01 12:13:02]     -> News via Finnhub ergaenzt
[2026-10-01 12:13:02]   FMP-Fehler (HTTP 402) bei grades: b"Premium Query Parameter: 'Special Endpoint : This value set for 'symbol' is not available under your current subscription please visit our subscriptio"
[2026-10-01 12:13:02]     -> Analysten-Konsens via Finnhub ergaenzt
[2026-10-01 12:13:03]   FMP-Fehler (HTTP 402) bei news/stock: b'Restricted Endpoint: This endpoint is not available under your current subscription please visit our subscription page to upgrade your plan at https:/'
[2026-10-01 12:13:04]   Finnhub (News)-Fehler (HTTP 403) bei company-news: b'{"error":"You don\'t have access to this resource."}'
[2026-10-01 12:13:05]   FMP-Fehler (HTTP 402) bei grades: b"Premium Query Parameter: 'Special Endpoint : This value set for 'symbol' is not available under your current subscription please visit our subscriptio"
[2026-10-01 12:13:05]   Finnhub (Empfehlungen)-Fehler (HTTP 403) bei stock/recommendation: b'{"error":"You don\'t have access to this resource."}'
[2026-10-01 12:13:06]   FMP-Fehler (HTTP 402) bei news/stock: b'Restricted Endpoint: This endpoint is not available under your current subscription please visit our subscription page to upgrade your plan at https:/'
[2026-10-01 12:13:06]     -> News via Finnhub ergaenzt
[2026-10-01 12:13:06]   FMP-Fehler (HTTP 402) bei grades: b"Premium Query Parameter: 'Special Endpoint : This value set for 'symbol' is not available under your current subscription please visit our subscriptio"
[2026-10-01 12:13:06]     -> Analysten-Konsens via Finnhub ergaenzt
[2026-10-01 12:13:06]   FMP-Fehler (HTTP 402) bei news/stock: b'Restricted Endpoint: This endpoint is not available under your current subscription please visit our subscription page to upgrade your plan at https:/'
[2026-10-01 12:13:07]   Finnhub (News)-Fehler (HTTP 403) bei company-news: b'{"error":"You don\'t have access to this resource."}'
[2026-10-01 12:13:07]   FMP-Fehler (HTTP 402) bei grades: b"Premium Query Parameter: 'Special Endpoint : This value set for 'symbol' is not available under your current subscription please visit our subscriptio"
[2026-10-01 12:13:07]   Finnhub (Empfehlungen)-Fehler (HTTP 403) bei stock/recommendation: b'{"error":"You don\'t have access to this resource."}'
[2026-10-01 12:13:07]   FMP-Fehler (HTTP 402) bei news/stock: b'Restricted Endpoint: This endpoint is not available under your current subscription please visit our subscription page to upgrade your plan at https:/'
[2026-10-01 12:13:08]   Finnhub (News)-Fehler (HTTP 403) bei company-news: b'{"error":"You don\'t have access to this resource."}'
[2026-10-01 12:13:08]   FMP-Fehler (HTTP 402) bei grades: b"Premium Query Parameter: 'Special Endpoint : This value set for 'symbol' is not available under your current subscription please visit our subscriptio"
[2026-10-01 12:13:08]   Finnhub (Empfehlungen)-Fehler (HTTP 403) bei stock/recommendation: b'{"error":"You don\'t have access to this resource."}'
[2026-10-01 12:13:09]   FMP-Fehler (HTTP 402) bei news/stock: b'Restricted Endpoint: This endpoint is not available under your current subscription please visit our subscription page to upgrade your plan at https:/'
[2026-10-01 12:13:09]   Finnhub (News)-Fehler (HTTP 403) bei company-news: b'{"error":"You don\'t have access to this resource."}'
[2026-10-01 12:13:09]   FMP-Fehler (HTTP 402) bei grades: b"Premium Query Parameter: 'Special Endpoint : This value set for 'symbol' is not available under your current subscription please visit our subscriptio"
[2026-10-01 12:13:10]   Finnhub (Empfehlungen)-Fehler (HTTP 403) bei stock/recommendation: b'{"error":"You don\'t have access to this resource."}'
[2026-10-01 12:13:10]   FMP-Fehler (HTTP 402) bei news/stock: b'Restricted Endpoint: This endpoint is not available under your current subscription please visit our subscription page to upgrade your plan at https:/'
[2026-10-01 12:13:10]   Finnhub (News)-Fehler (HTTP 403) bei company-news: b'{"error":"You don\'t have access to this resource."}'
[2026-10-01 12:13:11]   FMP-Fehler (HTTP 402) bei grades: b"Premium Query Parameter: 'Special Endpoint : This value set for 'symbol' is not available under your current subscription please visit our subscriptio"
[2026-10-01 12:13:11]   Finnhub (Empfehlungen)-Fehler (HTTP 403) bei stock/recommendation: b'{"error":"You don\'t have access to this resource."}'
[2026-10-01 12:13:11]   FMP-Fehler (HTTP 402) bei news/stock: b'Restricted Endpoint: This endpoint is not available under your current subscription please visit our subscription page to upgrade your plan at https:/'
[2026-10-01 12:13:12]   Finnhub (News)-Fehler (HTTP 403) bei company-news: b'{"error":"You don\'t have access to this resource."}'
[2026-10-01 12:13:12]   FMP-Fehler (HTTP 402) bei grades: b"Premium Query Parameter: 'Special Endpoint : This value set for 'symbol' is not available under your current subscription please visit our subscriptio"
[2026-10-01 12:13:12]   Finnhub (Empfehlungen)-Fehler (HTTP 403) bei stock/recommendation: b'{"error":"You don\'t have access to this resource."}'
[2026-10-01 12:13:12]   FMP-Fehler (HTTP 402) bei news/stock: b'Restricted Endpoint: This endpoint is not available under your current subscription please visit our subscription page to upgrade your plan at https:/'
[2026-10-01 12:13:13]     -> News via Finnhub ergaenzt
[2026-10-01 12:13:13]   FMP-Fehler (HTTP 402) bei grades: b"Premium Query Parameter: 'Special Endpoint : This value set for 'symbol' is not available under your current subscription please visit our subscriptio"
[2026-10-01 12:13:13]     -> Analysten-Konsens via Finnhub ergaenzt
[2026-10-01 12:13:14]   FMP-Fehler (HTTP 402) bei news/stock: b'Restricted Endpoint: This endpoint is not available under your current subscription please visit our subscription page to upgrade your plan at https:/'
[2026-10-01 12:13:14]     -> News via Finnhub ergaenzt
[2026-10-01 12:13:14]   FMP-Fehler (HTTP 402) bei grades: b"Premium Query Parameter: 'Special Endpoint : This value set for 'symbol' is not available under your current subscription please visit our subscriptio"
[2026-10-01 12:13:14]     -> Analysten-Konsens via Finnhub ergaenzt
[2026-10-01 12:13:15]   FMP-Fehler (HTTP 402) bei news/stock: b'Restricted Endpoint: This endpoint is not available under your current subscription please visit our subscription page to upgrade your plan at https:/'
[2026-10-01 12:13:15]   Finnhub (News)-Fehler (HTTP 403) bei company-news: b'{"error":"You don\'t have access to this resource."}'
[2026-10-01 12:13:15]   FMP-Fehler (HTTP 402) bei grades: b"Premium Query Parameter: 'Special Endpoint : This value set for 'symbol' is not available under your current subscription please visit our subscriptio"
[2026-10-01 12:13:15]   Finnhub (Empfehlungen)-Fehler (HTTP 403) bei stock/recommendation: b'{"error":"You don\'t have access to this resource."}'
[2026-10-01 12:13:16]   FMP-Fehler (HTTP 402) bei news/stock: b'Restricted Endpoint: This endpoint is not available under your current subscription please visit our subscription page to upgrade your plan at https:/'
[2026-10-01 12:13:17]   Finnhub (News)-Fehler (HTTP 403) bei company-news: b'{"error":"You don\'t have access to this resource."}'
[2026-10-01 12:13:17]   FMP-Fehler (HTTP 402) bei grades: b"Premium Query Parameter: 'Special Endpoint : This value set for 'symbol' is not available under your current subscription please visit our subscriptio"
[2026-10-01 12:13:17]   Finnhub (Empfehlungen)-Fehler (HTTP 403) bei stock/recommendation: b'{"error":"You don\'t have access to this resource."}'
[2026-10-01 12:13:17]   FMP-Fehler (HTTP 402) bei news/stock: b'Restricted Endpoint: This endpoint is not available under your current subscription please visit our subscription page to upgrade your plan at https:/'
[2026-10-01 12:13:18]   Finnhub (News)-Fehler (HTTP 403) bei company-news: b'{"error":"You don\'t have access to this resource."}'
[2026-10-01 12:13:18]   FMP-Fehler (HTTP 402) bei grades: b"Premium Query Parameter: 'Special Endpoint : This value set for 'symbol' is not available under your current subscription please visit our subscriptio"
[2026-10-01 12:13:18]   Finnhub (Empfehlungen)-Fehler (HTTP 403) bei stock/recommendation: b'{"error":"You don\'t have access to this resource."}'
[2026-10-01 12:13:18]   FMP-Fehler (HTTP 402) bei news/stock: b'Restricted Endpoint: This endpoint is not available under your current subscription please visit our subscription page to upgrade your plan at https:/'
[2026-10-01 12:13:19]   Finnhub (News)-Fehler (HTTP 403) bei company-news: b'{"error":"You don\'t have access to this resource."}'
[2026-10-01 12:13:19]   FMP-Fehler (HTTP 402) bei grades: b"Premium Query Parameter: 'Special Endpoint : This value set for 'symbol' is not available under your current subscription please visit our subscriptio"
[2026-10-01 12:13:19]   Finnhub (Empfehlungen)-Fehler (HTTP 403) bei stock/recommendation: b'{"error":"You don\'t have access to this resource."}'
[2026-10-01 12:13:20]   FMP-Fehler (HTTP 402) bei news/stock: b'Restricted Endpoint: This endpoint is not available under your current subscription please visit our subscription page to upgrade your plan at https:/'
[2026-10-01 12:13:20]     -> News via Finnhub ergaenzt
[2026-10-01 12:13:20]   FMP-Fehler (HTTP 402) bei grades: b"Premium Query Parameter: 'Special Endpoint : This value set for 'symbol' is not available under your current subscription please visit our subscriptio"
[2026-10-01 12:13:21]     -> Analysten-Konsens via Finnhub ergaenzt
[2026-10-01 12:13:21]   FMP-Fehler (HTTP 402) bei news/stock: b'Restricted Endpoint: This endpoint is not available under your current subscription please visit our subscription page to upgrade your plan at https:/'
[2026-10-01 12:13:21]   Finnhub (News)-Fehler (HTTP 403) bei company-news: b'{"error":"You don\'t have access to this resource."}'
[2026-10-01 12:13:22]   FMP-Fehler (HTTP 402) bei grades: b"Premium Query Parameter: 'Special Endpoint : This value set for 'symbol' is not available under your current subscription please visit our subscriptio"
[2026-10-01 12:13:22]   Finnhub (Empfehlungen)-Fehler (HTTP 403) bei stock/recommendation: b'{"error":"You don\'t have access to this resource."}'
[2026-10-01 12:13:23]   FMP-Fehler (HTTP 402) bei news/stock: b'Restricted Endpoint: This endpoint is not available under your current subscription please visit our subscription page to upgrade your plan at https:/'
[2026-10-01 12:13:23]   Finnhub (News)-Fehler (HTTP 403) bei company-news: b'{"error":"You don\'t have access to this resource."}'
[2026-10-01 12:13:23]   FMP-Fehler (HTTP 402) bei grades: b"Premium Query Parameter: 'Special Endpoint : This value set for 'symbol' is not available under your current subscription please visit our subscriptio"
[2026-10-01 12:13:24]   Finnhub (Empfehlungen)-Fehler (HTTP 403) bei stock/recommendation: b'{"error":"You don\'t have access to this resource."}'
[2026-10-01 12:13:25]   FMP-Fehler (HTTP 402) bei news/stock: b'Restricted Endpoint: This endpoint is not available under your current subscription please visit our subscription page to upgrade your plan at https:/'
[2026-10-01 12:13:25]   Finnhub (News)-Fehler (HTTP 403) bei company-news: b'{"error":"You don\'t have access to this resource."}'
[2026-10-01 12:13:25]   FMP-Fehler (HTTP 402) bei grades: b"Premium Query Parameter: 'Special Endpoint : This value set for 'symbol' is not available under your current subscription please visit our subscriptio"
[2026-10-01 12:13:25]   Finnhub (Empfehlungen)-Fehler (HTTP 403) bei stock/recommendation: b'{"error":"You don\'t have access to this resource."}'
[2026-10-01 12:13:26]   FMP-Fehler (HTTP 402) bei news/stock: b'Restricted Endpoint: This endpoint is not available under your current subscription please visit our subscription page to upgrade your plan at https:/'
[2026-10-01 12:13:26]   Finnhub (News)-Fehler (HTTP 403) bei company-news: b'{"error":"You don\'t have access to this resource."}'
[2026-10-01 12:13:26]   FMP-Fehler (HTTP 402) bei grades: b"Premium Query Parameter: 'Special Endpoint : This value set for 'symbol' is not available under your current subscription please visit our subscriptio"
[2026-10-01 12:13:26]   Finnhub (Empfehlungen)-Fehler (HTTP 403) bei stock/recommendation: b'{"error":"You don\'t have access to this resource."}'
[2026-10-01 12:13:27] Alle Titel ohne Fehler verarbeitet.
[2026-10-01 12:13:27] Fertig. Bericht aktualisiert: /home/runner/work/dividendenatlas/dividendenatlas/dividendenatlas.html
[2026-10-02 11:39:20] my_depot.json existierte nicht - Beispiel-Datei angelegt unter /home/runner/work/dividendenatlas/dividendenatlas/my_depot.json
[2026-10-02 11:39:21] Hole Kurse fuer 221 Ticker (0 im Depot, 221 in stammdaten.json) ...
[2026-10-02 11:39:21]   Live-Wechselkurse geholt: {'EUR': 1.0, 'USD': 0.885112, 'GBP': 1.171331, 'CHF': 1.059659, 'JPY': 0.005603, 'HKD': 0.112793, 'SGD': 0.691563, 'KRW': 0.00065, 'BRL': 0.17059}
[2026-10-02 11:39:21] Kennzahlen auffrischen: 38 Titel ueber stockanalysis (Ausschuettungsquote + Verschuldung, ein Abruf je Titel).
[2026-10-02 11:39:21] Davon 32 ETFs - fuer 32 werden Kostenquote, Fondsgroesse, Sektor- und Laendergewichte geholt.
[2026-10-02 11:39:21] Analysteneinstufungen auffrischen: 16 Titel (Konsens, Kursziel und die 12-Monats-Historie).
[2026-10-02 11:39:21]   Hole Kurs fuer ECL ...
[2026-10-02 11:39:21]     -> Hinweis: hinterlegte Dividende 2.3 weicht +27% von den tatsaechlich gezahlten 2.92 ab - Automatik hat Vorrang.
[2026-10-02 11:39:21]     -> 4 Ausschuettung(en) in 12 Monaten (quartalsweise), Summe 2.92 USD
[2026-10-02 11:39:21]   Hole Kurs fuer MO ...
[2026-10-02 11:39:22]     -> 4 Ausschuettung(en) in 12 Monaten (quartalsweise), Summe 4.29 USD
[2026-10-02 11:39:22]     -> Hinweis: geschaetzte Quote 78% weicht +16 Prozentpunkte vom echten Wert 93.55% ab - Automatik hat Vorrang.
[2026-10-02 11:39:22]   Hole Kurs fuer M44U.SI ...
[2026-10-02 11:39:22]     -> Hinweis: hinterlegte Dividende 0.32 weicht -77% von den tatsaechlich gezahlten 0.07266 ab - Automatik hat Vorrang.
[2026-10-02 11:39:22]     -> 4 Ausschuettung(en) in 12 Monaten (quartalsweise), Summe 0.07266 SGD
[2026-10-02 11:39:23]   Leeway.tech-Fehler (HTTP 404) bei fundamentals/M44U.XSES: b'{"msg":"Fundamentals for code and exchange not found"}'
[2026-10-02 11:39:23]   Leeway lieferte keine verwertbare Antwort fuer M44U.XSES
[2026-10-02 11:39:23]   Hole Kurs fuer DWNI.DE ...
[2026-10-02 11:39:23]     -> 1 Ausschuettung(en) in 12 Monaten (jaehrlich), Summe 0.04 EUR
[2026-10-02 11:39:23]     -> Hinweis: hinterlegte Verschuldung 1.3 weicht vom berechneten Wert 0.51 ab - Automatik hat Vorrang.
[2026-10-02 11:39:23]     -> Hinweis: geschaetzte Quote 46.17% weicht -45 Prozentpunkte vom echten Wert 1.06% ab - Automatik hat Vorrang.
[2026-10-02 11:39:24]   Hole Kurs fuer NG.L ...
[2026-10-02 11:39:24]     -> Hinweis: hinterlegte Dividende 0.52 weicht +9225% von den tatsaechlich gezahlten 48.49 ab - Automatik hat Vorrang.
[2026-10-02 11:39:24]     -> 2 Ausschuettung(en) in 12 Monaten (halbjaehrlich), Summe 48.49 GBp
[2026-10-02 11:39:24]   Leeway.tech-Fehler (HTTP 404) bei fundamentals/NG.XLON: b'{"msg":"Fundamentals for code and exchange not found"}'
[2026-10-02 11:39:24]   Leeway lieferte keine verwertbare Antwort fuer NG.XLON
[2026-10-02 11:39:25]   Hole Kurs fuer TGT ...
[2026-10-02 11:39:25]     -> 4 Ausschuettung(en) in 12 Monaten (quartalsweise), Summe 4.58 USD
[2026-10-02 11:39:25]   Hole Kurs fuer LOW ...
[2026-10-02 11:39:25]     -> 4 Ausschuettung(en) in 12 Monaten (quartalsweise), Summe 4.85 USD
[2026-10-02 11:39:25]   Hole Kurs fuer TRYG.CO ...
[2026-10-02 11:39:26]     -> 4 Ausschuettung(en) in 12 Monaten (quartalsweise), Summe 8.4 DKK
[2026-10-02 11:39:26]   Leeway.tech-Fehler (HTTP 404) bei fundamentals/TRYG.XCSE: b'{"msg":"Fundamentals for code and exchange not found"}'
[2026-10-02 11:39:26]   Leeway lieferte keine verwertbare Antwort fuer TRYG.XCSE
[2026-10-02 11:39:26]   Hole Kurs fuer LIN ...
[2026-10-02 11:39:26]     -> 4 Ausschuettung(en) in 12 Monaten (quartalsweise), Summe 6.3 USD
[2026-10-02 11:39:27]   Hole Kurs fuer SMLD.DE ...
[2026-10-02 11:39:27]     -> 4 Ausschuettung(en) in 12 Monaten (quartalsweise), Summe 3.852161 EUR
[2026-10-02 11:39:27]     -> ETF SMLD.DE: Holdings-Seite nicht lesbar (HTTP Error 404: Not Found)
[2026-10-02 11:39:27]     -> ETF: TER 0.5%, Fondsgroesse 318530000.0, 1 Positionen, groesster Sektor None None%
[2026-10-02 11:39:28]   Leeway: keine Ausschuettungsquote fuer SMLD.XETRA (vorhandene Abschnitte: ETF_Data, General, Technicals)
[2026-10-02 11:39:29]   Hole Kurs fuer INCU.DE ...
[2026-10-02 11:39:29]     -> 4 Ausschuettung(en) in 12 Monaten (quartalsweise), Summe 0.355591 EUR
[2026-10-02 11:39:29]     -> ETF: TER 0.35%, Fondsgroesse 53910000.0, 294 Positionen, groesster Sektor Other 47.38%
[2026-10-02 11:39:35]     -> ETF-Analystenurteil 7.6/10 (deckt 32.4% des Fonds ab)
[2026-10-02 11:39:35]   Leeway: keine Ausschuettungsquote fuer INCU.XETRA (vorhandene Abschnitte: ETF_Data, General, Technicals)
[2026-10-02 11:39:35]   Hole Kurs fuer TRP ...
[2026-10-02 11:39:36]     -> 3 Ausschuettung(en) in 12 Monaten (quartalsweise), Summe 1.867 USD [unvollstaendig]
[2026-10-02 11:39:36]     -> Hinweis: hinterlegte Verschuldung 1.2 weicht vom berechneten Wert 1.7 ab - Automatik hat Vorrang.
[2026-10-02 11:39:36]   Hole Kurs fuer UDIV.DE ...
[2026-10-02 11:39:36]     -> 12 Ausschuettung(en) in 12 Monaten (monatlich), Summe 0.828541 EUR
[2026-10-02 11:39:36]     -> ETF: TER 0.45%, Fondsgroesse 850000000.0, 138 Positionen, groesster Sektor Real Estate 35.36%
[2026-10-02 11:39:42]     -> ETF-Analystenurteil 5.8/10 (deckt 16.0% des Fonds ab)
[2026-10-02 11:39:42]   Leeway: keine Ausschuettungsquote fuer UDIV.XETRA (vorhandene Abschnitte: ETF_Data, General, Technicals)
[2026-10-02 11:39:43]   Hole Kurs fuer UIMB.DE ...
[2026-10-02 11:39:43]     -> 2 Ausschuettung(en) in 12 Monaten (halbjaehrlich), Summe 0.577284 EUR
[2026-10-02 11:39:43]     -> ETF: TER 0.1%, Fondsgroesse 104340000.0, 18 Positionen, groesster Sektor None None%
[2026-10-02 11:39:44]   Leeway: keine Ausschuettungsquote fuer UIMB.XETRA (vorhandene Abschnitte: ETF_Data, General, Technicals)
[2026-10-02 11:39:45]   Hole Kurs fuer VNA.DE ...
[2026-10-02 11:39:45]     -> 1 Ausschuettung(en) in 12 Monaten (jaehrlich), Summe 1.25 EUR
[2026-10-02 11:39:45]     -> Hinweis: geschaetzte Quote 51.42% weicht -24 Prozentpunkte vom echten Wert 27.42% ab - Automatik hat Vorrang.
[2026-10-02 11:39:45]   Hole Kurs fuer PPG ...
[2026-10-02 11:39:45]     -> 4 Ausschuettung(en) in 12 Monaten (quartalsweise), Summe 2.87 USD
[2026-10-02 11:39:45]   Hole Kurs fuer EPR ...
[2026-10-02 11:39:46]     -> 12 Ausschuettung(en) in 12 Monaten (monatlich), Summe 3.645 USD
[2026-10-02 11:39:46]   Hole Kurs fuer SAX.DE ...
[2026-10-02 11:39:46]     -> 1 Ausschuettung(en) in 12 Monaten (jaehrlich), Summe 1.85 EUR
[2026-10-02 11:39:47]     -> Ausschuettungsquote 76.8% via Leeway
[2026-10-02 11:39:47]     -> isin, market_cap via Leeway.tech ergaenzt
[2026-10-02 11:39:48]   Hole Kurs fuer BMW.DE ...
[2026-10-02 11:39:48]     -> 1 Ausschuettung(en) in 12 Monaten (jaehrlich), Summe 4.4 EUR
[2026-10-02 11:39:48]     -> Hinweis: hinterlegte Verschuldung 0.8 weicht vom berechneten Wert 1.2 ab - Automatik hat Vorrang.
[2026-10-02 11:39:48]   Hole Kurs fuer ENB ...
[2026-10-02 11:39:48]     -> Hinweis: hinterlegte Dividende 3.55 weicht -40% von den tatsaechlich gezahlten 2.115 ab - Automatik hat Vorrang.
[2026-10-02 11:39:48]     -> 3 Ausschuettung(en) in 12 Monaten (quartalsweise), Summe 2.115 USD [unvollstaendig]
[2026-10-02 11:39:48]   Hole Kurs fuer JNJ ...
[2026-10-02 11:39:49]     -> 4 Ausschuettung(en) in 12 Monaten (quartalsweise), Summe 5.28 USD
[2026-10-02 11:39:49]   Hole Kurs fuer MUV2.DE ...
[2026-10-02 11:39:49]     -> 1 Ausschuettung(en) in 12 Monaten (jaehrlich), Summe 24.0 EUR
[2026-10-02 11:39:49]     -> Quote 44.35% / Verschuldung 0.24 via stockanalysis
[2026-10-02 11:39:50]   Leeway.tech-Fehler (HTTP 429) bei fundamentals/MUV2.XETRA: b'Your limit of 50 requests per day has been reached.'
[2026-10-02 11:39:50]   Leeway lieferte keine verwertbare Antwort fuer MUV2.XETRA
[2026-10-02 11:39:50]   Hole Kurs fuer BATS.L ...
[2026-10-02 11:39:50]     -> Hinweis: hinterlegte Dividende 2.36 weicht +10232% von den tatsaechlich gezahlten 243.840006 ab - Automatik hat Vorrang.
[2026-10-02 11:39:50]     -> 4 Ausschuettung(en) in 12 Monaten (quartalsweise), Summe 243.840006 GBp
[2026-10-02 11:39:51]   Leeway.tech-Fehler (HTTP 429) bei fundamentals/BATS.XLON: b'Your limit of 50 requests per day has been reached.'
[2026-10-02 11:39:51]   Leeway lieferte keine verwertbare Antwort fuer BATS.XLON
[2026-10-02 11:39:51]   Hole Kurs fuer IBC2.DE ...
[2026-10-02 11:39:51]     -> 4 Ausschuettung(en) in 12 Monaten (halbjaehrlich), Summe 0.3018 EUR
[2026-10-02 11:39:52]     -> ETF: TER 0.59%, Fondsgroesse 384540000.0, 1349 Positionen, groesster Sektor None None%
[2026-10-02 11:39:52]     -> ETF-Analystenurteil 6.8/10 (deckt 0.6% des Fonds ab)
[2026-10-02 11:39:52]   Leeway.tech-Fehler (HTTP 429) bei fundamentals/IBC2.XETRA: b'Your limit of 50 requests per day has been reached.'
[2026-10-02 11:39:52]   Leeway lieferte keine verwertbare Antwort fuer IBC2.XETRA
[2026-10-02 11:39:53]   Hole Kurs fuer JGPI.DE ...
[2026-10-02 11:39:53]     -> 13 Ausschuettung(en) in 12 Monaten (monatlich), Summe 1.983044 EUR
[2026-10-02 11:39:53]     -> ETF: TER 0.35%, Fondsgroesse 1340000000.0, 260 Positionen, groesster Sektor Technology 24.09%
[2026-10-02 11:39:57]     -> ETF-Analystenurteil 6.8/10 (deckt 12.7% des Fonds ab)
[2026-10-02 11:39:57]   Leeway.tech-Fehler (HTTP 429) bei fundamentals/JGPI.XETRA: b'Your limit of 50 requests per day has been reached.'
[2026-10-02 11:39:57]   Leeway lieferte keine verwertbare Antwort fuer JGPI.XETRA
[2026-10-02 11:39:57]   Hole Kurs fuer 0857.HK ...
[2026-10-02 11:39:58]     -> Hinweis: hinterlegte Dividende 0.35 weicht +68% von den tatsaechlich gezahlten 0.58777 ab - Automatik hat Vorrang.
[2026-10-02 11:39:58]     -> 2 Ausschuettung(en) in 12 Monaten (halbjaehrlich), Summe 0.58777 HKD
[2026-10-02 11:39:58]   Leeway.tech-Fehler (HTTP 429) bei fundamentals/0857.XHKG: b'Your limit of 50 requests per day has been reached.'
[2026-10-02 11:39:58]   Leeway lieferte keine verwertbare Antwort fuer 0857.XHKG
[2026-10-02 11:39:58]   Hole Kurs fuer IS3K.DE ...
[2026-10-02 11:39:59]     -> 4 Ausschuettung(en) in 12 Monaten (halbjaehrlich), Summe 6.238143 EUR
[2026-10-02 11:39:59]     -> ETF: TER 0.53%, Fondsgroesse 857230000.0, 1164 Positionen, groesster Sektor None None%
[2026-10-02 11:39:59]     -> ETF-Analystenurteil 6.4/10 (deckt 2.2% des Fonds ab)
[2026-10-02 11:40:00]   Leeway.tech-Fehler (HTTP 429) bei fundamentals/IS3K.XETRA: b'Your limit of 50 requests per day has been reached.'
[2026-10-02 11:40:00]   Leeway lieferte keine verwertbare Antwort fuer IS3K.XETRA
[2026-10-02 11:40:00]   Hole Kurs fuer HAW.DE ...
[2026-10-02 11:40:00]     -> 1 Ausschuettung(en) in 12 Monaten (jaehrlich), Summe 1.0 EUR
[2026-10-02 11:40:00]     -> keine Analystenabdeckung fuer HAW.DE (Prognoseseite existiert nicht)
[2026-10-02 11:40:01]   Leeway.tech-Fehler (HTTP 429) bei fundamentals/HAW.XETRA: b'Your limit of 50 requests per day has been reached.'
[2026-10-02 11:40:01]   Leeway lieferte keine verwertbare Antwort fuer HAW.XETRA
[2026-10-02 11:40:01]     -> Hinweis: hinterlegte Verschuldung 0.8 weicht vom berechneten Wert 1.57 ab - Automatik hat Vorrang.
[2026-10-02 11:40:01]   Hole Kurs fuer GD ...
[2026-10-02 11:40:01]     -> 4 Ausschuettung(en) in 12 Monaten (quartalsweise), Summe 6.18 USD
[2026-10-02 11:40:02]   Hole Kurs fuer KIM ...
[2026-10-02 11:40:02]     -> 4 Ausschuettung(en) in 12 Monaten (quartalsweise), Summe 1.06 USD
[2026-10-02 11:40:02]     -> Hinweis: hinterlegte Verschuldung 1.3 weicht vom berechneten Wert 0.85 ab - Automatik hat Vorrang.
[2026-10-02 11:40:02]   Hole Kurs fuer MNG.L ...
[2026-10-02 11:40:02]     -> 2 Ausschuettung(en) in 12 Monaten (halbjaehrlich), Summe 20.599999 GBp
[2026-10-02 11:40:03]   Leeway.tech-Fehler (HTTP 429) bei fundamentals/MNG.XLON: b'Your limit of 50 requests per day has been reached.'
[2026-10-02 11:40:03]   Leeway lieferte keine verwertbare Antwort fuer MNG.XLON
[2026-10-02 11:40:03]   Hole Kurs fuer MFC ...
[2026-10-02 11:40:03]     -> 3 Ausschuettung(en) in 12 Monaten (quartalsweise), Summe 1.058 USD [unvollstaendig]
[2026-10-02 11:40:03]     -> keine Analystenabdeckung fuer MFC (Prognoseseite existiert nicht)
[2026-10-02 11:40:04]   Hole Kurs fuer IBE.MC ...
[2026-10-02 11:40:04]     -> 3 Ausschuettung(en) in 12 Monaten (quartalsweise), Summe 0.685 EUR [unvollstaendig]
[2026-10-02 11:40:04]   Leeway.tech-Fehler (HTTP 429) bei fundamentals/IBE.XMAD: b'Your limit of 50 requests per day has been reached.'
[2026-10-02 11:40:04]   Leeway lieferte keine verwertbare Antwort fuer IBE.XMAD
[2026-10-02 11:40:05]   Hole Kurs fuer LGEN.L ...
[2026-10-02 11:40:05]     -> 2 Ausschuettung(en) in 12 Monaten (halbjaehrlich), Summe 21.91 GBp
[2026-10-02 11:40:05]     -> Hinweis: geschaetzte Quote 150% weicht -91 Prozentpunkte vom echten Wert 59.24% ab - Automatik hat Vorrang.
[2026-10-02 11:40:05]   Hole Kurs fuer BBAS3.SA ...
[2026-10-02 11:40:05]     -> 6 Ausschuettung(en) in 12 Monaten (quartalsweise), Summe 0.654951 BRL
[2026-10-02 11:40:05]   Hole Kurs fuer 004990.KS ...
[2026-10-02 11:40:05]     -> 1 Ausschuettung(en) in 12 Monaten (jaehrlich), Summe 1250.0 KRW
[2026-10-02 11:40:06]   Leeway.tech-Fehler (HTTP 429) bei fundamentals/004990.XKRX: b'Your limit of 50 requests per day has been reached.'
[2026-10-02 11:40:06]   Leeway lieferte keine verwertbare Antwort fuer 004990.XKRX
[2026-10-02 11:40:06]   Hole Kurs fuer TFC ...
[2026-10-02 11:40:06]     -> 4 Ausschuettung(en) in 12 Monaten (quartalsweise), Summe 2.08 USD
[2026-10-02 11:40:06]   Hole Kurs fuer TROW ...
[2026-10-02 11:40:07]     -> 4 Ausschuettung(en) in 12 Monaten (quartalsweise), Summe 5.17 USD
[2026-10-02 11:40:07]   Hole Kurs fuer DTG.DE ...
[2026-10-02 11:40:07]     -> 1 Ausschuettung(en) in 12 Monaten (jaehrlich), Summe 1.9 EUR
[2026-10-02 11:40:07]     -> Hinweis: hinterlegte Verschuldung 0.8 weicht vom berechneten Wert 1.27 ab - Automatik hat Vorrang.
[2026-10-02 11:40:07]     -> Hinweis: geschaetzte Quote 100% weicht -43 Prozentpunkte vom echten Wert 56.87% ab - Automatik hat Vorrang.
[2026-10-02 11:40:07]   Hole Kurs fuer KMB ...
[2026-10-02 11:40:07]     -> 4 Ausschuettung(en) in 12 Monaten (quartalsweise), Summe 5.1 USD
[2026-10-02 11:40:08]   Hole Kurs fuer NDA-FI.HE ...
[2026-10-02 11:40:08]     -> 2 Ausschuettung(en) in 12 Monaten (jaehrlich), Summe 1.3 EUR
[2026-10-02 11:40:08]   Hole Kurs fuer DGE.L ...
[2026-10-02 11:40:08]     -> Hinweis: hinterlegte Dividende 0.825 weicht +7542% von den tatsaechlich gezahlten 63.049199 ab - Automatik hat Vorrang.
[2026-10-02 11:40:08]     -> 2 Ausschuettung(en) in 12 Monaten (halbjaehrlich), Summe 63.049199 GBp
[2026-10-02 11:40:09]   Leeway.tech-Fehler (HTTP 429) bei fundamentals/DGE.XLON: b'Your limit of 50 requests per day has been reached.'
[2026-10-02 11:40:09]   Leeway lieferte keine verwertbare Antwort fuer DGE.XLON
[2026-10-02 11:40:09]   Hole Kurs fuer ISP.MI ...
[2026-10-02 11:40:09]     -> 2 Ausschuettung(en) in 12 Monaten (halbjaehrlich), Summe 0.376 EUR
[2026-10-02 11:40:09]   Leeway.tech-Fehler (HTTP 429) bei fundamentals/ISP.XMIL: b'Your limit of 50 requests per day has been reached.'
[2026-10-02 11:40:09]   Leeway lieferte keine verwertbare Antwort fuer ISP.XMIL
[2026-10-02 11:40:10]   Hole Kurs fuer NWX.DE ...
[2026-10-02 11:40:10]   Yahoo-Fehler bei NWX.DE: HTTP 404, Antwort-Anfang: b'{"chart":{"result":null,"error":{"code":"Not Found","description":"No data found, symbol may be delisted"}}}'
[2026-10-02 11:40:10]   Twelve Data (Kursverlauf)-Fehler (HTTP 404) bei time_series: b'{"code":404,"message":"**symbol** or **figi** parameter is missing or invalid. Please provide a valid symbol according to API documentation: https://t'
[2026-10-02 11:40:10]   Twelve Data (Kursverlauf) lieferte keine verwertbaren Daten fuer NWX:XETRA
[2026-10-02 11:40:11]   Stooq lieferte keine verwertbaren Kursdaten fuer nwx.de (HTTP 200), Antwort-Anfang: '<!DOCTYPE html><html><head><meta charset="utf-8"><meta name="robots" content="noindex,nofollow"></head><body><noscript>This site requires JavaScript t'
[2026-10-02 11:40:11]     -> kein Kurs erhalten (Yahoo/Twelve Data/Stooq scheiterten alle) - zeige NWX.DE trotzdem mit den Stammdaten, aber OHNE (veralteten) Kurs an.
[2026-10-02 11:40:11]     -> WARNUNG: weder Boersen-Ausschuettungen noch dividend_per_share verfuegbar - Rendite 6% ist ein EINGEFRORENER Startwert (Stand 2026-08), NICHT tagesaktuell.
[2026-10-02 11:40:11]     -> stockanalysis: HTTP 404 fuer NWX.DE (https://stockanalysis.com/quote/etr/NWX/statistics/)
[2026-10-02 11:40:11]     -> keine Analystenabdeckung fuer NWX.DE (Prognoseseite existiert nicht)
[2026-10-02 11:40:12]   Hole Kurs fuer TTE.PA ...
[2026-10-02 11:40:12]     -> 4 Ausschuettung(en) in 12 Monaten (quartalsweise), Summe 3.45 EUR
[2026-10-02 11:40:12]     -> Hinweis: hinterlegte Verschuldung 1.2 weicht vom berechneten Wert 0.48 ab - Automatik hat Vorrang.
[2026-10-02 11:40:12]     -> Hinweis: geschaetzte Quote 70.14% weicht -20 Prozentpunkte vom echten Wert 50.09% ab - Automatik hat Vorrang.
[2026-10-02 11:40:12]   Hole Kurs fuer ADM ...
[2026-10-02 11:40:12]     -> 4 Ausschuettung(en) in 12 Monaten (quartalsweise), Summe 2.07 USD
[2026-10-02 11:40:13]   Hole Kurs fuer ARCC ...
[2026-10-02 11:40:13]     -> 4 Ausschuettung(en) in 12 Monaten (quartalsweise), Summe 1.92 USD
[2026-10-02 11:40:13]   Hole Kurs fuer ET ...
[2026-10-02 11:40:13]     -> 4 Ausschuettung(en) in 12 Monaten (quartalsweise), Summe 1.346 USD
[2026-10-02 11:40:13]     -> Hinweis: geschaetzte Quote 60% weicht +32 Prozentpunkte vom echten Wert 92.11% ab - Automatik hat Vorrang.
[2026-10-02 11:40:13]   Hole Kurs fuer 030000.KS ...
[2026-10-02 11:40:14]     -> 1 Ausschuettung(en) in 12 Monaten (jaehrlich), Summe 1230.0 KRW
[2026-10-02 11:40:14]     -> Hinweis: hinterlegte Verschuldung 0.8 weicht vom berechneten Wert 0.2 ab - Automatik hat Vorrang.
[2026-10-02 11:40:14]   Hole Kurs fuer ZURN.SW ...
[2026-10-02 11:40:14]     -> 1 Ausschuettung(en) in 12 Monaten (jaehrlich), Summe 30.0 CHF
[2026-10-02 11:40:14]   Hole Kurs fuer BIP ...
[2026-10-02 11:40:14]     -> Hinweis: hinterlegte Dividende 1.84 weicht -26% von den tatsaechlich gezahlten 1.365 ab - Automatik hat Vorrang.
[2026-10-02 11:40:14]     -> 3 Ausschuettung(en) in 12 Monaten (quartalsweise), Summe 1.365 USD [unvollstaendig]
[2026-10-02 11:40:14]     -> Hinweis: hinterlegte Verschuldung 1.2 weicht vom berechneten Wert 2.05 ab - Automatik hat Vorrang.
[2026-10-02 11:40:14]     -> Hinweis: geschaetzte Quote 190% weicht +102 Prozentpunkte vom echten Wert 291.87% ab - Automatik hat Vorrang.
[2026-10-02 11:40:15]   Hole Kurs fuer 5401.T ...
[2026-10-02 11:40:15]     -> 2 Ausschuettung(en) in 12 Monaten (halbjaehrlich), Summe 24.0 JPY
[2026-10-02 11:40:15]   Hole Kurs fuer 9364.T ...
[2026-10-02 11:40:15]     -> 2 Ausschuettung(en) in 12 Monaten (halbjaehrlich), Summe 215.0 JPY
[2026-10-02 11:40:15]     -> Hinweis: hinterlegte Verschuldung 0.8 weicht vom berechneten Wert 0.15 ab - Automatik hat Vorrang.
[2026-10-02 11:40:15]   Hole Kurs fuer BCH ...
[2026-10-02 11:40:15]     -> 1 Ausschuettung(en) in 12 Monaten (jaehrlich), Summe 2.183 USD
[2026-10-02 11:40:16]   Hole Kurs fuer KMI ...
[2026-10-02 11:40:16]     -> 4 Ausschuettung(en) in 12 Monaten (quartalsweise), Summe 1.182 USD
[2026-10-02 11:40:16]   Hole Kurs fuer TRN.MI ...
[2026-10-02 11:40:16]     -> 2 Ausschuettung(en) in 12 Monaten (halbjaehrlich), Summe 0.3962 EUR
[2026-10-02 11:40:16]     -> Hinweis: hinterlegte Verschuldung 1.2 weicht vom berechneten Wert 1.72 ab - Automatik hat Vorrang.
[2026-10-02 11:40:16]   Hole Kurs fuer UDHY.DE ...
[2026-10-02 11:40:17]     -> 2 Ausschuettung(en) in 12 Monaten (halbjaehrlich), Summe 0.142216 EUR
[2026-10-02 11:40:17]     -> ETF: TER 0.25%, Fondsgroesse 1890000000.0, 1912 Positionen, groesster Sektor None None%
[2026-10-02 11:40:17]     -> ETF-Analystenurteil 6.8/10 (deckt 0.6% des Fonds ab)
[2026-10-02 11:40:17]   Hole Kurs fuer WMT ...
[2026-10-02 11:40:18]     -> 4 Ausschuettung(en) in 12 Monaten (quartalsweise), Summe 0.979 USD
[2026-10-02 11:40:18]   Hole Kurs fuer XAT1.DE ...
[2026-10-02 11:40:18]     -> 4 Ausschuettung(en) in 12 Monaten (quartalsweise), Summe 0.9842 EUR
[2026-10-02 11:40:18]     -> ETF: TER 0.58%, Fondsgroesse 434750000.0, 116 Positionen, groesster Sektor None None%
[2026-10-02 11:40:19]   Hole Kurs fuer PFLT ...
[2026-10-02 11:40:19]     -> Hinweis: hinterlegte Dividende 0.96 weicht +20% von den tatsaechlich gezahlten 1.156 ab - Automatik hat Vorrang.
[2026-10-02 11:40:19]     -> 12 Ausschuettung(en) in 12 Monaten (monatlich), Summe 1.156 USD
[2026-10-02 11:40:19]   Hole Kurs fuer IMB.L ...
[2026-10-02 11:40:19]     -> Hinweis: hinterlegte Dividende 1.6 weicht +10120% von den tatsaechlich gezahlten 163.519996 ab - Automatik hat Vorrang.
[2026-10-02 11:40:19]     -> 4 Ausschuettung(en) in 12 Monaten (quartalsweise), Summe 163.519996 GBp
[2026-10-02 11:40:20]   Hole Kurs fuer 8963.T ...
[2026-10-02 11:40:20]     -> 2 Ausschuettung(en) in 12 Monaten (halbjaehrlich), Summe 4116.0 JPY
[2026-10-02 11:40:20]     -> Hinweis: hinterlegte Verschuldung 1.3 weicht vom berechneten Wert 0.99 ab - Automatik hat Vorrang.
[2026-10-02 11:40:20]   Hole Kurs fuer CPFE3.SA ...
[2026-10-02 11:40:20]     -> 1 Ausschuettung(en) in 12 Monaten (jaehrlich), Summe 3.731536 BRL
[2026-10-02 11:40:20]     -> Hinweis: hinterlegte Verschuldung 1.2 weicht vom berechneten Wert 1.55 ab - Automatik hat Vorrang.
[2026-10-02 11:40:20]     -> Hinweis: geschaetzte Quote 65% weicht -25 Prozentpunkte vom echten Wert 39.97% ab - Automatik hat Vorrang.
[2026-10-02 11:40:20]   Hole Kurs fuer EC ...
[2026-10-02 11:40:20]     -> 1 Ausschuettung(en) in 12 Monaten (halbjaehrlich), Summe 0.661 USD [unvollstaendig]
[2026-10-02 11:40:21]   Hole Kurs fuer SREN.SW ...
[2026-10-02 11:40:21]     -> 1 Ausschuettung(en) in 12 Monaten (jaehrlich), Summe 6.62672 CHF
[2026-10-02 11:40:21]   Hole Kurs fuer AV.L ...
[2026-10-02 11:40:21]     -> 2 Ausschuettung(en) in 12 Monaten (halbjaehrlich), Summe 40.199999 GBp
[2026-10-02 11:40:21]     -> Hinweis: geschaetzte Quote 60% weicht +141 Prozentpunkte vom echten Wert 201.11% ab - Automatik hat Vorrang.
[2026-10-02 11:40:21]   Hole Kurs fuer CLX ...
[2026-10-02 11:40:22]     -> 4 Ausschuettung(en) in 12 Monaten (quartalsweise), Summe 4.97 USD
[2026-10-02 11:40:22]   Hole Kurs fuer EMR ...
[2026-10-02 11:40:22]     -> 4 Ausschuettung(en) in 12 Monaten (quartalsweise), Summe 2.22 USD
[2026-10-02 11:40:22]   Hole Kurs fuer BBSE3.SA ...
[2026-10-02 11:40:22]     -> 2 Ausschuettung(en) in 12 Monaten (halbjaehrlich), Summe 4.590092 BRL
[2026-10-02 11:40:22]     -> Hinweis: geschaetzte Quote 70% weicht +26 Prozentpunkte vom echten Wert 96.09% ab - Automatik hat Vorrang.
[2026-10-02 11:40:23]   Hole Kurs fuer JEQP.DE ...
[2026-10-02 11:40:23]     -> 12 Ausschuettung(en) in 12 Monaten (monatlich), Summe 2.523495 EUR
[2026-10-02 11:40:23]     -> ETF: TER 0.35%, Fondsgroesse 3920000000.0, 120 Positionen, groesster Sektor Technology 59.22%
[2026-10-02 11:40:29]     -> ETF-Analystenurteil 7.7/10 (deckt 47.4% des Fonds ab)
[2026-10-02 11:40:29]   Hole Kurs fuer SWED-A.ST ...
[2026-10-02 11:40:29]     -> 1 Ausschuettung(en) in 12 Monaten (jaehrlich), Summe 29.8 SEK
[2026-10-02 11:40:29]     -> Hinweis: geschaetzte Quote 55% weicht +52 Prozentpunkte vom echten Wert 107.26% ab - Automatik hat Vorrang.
[2026-10-02 11:40:30]   Hole Kurs fuer CB ...
[2026-10-02 11:40:30]     -> Hinweis: hinterlegte Dividende 3.8 weicht -21% von den tatsaechlich gezahlten 3.01 ab - Automatik hat Vorrang.
[2026-10-02 11:40:30]     -> 3 Ausschuettung(en) in 12 Monaten (quartalsweise), Summe 3.01 USD [unvollstaendig]
[2026-10-02 11:40:30]   Hole Kurs fuer FAHY.DE ...
[2026-10-02 11:40:30]     -> 4 Ausschuettung(en) in 12 Monaten (quartalsweise), Summe 1.208557 EUR
[2026-10-02 11:40:30]     -> ETF: TER 0.76%, Fondsgroesse 63130000.0, 88 Positionen, groesster Sektor None None%
[2026-10-02 11:40:31]     -> ETF-Analystenurteil 6.2/10 (deckt 2.5% des Fonds ab)
[2026-10-02 11:40:31]   Hole Kurs fuer ADP ...
[2026-10-02 11:40:31]     -> 4 Ausschuettung(en) in 12 Monaten (quartalsweise), Summe 6.8 USD
[2026-10-02 11:40:31]   Hole Kurs fuer 11ZN.MU ...
[2026-10-02 11:40:32]     -> 11 Ausschuettung(en) in 12 Monaten (monatlich), Summe 1.387772 EUR [unvollstaendig]
[2026-10-02 11:40:32]     -> keine stockanalysis-Adresse fuer ETF 11ZN.MU
[2026-10-02 11:40:32]   Hole Kurs fuer JST.DE ...
[2026-10-02 11:40:32]     -> 1 Ausschuettung(en) in 12 Monaten (jaehrlich), Summe 1.5 EUR
[2026-10-02 11:40:32]     -> Hinweis: hinterlegte Verschuldung 0.8 weicht vom berechneten Wert 1.4 ab - Automatik hat Vorrang.
[2026-10-02 11:40:32]   Hole Kurs fuer M12.DE ...
[2026-10-02 11:40:32]     -> 1 Ausschuettung(en) in 12 Monaten (jaehrlich), Summe 1.2 EUR
[2026-10-02 11:40:32]     -> keine Analystenabdeckung fuer M12.DE (Prognoseseite existiert nicht)
[2026-10-02 11:40:33]     -> Hinweis: hinterlegte Verschuldung 0.8 weicht vom berechneten Wert 0.04 ab - Automatik hat Vorrang.
[2026-10-02 11:40:33]   Hole Kurs fuer ITW ...
[2026-10-02 11:40:33]     -> 4 Ausschuettung(en) in 12 Monaten (quartalsweise), Summe 6.55 USD
[2026-10-02 11:40:34]   Hole Kurs fuer DTE.DE ...
[2026-10-02 11:40:34]     -> 1 Ausschuettung(en) in 12 Monaten (jaehrlich), Summe 1.0 EUR
[2026-10-02 11:40:34]   Hole Kurs fuer 8150.T ...
[2026-10-02 11:40:34]     -> 2 Ausschuettung(en) in 12 Monaten (halbjaehrlich), Summe 190.0 JPY
[2026-10-02 11:40:34]     -> keine Analystenabdeckung fuer 8150.T (Prognoseseite existiert nicht)
[2026-10-02 11:40:35]     -> Hinweis: hinterlegte Verschuldung 0.8 weicht vom berechneten Wert 0.32 ab - Automatik hat Vorrang.
[2026-10-02 11:40:35]   Hole Kurs fuer CS.PA ...
[2026-10-02 11:40:35]     -> 1 Ausschuettung(en) in 12 Monaten (jaehrlich), Summe 2.32 EUR
[2026-10-02 11:40:35]   Hole Kurs fuer 1833.T ...
[2026-10-02 11:40:35]     -> 2 Ausschuettung(en) in 12 Monaten (halbjaehrlich), Summe 337.0 JPY
[2026-10-02 11:40:35]     -> keine Analystenabdeckung fuer 1833.T (Prognoseseite existiert nicht)
[2026-10-02 11:40:36]     -> Hinweis: hinterlegte Verschuldung 0.8 weicht vom berechneten Wert 0.35 ab - Automatik hat Vorrang.
[2026-10-02 11:40:36]   Hole Kurs fuer SO ...
[2026-10-02 11:40:36]     -> 4 Ausschuettung(en) in 12 Monaten (quartalsweise), Summe 3.0 USD
[2026-10-02 11:40:36]   Hole Kurs fuer 36B1.DE ...
[2026-10-02 11:40:37]     -> 4 Ausschuettung(en) in 12 Monaten (halbjaehrlich), Summe 0.270085 EUR
[2026-10-02 11:40:37]     -> ETF: TER 0.47%, Fondsgroesse 431170000.0, 822 Positionen, groesster Sektor None None%
[2026-10-02 11:40:37]   Hole Kurs fuer 3002.T ...
[2026-10-02 11:40:38]     -> 1 Ausschuettung(en) in 12 Monaten (jaehrlich), Summe 216.0 JPY
[2026-10-02 11:40:38]     -> Hinweis: hinterlegte Verschuldung 0.8 weicht vom berechneten Wert 0.18 ab - Automatik hat Vorrang.
[2026-10-02 11:40:38]   Hole Kurs fuer CON.DE ...
[2026-10-02 11:40:38]     -> 1 Ausschuettung(en) in 12 Monaten (jaehrlich), Summe 2.7 EUR
[2026-10-02 11:40:38]     -> Hinweis: hinterlegte Verschuldung 0.8 weicht vom berechneten Wert 1.57 ab - Automatik hat Vorrang.
[2026-10-02 11:40:38]   Hole Kurs fuer HRL ...
[2026-10-02 11:40:38]     -> 4 Ausschuettung(en) in 12 Monaten (quartalsweise), Summe 1.169 USD
[2026-10-02 11:40:39]   Hole Kurs fuer 5938.T ...
[2026-10-02 11:40:39]     -> 2 Ausschuettung(en) in 12 Monaten (halbjaehrlich), Summe 90.0 JPY
[2026-10-02 11:40:39]     -> Hinweis: geschaetzte Quote 35% weicht +432 Prozentpunkte vom echten Wert 466.55% ab - Automatik hat Vorrang.
[2026-10-02 11:40:39]   Hole Kurs fuer ME8U.SI ...
[2026-10-02 11:40:39]     -> Hinweis: hinterlegte Dividende 0.54 weicht -77% von den tatsaechlich gezahlten 0.1255 ab - Automatik hat Vorrang.
[2026-10-02 11:40:39]     -> 4 Ausschuettung(en) in 12 Monaten (quartalsweise), Summe 0.1255 SGD
[2026-10-02 11:40:39]   Hole Kurs fuer SAN.PA ...
[2026-10-02 11:40:40]     -> 1 Ausschuettung(en) in 12 Monaten (jaehrlich), Summe 4.12 EUR
[2026-10-02 11:40:40]   Hole Kurs fuer BIJ.DE ...
[2026-10-02 11:40:40]     -> 1 Ausschuettung(en) in 12 Monaten (jaehrlich), Summe 6.0 EUR
[2026-10-02 11:40:40]     -> keine Analystenabdeckung fuer BIJ.DE (Prognoseseite existiert nicht)
[2026-10-02 11:40:41]   Hole Kurs fuer GPC ...
[2026-10-02 11:40:41]     -> 4 Ausschuettung(en) in 12 Monaten (quartalsweise), Summe 4.219 USD
[2026-10-02 11:40:41]   Hole Kurs fuer EVK.DE ...
[2026-10-02 11:40:41]     -> 1 Ausschuettung(en) in 12 Monaten (jaehrlich), Summe 1.0 EUR
[2026-10-02 11:40:41]     -> Hinweis: geschaetzte Quote 180% weicht +205 Prozentpunkte vom echten Wert 385.12% ab - Automatik hat Vorrang.
[2026-10-02 11:40:41]   Hole Kurs fuer MMM ...
[2026-10-02 11:40:41]     -> 4 Ausschuettung(en) in 12 Monaten (quartalsweise), Summe 3.07 USD
[2026-10-02 11:40:42]   Hole Kurs fuer ORA.PA ...
[2026-10-02 11:40:42]     -> 2 Ausschuettung(en) in 12 Monaten (halbjaehrlich), Summe 0.75 EUR
[2026-10-02 11:40:42]   Hole Kurs fuer BP.L ...
[2026-10-02 11:40:42]     -> Hinweis: hinterlegte Dividende 0.32 weicht +7730% von den tatsaechlich gezahlten 25.055699 ab - Automatik hat Vorrang.
[2026-10-02 11:40:42]     -> 4 Ausschuettung(en) in 12 Monaten (quartalsweise), Summe 25.055699 GBp
[2026-10-02 11:40:42]   Hole Kurs fuer BAS.DE ...
[2026-10-02 11:40:43]     -> Hinweis: hinterlegte Dividende 3.4 weicht -34% von den tatsaechlich gezahlten 2.25 ab - Automatik hat Vorrang.
[2026-10-02 11:40:43]     -> 1 Ausschuettung(en) in 12 Monaten (jaehrlich), Summe 2.25 EUR
[2026-10-02 11:40:43]   Hole Kurs fuer MUX.DE ...
[2026-10-02 11:40:43]     -> 1 Ausschuettung(en) in 12 Monaten (jaehrlich), Summe 2.0 EUR
[2026-10-02 11:40:43]     -> Quote None% / Verschuldung 2.22 via stockanalysis
[2026-10-02 11:40:43]     -> Hinweis: hinterlegte Verschuldung 0.8 weicht vom berechneten Wert 2.22 ab - Automatik hat Vorrang.
[2026-10-02 11:40:44]   Hole Kurs fuer DUK ...
[2026-10-02 11:40:44]     -> 4 Ausschuettung(en) in 12 Monaten (quartalsweise), Summe 4.28 USD
[2026-10-02 11:40:44]   Hole Kurs fuer WCP.TO ...
[2026-10-02 11:40:44]     -> 12 Ausschuettung(en) in 12 Monaten (monatlich), Summe 0.732 CAD
[2026-10-02 11:40:44]     -> Hinweis: hinterlegte Verschuldung 1.2 weicht vom berechneten Wert 0.24 ab - Automatik hat Vorrang.
[2026-10-02 11:40:45]   Hole Kurs fuer WPC ...
[2026-10-02 11:40:45]     -> 4 Ausschuettung(en) in 12 Monaten (quartalsweise), Summe 3.74 USD
[2026-10-02 11:40:45]     -> Hinweis: geschaetzte Quote 100% weicht +27 Prozentpunkte vom echten Wert 126.64% ab - Automatik hat Vorrang.
[2026-10-02 11:40:45]   Hole Kurs fuer DEQ.DE ...
[2026-10-02 11:40:45]     -> 1 Ausschuettung(en) in 12 Monaten (jaehrlich), Summe 1.0 EUR
[2026-10-02 11:40:45]     -> Hinweis: hinterlegte Verschuldung 1.3 weicht vom berechneten Wert 0.97 ab - Automatik hat Vorrang.
[2026-10-02 11:40:45]     -> Hinweis: geschaetzte Quote 69.25% weicht +58 Prozentpunkte vom echten Wert 127.72% ab - Automatik hat Vorrang.
[2026-10-02 11:40:45]   Hole Kurs fuer ESS ...
[2026-10-02 11:40:45]     -> 4 Ausschuettung(en) in 12 Monaten (quartalsweise), Summe 10.34 USD
[2026-10-02 11:40:46]   Hole Kurs fuer LTC ...
[2026-10-02 11:40:46]     -> 12 Ausschuettung(en) in 12 Monaten (monatlich), Summe 2.28 USD
[2026-10-02 11:40:46]     -> Hinweis: hinterlegte Verschuldung 1.3 weicht vom berechneten Wert 0.58 ab - Automatik hat Vorrang.
[2026-10-02 11:40:46]   Hole Kurs fuer T ...
[2026-10-02 11:40:46]     -> 4 Ausschuettung(en) in 12 Monaten (quartalsweise), Summe 1.112 USD
[2026-10-02 11:40:46]   Hole Kurs fuer LEI.DE ...
[2026-10-02 11:40:47]     -> 1 Ausschuettung(en) in 12 Monaten (jaehrlich), Summe 1.2 EUR
[2026-10-02 11:40:47]     -> Quote 384.16% / Verschuldung 0.02 via stockanalysis
[2026-10-02 11:40:47]   Hole Kurs fuer FRT ...
[2026-10-02 11:40:47]     -> 4 Ausschuettung(en) in 12 Monaten (quartalsweise), Summe 4.55 USD
[2026-10-02 11:40:48]   Hole Kurs fuer ED ...
[2026-10-02 11:40:48]     -> 4 Ausschuettung(en) in 12 Monaten (quartalsweise), Summe 3.514 USD
[2026-10-02 11:40:48]   Hole Kurs fuer QDVQ.DE ...
[2026-10-02 11:40:48]     -> 4 Ausschuettung(en) in 12 Monaten (halbjaehrlich), Summe 0.332901 EUR
[2026-10-02 11:40:49]     -> ETF: TER 0.65%, Fondsgroesse 222940000.0, 195 Positionen, groesster Sektor None None%
[2026-10-02 11:40:49]   Hole Kurs fuer HABA.DE ...
[2026-10-02 11:40:49]     -> 1 Ausschuettung(en) in 12 Monaten (jaehrlich), Summe 0.39 EUR
[2026-10-02 11:40:49]     -> Hinweis: hinterlegte Verschuldung 1.3 weicht vom berechneten Wert 1.86 ab - Automatik hat Vorrang.
[2026-10-02 11:40:49]     -> Hinweis: geschaetzte Quote 200% weicht -145 Prozentpunkte vom echten Wert 55.22% ab - Automatik hat Vorrang.
[2026-10-02 11:40:49]   Hole Kurs fuer AFL ...
[2026-10-02 11:40:50]     -> 4 Ausschuettung(en) in 12 Monaten (quartalsweise), Summe 2.41 USD
[2026-10-02 11:40:50]   Hole Kurs fuer KO ...
[2026-10-02 11:40:50]     -> 4 Ausschuettung(en) in 12 Monaten (quartalsweise), Summe 2.1 USD
[2026-10-02 11:40:50]   Hole Kurs fuer CINF ...
[2026-10-02 11:40:50]     -> 4 Ausschuettung(en) in 12 Monaten (quartalsweise), Summe 3.69 USD
[2026-10-02 11:40:51]   Hole Kurs fuer DOC ...
[2026-10-02 11:40:51]     -> Hinweis: hinterlegte Dividende 0.92 weicht +33% von den tatsaechlich gezahlten 1.224 ab - Automatik hat Vorrang.
[2026-10-02 11:40:51]     -> 12 Ausschuettung(en) in 12 Monaten (quartalsweise), Summe 1.224 USD
[2026-10-02 11:40:51]   Hole Kurs fuer DOV ...
[2026-10-02 11:40:51]     -> 4 Ausschuettung(en) in 12 Monaten (quartalsweise), Summe 2.085 USD
[2026-10-02 11:40:51]   Hole Kurs fuer IS0Q.DE ...
[2026-10-02 11:40:52]     -> 4 Ausschuettung(en) in 12 Monaten (halbjaehrlich), Summe 5.458615 EUR
[2026-10-02 11:40:52]     -> ETF: TER 0.56%, Fondsgroesse 892400000.0, 1286 Positionen, groesster Sektor None None%
[2026-10-02 11:40:52]     -> ETF-Analystenurteil 4.8/10 (deckt 1.1% des Fonds ab)
[2026-10-02 11:40:52]   Hole Kurs fuer MDT ...
[2026-10-02 11:40:53]     -> 4 Ausschuettung(en) in 12 Monaten (quartalsweise), Summe 2.86 USD
[2026-10-02 11:40:53]   Hole Kurs fuer YYYY.DE ...
[2026-10-02 11:40:53]     -> 12 Ausschuettung(en) in 12 Monaten (monatlich), Summe 9.529651 EUR
[2026-10-02 11:40:53]     -> ETF: TER 0.99%, Fondsgroesse 64989999.99999999, 76 Positionen, groesster Sektor Technology 65.97%
[2026-10-02 11:40:59]     -> ETF-Analystenurteil 6.8/10 (deckt 48.6% des Fonds ab)
[2026-10-02 11:41:00]   Hole Kurs fuer UVV ...
[2026-10-02 11:41:00]     -> 4 Ausschuettung(en) in 12 Monaten (quartalsweise), Summe 3.29 USD
[2026-10-02 11:41:00]     -> keine Analystenabdeckung fuer UVV (Prognoseseite existiert nicht)
[2026-10-02 11:41:00]     -> Hinweis: geschaetzte Quote 96% weicht +340 Prozentpunkte vom echten Wert 435.91% ab - Automatik hat Vorrang.
[2026-10-02 11:41:00]   Hole Kurs fuer SDF.DE ...
[2026-10-02 11:41:01]     -> 1 Ausschuettung(en) in 12 Monaten (jaehrlich), Summe 0.07 EUR
[2026-10-02 11:41:01]   Hole Kurs fuer NTGY.MC ...
[2026-10-02 11:41:01]     -> Hinweis: hinterlegte Dividende 1.4 weicht +26% von den tatsaechlich gezahlten 1.77 ab - Automatik hat Vorrang.
[2026-10-02 11:41:01]     -> 3 Ausschuettung(en) in 12 Monaten (halbjaehrlich), Summe 1.77 EUR
[2026-10-02 11:41:01]   Hole Kurs fuer STG.CO ...
[2026-10-02 11:41:01]     -> 1 Ausschuettung(en) in 12 Monaten (jaehrlich), Summe 4.5 DKK
[2026-10-02 11:41:02]   Hole Kurs fuer JEIP.DE ...
[2026-10-02 11:41:02]     -> 12 Ausschuettung(en) in 12 Monaten (monatlich), Summe 1.572168 EUR
[2026-10-02 11:41:02]     -> ETF: TER 0.58%, Fondsgroesse 488540000.0, 280 Positionen, groesster Sektor Technology 22.14%
[2026-10-02 11:41:08]     -> ETF-Analystenurteil 7.7/10 (deckt 20.9% des Fonds ab)
[2026-10-02 11:41:08]   Hole Kurs fuer VOW3.DE ...
[2026-10-02 11:41:08]     -> 1 Ausschuettung(en) in 12 Monaten (jaehrlich), Summe 5.26 EUR
[2026-10-02 11:41:08]     -> Hinweis: hinterlegte Verschuldung 0.8 weicht vom berechneten Wert 1.39 ab - Automatik hat Vorrang.
[2026-10-02 11:41:08]     -> Hinweis: geschaetzte Quote 31.37% weicht +26 Prozentpunkte vom echten Wert 57.0% ab - Automatik hat Vorrang.
[2026-10-02 11:41:08]   Hole Kurs fuer STAG ...
[2026-10-02 11:41:09]     -> 6 Ausschuettung(en) in 12 Monaten (monatlich), Summe 1.536 USD [unvollstaendig]
[2026-10-02 11:41:09]   Hole Kurs fuer ENGI.PA ...
[2026-10-02 11:41:09]     -> 1 Ausschuettung(en) in 12 Monaten (jaehrlich), Summe 1.35 EUR
[2026-10-02 11:41:09]   Hole Kurs fuer CL ...
[2026-10-02 11:41:09]     -> 4 Ausschuettung(en) in 12 Monaten (quartalsweise), Summe 2.1 USD
[2026-10-02 11:41:10]   Hole Kurs fuer ISPA.DE ...
[2026-10-02 11:41:10]     -> 4 Ausschuettung(en) in 12 Monaten (quartalsweise), Summe 1.524521 EUR
[2026-10-02 11:41:10]     -> ETF: TER 0.46%, Fondsgroesse 5290000000.0, 140 Positionen, groesster Sektor Financials 42.49%
[2026-10-02 11:41:14]     -> ETF-Analystenurteil 5.1/10 (deckt 19.6% des Fonds ab)
[2026-10-02 11:41:15]   Hole Kurs fuer BCE ...
[2026-10-02 11:41:15]     -> 4 Ausschuettung(en) in 12 Monaten (quartalsweise), Summe 1.262 USD
[2026-10-02 11:41:15]     -> Hinweis: hinterlegte Verschuldung 0.8 weicht vom berechneten Wert 1.73 ab - Automatik hat Vorrang.
[2026-10-02 11:41:15]   Hole Kurs fuer ASWK.DE ...
[2026-10-02 11:41:15]     -> 11 Ausschuettung(en) in 12 Monaten (monatlich), Summe 4.961004 EUR [unvollstaendig]
[2026-10-02 11:41:15]     -> ETF: TER 0.65%, Fondsgroesse 54780000.0, 73 Positionen, groesster Sektor Technology 74.86%
[2026-10-02 11:41:22]     -> ETF-Analystenurteil 7.4/10 (deckt 63.4% des Fonds ab)
[2026-10-02 11:41:22]   Hole Kurs fuer XY7D.DE ...
[2026-10-02 11:41:22]     -> 13 Ausschuettung(en) in 12 Monaten (monatlich), Summe 1.528404 EUR
[2026-10-02 11:41:22]     -> ETF: TER 0.45%, Fondsgroesse 197100000.0, 33 Positionen, groesster Sektor Technology 21.07%
[2026-10-02 11:41:27]     -> ETF-Analystenurteil 6.3/10 (deckt 51.5% des Fonds ab)
[2026-10-02 11:41:27]   Hole Kurs fuer MBG.DE ...
[2026-10-02 11:41:27]     -> 1 Ausschuettung(en) in 12 Monaten (jaehrlich), Summe 3.5 EUR
[2026-10-02 11:41:27]     -> Hinweis: hinterlegte Verschuldung 0.8 weicht vom berechneten Wert 1.1 ab - Automatik hat Vorrang.
[2026-10-02 11:41:27]   Hole Kurs fuer ABT ...
[2026-10-02 11:41:27]     -> 4 Ausschuettung(en) in 12 Monaten (quartalsweise), Summe 2.48 USD
[2026-10-02 11:41:27]   Hole Kurs fuer 8616.T ...
[2026-10-02 11:41:28]     -> 2 Ausschuettung(en) in 12 Monaten (halbjaehrlich), Summe 53.0 JPY
[2026-10-02 11:41:28]     -> keine Analystenabdeckung fuer 8616.T (Prognoseseite existiert nicht)
[2026-10-02 11:41:28]   Hole Kurs fuer PM ...
[2026-10-02 11:41:29]     -> 4 Ausschuettung(en) in 12 Monaten (quartalsweise), Summe 5.88 USD
[2026-10-02 11:41:29]   Hole Kurs fuer VZ ...
[2026-10-02 11:41:29]     -> 4 Ausschuettung(en) in 12 Monaten (quartalsweise), Summe 2.796 USD
[2026-10-02 11:41:29]   Hole Kurs fuer WSU.DE ...
[2026-10-02 11:41:29]     -> 1 Ausschuettung(en) in 12 Monaten (jaehrlich), Summe 2.5 EUR
[2026-10-02 11:41:29]     -> Hinweis: hinterlegte Verschuldung 0.8 weicht vom berechneten Wert 1.59 ab - Automatik hat Vorrang.
[2026-10-02 11:41:30]   Hole Kurs fuer BNS ...
[2026-10-02 11:41:30]     -> 2 Ausschuettung(en) in 12 Monaten (quartalsweise), Summe 1.595 USD [unvollstaendig]
[2026-10-02 11:41:30]   Hole Kurs fuer NLY ...
[2026-10-02 11:41:30]     -> 4 Ausschuettung(en) in 12 Monaten (quartalsweise), Summe 2.9 USD
[2026-10-02 11:41:30]     -> Hinweis: hinterlegte Verschuldung 1.3 weicht vom berechneten Wert 7.38 ab - Automatik hat Vorrang.
[2026-10-02 11:41:30]   Hole Kurs fuer SRG.MI ...
[2026-10-02 11:41:31]     -> 2 Ausschuettung(en) in 12 Monaten (halbjaehrlich), Summe 0.3021 EUR
[2026-10-02 11:41:31]     -> Hinweis: hinterlegte Verschuldung 1.2 weicht vom berechneten Wert 2.34 ab - Automatik hat Vorrang.
[2026-10-02 11:41:31]   Hole Kurs fuer EVSD.DE ...
[2026-10-02 11:41:31]     -> 12 Ausschuettung(en) in 12 Monaten (monatlich), Summe 1.377 EUR
[2026-10-02 11:41:31]     -> ETF: TER 0.85%, Fondsgroesse 89120000.0, 28 Positionen, groesster Sektor Energy 31.71%
[2026-10-02 11:41:36]     -> ETF-Analystenurteil 6.4/10 (deckt 45.2% des Fonds ab)
[2026-10-02 11:41:36]   Hole Kurs fuer DOW ...
[2026-10-02 11:41:36]     -> 4 Ausschuettung(en) in 12 Monaten (quartalsweise), Summe 1.4 USD
[2026-10-02 11:41:36]     -> Hinweis: hinterlegte Verschuldung 0.8 weicht vom berechneten Wert 1.12 ab - Automatik hat Vorrang.
[2026-10-02 11:41:36]   Hole Kurs fuer FNTN.DE ...
[2026-10-02 11:41:36]     -> 1 Ausschuettung(en) in 12 Monaten (jaehrlich), Summe 2.07 EUR
[2026-10-02 11:41:37]   Hole Kurs fuer GLEN.L ...
[2026-10-02 11:41:37]     -> 2 Ausschuettung(en) in 12 Monaten (halbjaehrlich), Summe 12.5647 GBp
[2026-10-02 11:41:37]   Hole Kurs fuer UCG.MI ...
[2026-10-02 11:41:37]     -> 2 Ausschuettung(en) in 12 Monaten (jaehrlich), Summe 3.149 EUR
[2026-10-02 11:41:37]   Hole Kurs fuer XUHY.DE ...
[2026-10-02 11:41:38]     -> 4 Ausschuettung(en) in 12 Monaten (quartalsweise), Summe 0.750012 EUR
[2026-10-02 11:41:38]     -> ETF: TER 0.2%, Fondsgroesse 474790000.0, 794 Positionen, groesster Sektor None None%
[2026-10-02 11:41:38]     -> ETF-Analystenurteil 6.8/10 (deckt 1.0% des Fonds ab)
[2026-10-02 11:41:38]   Hole Kurs fuer SJM ...
[2026-10-02 11:41:39]     -> 4 Ausschuettung(en) in 12 Monaten (quartalsweise), Summe 4.42 USD
[2026-10-02 11:41:39]   Hole Kurs fuer XOM ...
[2026-10-02 11:41:39]     -> 4 Ausschuettung(en) in 12 Monaten (quartalsweise), Summe 4.12 USD
[2026-10-02 11:41:39]   Hole Kurs fuer WCH.DE ...
[2026-10-02 11:41:39]     -> 0 Ausschuettung(en) in 12 Monaten (jaehrlich), Summe None EUR [unvollstaendig]
[2026-10-02 11:41:39]     -> WARNUNG: weder Boersen-Ausschuettungen noch dividend_per_share verfuegbar - Rendite 2.6% ist ein EINGEFRORENER Startwert (Stand 2026-08), NICHT tagesaktuell.
[2026-10-02 11:41:40]   Hole Kurs fuer IBCA.DE ...
[2026-10-02 11:41:40]     -> 2 Ausschuettung(en) in 12 Monaten (halbjaehrlich), Summe 3.024 EUR
[2026-10-02 11:41:40]     -> ETF: TER 0.11%, Fondsgroesse 1770000000.0, 19 Positionen, groesster Sektor None None%
[2026-10-02 11:41:41]   Hole Kurs fuer SHW ...
[2026-10-02 11:41:41]     -> 4 Ausschuettung(en) in 12 Monaten (quartalsweise), Summe 3.19 USD
[2026-10-02 11:41:41]   Hole Kurs fuer TIGR.DE ...
[2026-10-02 11:41:41]     -> 2 Ausschuettung(en) in 12 Monaten (halbjaehrlich), Summe 0.39894 EUR
[2026-10-02 11:41:42]     -> ETF TIGR.DE: Holdings-Seite nicht lesbar (HTTP Error 404: Not Found)
[2026-10-02 11:41:42]     -> ETF: TER 0.39%, Fondsgroesse 492420000.0, None Positionen, groesster Sektor None None%
[2026-10-02 11:41:42]   Hole Kurs fuer AGNC ...
[2026-10-02 11:41:42]     -> 12 Ausschuettung(en) in 12 Monaten (monatlich), Summe 1.44 USD
[2026-10-02 11:41:42]   Hole Kurs fuer CVX ...
[2026-10-02 11:41:43]     -> 4 Ausschuettung(en) in 12 Monaten (quartalsweise), Summe 7.05 USD
[2026-10-02 11:41:43]   Hole Kurs fuer EDL.DE ...
[2026-10-02 11:41:43]     -> 1 Ausschuettung(en) in 12 Monaten (jaehrlich), Summe 0.3 EUR
[2026-10-02 11:41:43]     -> keine Analystenabdeckung fuer EDL.DE (Prognoseseite existiert nicht)
[2026-10-02 11:41:44]     -> Hinweis: hinterlegte Verschuldung 0.8 weicht vom berechneten Wert 1.42 ab - Automatik hat Vorrang.
[2026-10-02 11:41:44]   Hole Kurs fuer OKE ...
[2026-10-02 11:41:44]     -> 4 Ausschuettung(en) in 12 Monaten (quartalsweise), Summe 4.24 USD
[2026-10-02 11:41:44]   Hole Kurs fuer MKC ...
[2026-10-02 11:41:44]     -> 4 Ausschuettung(en) in 12 Monaten (quartalsweise), Summe 1.89 USD
[2026-10-02 11:41:45]   Hole Kurs fuer 035250.KS ...
[2026-10-02 11:41:45]     -> 1 Ausschuettung(en) in 12 Monaten (jaehrlich), Summe 950.0 KRW
[2026-10-02 11:41:45]     -> Hinweis: hinterlegte Verschuldung 0.8 weicht vom berechneten Wert 0.01 ab - Automatik hat Vorrang.
[2026-10-02 11:41:45]   Hole Kurs fuer PAH3.DE ...
[2026-10-02 11:41:45]     -> 1 Ausschuettung(en) in 12 Monaten (jaehrlich), Summe 1.51 EUR
[2026-10-02 11:41:45]     -> Hinweis: hinterlegte Verschuldung 0.8 weicht vom berechneten Wert 0.19 ab - Automatik hat Vorrang.
[2026-10-02 11:41:45]     -> Hinweis: geschaetzte Quote 22.65% weicht +464 Prozentpunkte vom echten Wert 486.32% ab - Automatik hat Vorrang.
[2026-10-02 11:41:45]   Hole Kurs fuer PEP ...
[2026-10-02 11:41:45]     -> 4 Ausschuettung(en) in 12 Monaten (quartalsweise), Summe 5.806 USD
[2026-10-02 11:41:46]   Hole Kurs fuer HNR1.DE ...
[2026-10-02 11:41:46]     -> 1 Ausschuettung(en) in 12 Monaten (jaehrlich), Summe 12.5 EUR
[2026-10-02 11:41:46]   Hole Kurs fuer 8985.T ...
[2026-10-02 11:41:46]     -> 1 Ausschuettung(en) in 12 Monaten (jaehrlich), Summe 5061.0 JPY
[2026-10-02 11:41:46]     -> Hinweis: hinterlegte Verschuldung 1.3 weicht vom berechneten Wert 0.98 ab - Automatik hat Vorrang.
[2026-10-02 11:41:46]   Hole Kurs fuer O ...
[2026-10-02 11:41:47]     -> 12 Ausschuettung(en) in 12 Monaten (monatlich), Summe 3.248 USD
[2026-10-02 11:41:47]     -> Hinweis: hinterlegte Verschuldung 1.3 weicht vom berechneten Wert 0.75 ab - Automatik hat Vorrang.
[2026-10-02 11:41:47]     -> Hinweis: geschaetzte Quote 75% weicht +162 Prozentpunkte vom echten Wert 237.14% ab - Automatik hat Vorrang.
[2026-10-02 11:41:47]   Hole Kurs fuer CHD ...
[2026-10-02 11:41:47]     -> 4 Ausschuettung(en) in 12 Monaten (quartalsweise), Summe 1.219 USD
[2026-10-02 11:41:47]   Hole Kurs fuer SHEL.L ...
[2026-10-02 11:41:47]     -> Hinweis: hinterlegte Dividende 0.86 weicht +13019% von den tatsaechlich gezahlten 112.819997 ab - Automatik hat Vorrang.
[2026-10-02 11:41:47]     -> 4 Ausschuettung(en) in 12 Monaten (quartalsweise), Summe 112.819997 GBp
[2026-10-02 11:41:48]   Hole Kurs fuer LYB ...
[2026-10-02 11:41:48]     -> 4 Ausschuettung(en) in 12 Monaten (quartalsweise), Summe 3.44 USD
[2026-10-02 11:41:48]     -> Hinweis: hinterlegte Verschuldung 0.8 weicht vom berechneten Wert 1.33 ab - Automatik hat Vorrang.
[2026-10-02 11:41:48]   Hole Kurs fuer ROP ...
[2026-10-02 11:41:48]     -> 4 Ausschuettung(en) in 12 Monaten (quartalsweise), Summe 3.555 USD
[2026-10-02 11:41:48]   Hole Kurs fuer VOD.L ...
[2026-10-02 11:41:48]     -> Hinweis: hinterlegte Dividende 0.09 weicht +4301% von den tatsaechlich gezahlten 3.961073 ab - Automatik hat Vorrang.
[2026-10-02 11:41:48]     -> 2 Ausschuettung(en) in 12 Monaten (halbjaehrlich), Summe 3.961073 GBp
[2026-10-02 11:41:49]   Hole Kurs fuer GSK.L ...
[2026-10-02 11:41:49]     -> Hinweis: hinterlegte Dividende 0.63 weicht +10694% von den tatsaechlich gezahlten 68.0 ab - Automatik hat Vorrang.
[2026-10-02 11:41:49]     -> 4 Ausschuettung(en) in 12 Monaten (quartalsweise), Summe 68.0 GBp
[2026-10-02 11:41:49]   Hole Kurs fuer LEG.DE ...
[2026-10-02 11:41:49]     -> 1 Ausschuettung(en) in 12 Monaten (jaehrlich), Summe 2.92 EUR
[2026-10-02 11:41:49]   Hole Kurs fuer PWO.DE ...
[2026-10-02 11:41:49]     -> 1 Ausschuettung(en) in 12 Monaten (jaehrlich), Summe 1.65 EUR
[2026-10-02 11:41:50]     -> keine Analystenabdeckung fuer PWO.DE (Prognoseseite existiert nicht)
[2026-10-02 11:41:50]   Hole Kurs fuer DX ...
[2026-10-02 11:41:50]     -> 12 Ausschuettung(en) in 12 Monaten (monatlich), Summe 2.04 USD
[2026-10-02 11:41:51]   Hole Kurs fuer 0010.HK ...
[2026-10-02 11:41:51]     -> 2 Ausschuettung(en) in 12 Monaten (halbjaehrlich), Summe 0.86 HKD
[2026-10-02 11:41:51]     -> keine Analystenabdeckung fuer 0010.HK (Prognoseseite existiert nicht)
[2026-10-02 11:41:51]     -> Hinweis: hinterlegte Verschuldung 1.3 weicht vom berechneten Wert 0.35 ab - Automatik hat Vorrang.
[2026-10-02 11:41:51]     -> Hinweis: geschaetzte Quote 65% weicht +18 Prozentpunkte vom echten Wert 82.52% ab - Automatik hat Vorrang.
[2026-10-02 11:41:51]   Hole Kurs fuer PBR ...
[2026-10-02 11:41:52]     -> 3 Ausschuettung(en) in 12 Monaten (quartalsweise), Summe 0.797 USD [unvollstaendig]
[2026-10-02 11:41:52]     -> Hinweis: hinterlegte Verschuldung 1.2 weicht vom berechneten Wert 0.76 ab - Automatik hat Vorrang.
[2026-10-02 11:41:52]   Hole Kurs fuer SYBK.DE ...
[2026-10-02 11:41:52]     -> 2 Ausschuettung(en) in 12 Monaten (halbjaehrlich), Summe 2.46725 EUR
[2026-10-02 11:41:52]     -> ETF: TER 0.39%, Fondsgroesse 110530000.0, 584 Positionen, groesster Sektor None None%
[2026-10-02 11:41:53]     -> ETF-Analystenurteil 6.5/10 (deckt 3.3% des Fonds ab)
[2026-10-02 11:41:53]   Hole Kurs fuer EN.PA ...
[2026-10-02 11:41:53]     -> 1 Ausschuettung(en) in 12 Monaten (jaehrlich), Summe 2.1 EUR
[2026-10-02 11:41:53]     -> Hinweis: geschaetzte Quote 45% weicht +20 Prozentpunkte vom echten Wert 64.7% ab - Automatik hat Vorrang.
[2026-10-02 11:41:53]   Hole Kurs fuer 7177.T ...
[2026-10-02 11:41:53]     -> 4 Ausschuettung(en) in 12 Monaten (quartalsweise), Summe 51.07 JPY
[2026-10-02 11:41:54]     -> keine Analystenabdeckung fuer 7177.T (Prognoseseite existiert nicht)
[2026-10-02 11:41:54]   Hole Kurs fuer SYBY.DE ...
[2026-10-02 11:41:54]     -> 2 Ausschuettung(en) in 12 Monaten (halbjaehrlich), Summe 1.447219 EUR
[2026-10-02 11:41:55]     -> ETF: TER 0.05%, Fondsgroesse 235420000.0, 53 Positionen, groesster Sektor None None%
[2026-10-02 11:41:55]   Hole Kurs fuer QYLE.DE ...
[2026-10-02 11:41:55]     -> 11 Ausschuettung(en) in 12 Monaten (monatlich), Summe 1.562642 EUR [unvollstaendig]
[2026-10-02 11:41:56]     -> ETF QYLE.DE: Holdings-Seite nicht lesbar (HTTP Error 404: Not Found)
[2026-10-02 11:41:56]     -> ETF: TER 0.45%, Fondsgroesse 748550000.0, 1 Positionen, groesster Sektor None None%
[2026-10-02 11:41:56]   Hole Kurs fuer MAIN ...
[2026-10-02 11:41:56]     -> 16 Ausschuettung(en) in 12 Monaten (monatlich), Summe 4.32 USD
[2026-10-02 11:41:57]   Hole Kurs fuer AGS.BR ...
[2026-10-02 11:41:57]     -> 2 Ausschuettung(en) in 12 Monaten (halbjaehrlich), Summe 3.75 EUR
[2026-10-02 11:41:57]   Hole Kurs fuer CTAS ...
[2026-10-02 11:41:57]     -> Hinweis: hinterlegte Dividende 6.2 weicht -70% von den tatsaechlich gezahlten 1.87 ab - Automatik hat Vorrang.
[2026-10-02 11:41:57]     -> 4 Ausschuettung(en) in 12 Monaten (quartalsweise), Summe 1.87 USD
[2026-10-02 11:41:57]   Hole Kurs fuer NUE ...
[2026-10-02 11:41:57]     -> 4 Ausschuettung(en) in 12 Monaten (quartalsweise), Summe 2.24 USD
[2026-10-02 11:41:58]   Hole Kurs fuer 8960.T ...
[2026-10-02 11:41:58]     -> 2 Ausschuettung(en) in 12 Monaten (halbjaehrlich), Summe 8734.0 JPY
[2026-10-02 11:41:58]     -> Hinweis: hinterlegte Verschuldung 1.3 weicht vom berechneten Wert 0.88 ab - Automatik hat Vorrang.
[2026-10-02 11:41:58]   Hole Kurs fuer GUHY.DE ...
[2026-10-02 11:41:58]     -> 2 Ausschuettung(en) in 12 Monaten (halbjaehrlich), Summe 2.693664 EUR
[2026-10-02 11:41:58]     -> ETF: TER 0.35%, Fondsgroesse 85320000.0, 342 Positionen, groesster Sektor None None%
[2026-10-02 11:41:59]     -> ETF-Analystenurteil 6.9/10 (deckt 3.6% des Fonds ab)
[2026-10-02 11:41:59]   Hole Kurs fuer WINC.DE ...
[2026-10-02 11:41:59]     -> 5 Ausschuettung(en) in 12 Monaten (quartalsweise), Summe 0.568645 EUR
[2026-10-02 11:41:59]     -> ETF: TER 0.7%, Fondsgroesse 697830000.0, 486 Positionen, groesster Sektor Other 47.41%
[2026-10-02 11:42:05]     -> ETF-Analystenurteil 7.6/10 (deckt 22.7% des Fonds ab)
[2026-10-02 11:42:06]   Hole Kurs fuer EUNW.DE ...
[2026-10-02 11:42:06]     -> 3 Ausschuettung(en) in 12 Monaten (halbjaehrlich), Summe 4.7012 EUR
[2026-10-02 11:42:06]     -> ETF: TER 0.55%, Fondsgroesse 4830000000.0, 677 Positionen, groesster Sektor None None%
[2026-10-02 11:42:06]     -> ETF-Analystenurteil 6.9/10 (deckt 0.7% des Fonds ab)
[2026-10-02 11:42:07]   Hole Kurs fuer HSBA.L ...
[2026-10-02 11:42:07]     -> 4 Ausschuettung(en) in 12 Monaten (quartalsweise), Summe 55.6718 GBp
[2026-10-02 11:42:07]   Hole Kurs fuer OHI ...
[2026-10-02 11:42:07]     -> 4 Ausschuettung(en) in 12 Monaten (quartalsweise), Summe 2.69 USD
[2026-10-02 11:42:07]     -> Hinweis: hinterlegte Verschuldung 1.3 weicht vom berechneten Wert 0.71 ab - Automatik hat Vorrang.
[2026-10-02 11:42:07]   Hole Kurs fuer PG ...
[2026-10-02 11:42:07]     -> 4 Ausschuettung(en) in 12 Monaten (quartalsweise), Summe 4.292 USD
[2026-10-02 11:42:08]   Hole Kurs fuer SY7D.DE ...
[2026-10-02 11:42:08]     -> 12 Ausschuettung(en) in 12 Monaten (monatlich), Summe 1.655107 EUR
[2026-10-02 11:42:08]     -> ETF SY7D.DE: Holdings-Seite nicht lesbar (HTTP Error 404: Not Found)
[2026-10-02 11:42:08]     -> ETF: TER 0.45%, Fondsgroesse 129970000.0, None Positionen, groesster Sektor None None%
[2026-10-02 11:42:09]   Hole Kurs fuer ELE.MC ...
[2026-10-02 11:42:09]     -> 2 Ausschuettung(en) in 12 Monaten (halbjaehrlich), Summe 1.584 EUR
[2026-10-02 11:42:09]     -> Hinweis: geschaetzte Quote 75% weicht -23 Prozentpunkte vom echten Wert 52.49% ab - Automatik hat Vorrang.
[2026-10-02 11:42:09]   Hole Kurs fuer EPD ...
[2026-10-02 11:42:09]     -> 4 Ausschuettung(en) in 12 Monaten (quartalsweise), Summe 2.205 USD
[2026-10-02 11:42:09]   Hole Kurs fuer CCI ...
[2026-10-02 11:42:10]     -> 4 Ausschuettung(en) in 12 Monaten (quartalsweise), Summe 4.252 USD
[2026-10-02 11:42:10]   Hole Kurs fuer 8972.T ...
[2026-10-02 11:42:10]     -> 2 Ausschuettung(en) in 12 Monaten (halbjaehrlich), Summe 8271.0 JPY
[2026-10-02 11:42:10]     -> Hinweis: hinterlegte Verschuldung 1.3 weicht vom berechneten Wert 0.92 ab - Automatik hat Vorrang.
[2026-10-02 11:42:10]   Hole Kurs fuer RO.SW ...
[2026-10-02 11:42:10]     -> 1 Ausschuettung(en) in 12 Monaten (jaehrlich), Summe 10.799 CHF
[2026-10-02 11:42:10]     -> stockanalysis: HTTP 404 fuer RO.SW (https://stockanalysis.com/quote/swx/RO/statistics/)
[2026-10-02 11:42:11]     -> keine Analystenabdeckung fuer RO.SW (Prognoseseite existiert nicht)
[2026-10-02 11:42:12]   Hole Kurs fuer 8395.T ...
[2026-10-02 11:42:12]     -> 2 Ausschuettung(en) in 12 Monaten (halbjaehrlich), Summe 115.0 JPY
[2026-10-02 11:42:12]     -> stockanalysis: weder Quote noch Verschuldung fuer 8395.T gefunden (Seite erreichbar, Layout evtl. geaendert)
[2026-10-02 11:42:13]     -> keine Analystenabdeckung fuer 8395.T (Prognoseseite existiert nicht)
[2026-10-02 11:42:13]   Hole Kurs fuer PFE ...
[2026-10-02 11:42:13]     -> 4 Ausschuettung(en) in 12 Monaten (quartalsweise), Summe 1.72 USD
[2026-10-02 11:42:13]     -> Hinweis: geschaetzte Quote 131% weicht +95 Prozentpunkte vom echten Wert 226.35% ab - Automatik hat Vorrang.
[2026-10-02 11:42:14]   Hole Kurs fuer TU ...
[2026-10-02 11:42:14]     -> 3 Ausschuettung(en) in 12 Monaten (quartalsweise), Summe 0.744 USD [unvollstaendig]
[2026-10-02 11:42:14]     -> Hinweis: hinterlegte Verschuldung 0.8 weicht vom berechneten Wert 2.24 ab - Automatik hat Vorrang.
[2026-10-02 11:42:14]   Hole Kurs fuer ABBV ...
[2026-10-02 11:42:14]     -> 4 Ausschuettung(en) in 12 Monaten (quartalsweise), Summe 6.83 USD
[2026-10-02 11:42:14]   Hole Kurs fuer NESN.SW ...
[2026-10-02 11:42:14]     -> 1 Ausschuettung(en) in 12 Monaten (jaehrlich), Summe 3.1 CHF
[2026-10-02 11:42:15]   Hole Kurs fuer KEY ...
[2026-10-02 11:42:15]     -> 4 Ausschuettung(en) in 12 Monaten (quartalsweise), Summe 0.82 USD
[2026-10-02 11:42:15]   Hole Kurs fuer CAT ...
[2026-10-02 11:42:15]     -> 4 Ausschuettung(en) in 12 Monaten (quartalsweise), Summe 6.16 USD
[2026-10-02 11:42:16]   Hole Kurs fuer MB.MI ...
[2026-10-02 11:42:16]     -> 2 Ausschuettung(en) in 12 Monaten (halbjaehrlich), Summe 1.22 EUR
[2026-10-02 11:42:16]   Hole Kurs fuer ENEL.MI ...
[2026-10-02 11:42:16]     -> 2 Ausschuettung(en) in 12 Monaten (halbjaehrlich), Summe 0.49 EUR
[2026-10-02 11:42:17]   Hole Kurs fuer ATO ...
[2026-10-02 11:42:17]     -> 4 Ausschuettung(en) in 12 Monaten (quartalsweise), Summe 4.0 USD
[2026-10-02 11:42:17]   Hole Kurs fuer PBA ...
[2026-10-02 11:42:17]     -> 3 Ausschuettung(en) in 12 Monaten (quartalsweise), Summe 1.572 USD [unvollstaendig]
[2026-10-02 11:42:17]     -> keine Analystenabdeckung fuer PBA (Prognoseseite existiert nicht)
[2026-10-02 11:42:18]     -> Hinweis: hinterlegte Verschuldung 1.2 weicht vom berechneten Wert 0.81 ab - Automatik hat Vorrang.
[2026-10-02 11:42:18]   Hole Kurs fuer SIX2.DE ...
[2026-10-02 11:42:18]     -> 1 Ausschuettung(en) in 12 Monaten (jaehrlich), Summe 3.2 EUR
[2026-10-02 11:42:18]     -> Hinweis: hinterlegte Verschuldung 0.8 weicht vom berechneten Wert 2.12 ab - Automatik hat Vorrang.
[2026-10-02 11:42:19]   Hole Kurs fuer BDX ...
[2026-10-02 11:42:19]     -> 4 Ausschuettung(en) in 12 Monaten (quartalsweise), Summe 3.975472 USD
[2026-10-02 11:42:19]   Hole Kurs fuer SYY ...
[2026-10-02 11:42:19]     -> 4 Ausschuettung(en) in 12 Monaten (quartalsweise), Summe 2.17 USD
[2026-10-02 11:42:20]   Hole Kurs fuer 4183.T ...
[2026-10-02 11:42:20]     -> 2 Ausschuettung(en) in 12 Monaten (halbjaehrlich), Summe 75.0 JPY
[2026-10-02 11:42:20]   Hole Kurs fuer GWW ...
[2026-10-02 11:42:20]     -> 4 Ausschuettung(en) in 12 Monaten (quartalsweise), Summe 9.5 USD
[2026-10-02 11:42:20]   Hole Kurs fuer HOT.DE ...
[2026-10-02 11:42:21]     -> 1 Ausschuettung(en) in 12 Monaten (jaehrlich), Summe 6.6 EUR
[2026-10-02 11:42:21]     -> Hinweis: hinterlegte Verschuldung 0.8 weicht vom berechneten Wert 7.16 ab - Automatik hat Vorrang.
[2026-10-02 11:42:21]   Hole Kurs fuer ULVR.L ...
[2026-10-02 11:42:21]     -> Hinweis: hinterlegte Dividende 1.72 weicht +9492% von den tatsaechlich gezahlten 164.990002 ab - Automatik hat Vorrang.
[2026-10-02 11:42:21]     -> 4 Ausschuettung(en) in 12 Monaten (quartalsweise), Summe 164.990002 GBp
[2026-10-02 11:42:21]   Hole Kurs fuer B7E.DE ...
[2026-10-02 11:42:22]     -> 1 Ausschuettung(en) in 12 Monaten (jaehrlich), Summe 1.6 EUR
[2026-10-02 11:42:22]     -> Hinweis: hinterlegte Verschuldung 0.8 weicht vom berechneten Wert 0.43 ab - Automatik hat Vorrang.
[2026-10-02 11:42:22]   Hole Kurs fuer SPGI ...
[2026-10-02 11:42:22]     -> 4 Ausschuettung(en) in 12 Monaten (quartalsweise), Summe 3.713615 USD
[2026-10-02 11:42:22]   Hole Kurs fuer 7240.T ...
[2026-10-02 11:42:23]     -> 2 Ausschuettung(en) in 12 Monaten (halbjaehrlich), Summe 135.0 JPY
[2026-10-02 11:42:23]   Hole Kurs fuer TW.L ...
[2026-10-02 11:42:23]     -> 2 Ausschuettung(en) in 12 Monaten (halbjaehrlich), Summe 7.62 GBp
[2026-10-02 11:42:23]     -> Hinweis: hinterlegte Verschuldung 1.3 weicht vom berechneten Wert 0.03 ab - Automatik hat Vorrang.
[2026-10-02 11:42:23]     -> Hinweis: geschaetzte Quote 55% weicht +53 Prozentpunkte vom echten Wert 108.28% ab - Automatik hat Vorrang.
[2026-10-02 11:42:23]   Hole Kurs fuer MCD ...
[2026-10-02 11:42:24]     -> 4 Ausschuettung(en) in 12 Monaten (quartalsweise), Summe 7.44 USD
[2026-10-02 11:42:24]   Hole Kurs fuer ALV.DE ...
[2026-10-02 11:42:24]     -> 1 Ausschuettung(en) in 12 Monaten (jaehrlich), Summe 17.1 EUR
[2026-10-02 11:42:24]   Hole Kurs fuer UEFS.DE ...
[2026-10-02 11:42:25]     -> 2 Ausschuettung(en) in 12 Monaten (halbjaehrlich), Summe 0.536458 EUR
[2026-10-02 11:42:25]     -> ETF: TER 0.25%, Fondsgroesse 98290000.0, 687 Positionen, groesster Sektor None None%
[2026-10-02 11:42:25]     -> ETF-Analystenurteil 6.1/10 (deckt 0.7% des Fonds ab)
[2026-10-02 11:42:25] Anreicherung (News/Analysten-Grades) fuer 30 Top-Kandidaten + Depot (von 115 qualifizierten) ...
[2026-10-02 11:42:26]   FMP-Fehler (HTTP 402) bei news/stock: b'Restricted Endpoint: This endpoint is not available under your current subscription please visit our subscription page to upgrade your plan at https:/'
[2026-10-02 11:42:26]   Finnhub (News)-Fehler (HTTP 403) bei company-news: b'{"error":"You don\'t have access to this resource."}'
[2026-10-02 11:42:26]   FMP-Fehler (HTTP 402) bei grades: b"Premium Query Parameter: 'Special Endpoint : This value set for 'symbol' is not available under your current subscription please visit our subscriptio"
[2026-10-02 11:42:26]   Finnhub (Empfehlungen)-Fehler (HTTP 403) bei stock/recommendation: b'{"error":"You don\'t have access to this resource."}'
[2026-10-02 11:42:26]   FMP-Fehler (HTTP 402) bei news/stock: b'Restricted Endpoint: This endpoint is not available under your current subscription please visit our subscription page to upgrade your plan at https:/'
[2026-10-02 11:42:27]   Finnhub (News)-Fehler (HTTP 403) bei company-news: b'{"error":"You don\'t have access to this resource."}'
[2026-10-02 11:42:27]   FMP-Fehler (HTTP 402) bei grades: b"Premium Query Parameter: 'Special Endpoint : This value set for 'symbol' is not available under your current subscription please visit our subscriptio"
[2026-10-02 11:42:27]   Finnhub (Empfehlungen)-Fehler (HTTP 403) bei stock/recommendation: b'{"error":"You don\'t have access to this resource."}'
[2026-10-02 11:42:27]   FMP-Fehler (HTTP 402) bei news/stock: b'Restricted Endpoint: This endpoint is not available under your current subscription please visit our subscription page to upgrade your plan at https:/'
[2026-10-02 11:42:27]   Finnhub (News)-Fehler (HTTP 403) bei company-news: b'{"error":"You don\'t have access to this resource."}'
[2026-10-02 11:42:27]   FMP-Fehler (HTTP 402) bei grades: b"Premium Query Parameter: 'Special Endpoint : This value set for 'symbol' is not available under your current subscription please visit our subscriptio"
[2026-10-02 11:42:28]   Finnhub (Empfehlungen)-Fehler (HTTP 403) bei stock/recommendation: b'{"error":"You don\'t have access to this resource."}'
[2026-10-02 11:42:28]   FMP-Fehler (HTTP 402) bei news/stock: b'Restricted Endpoint: This endpoint is not available under your current subscription please visit our subscription page to upgrade your plan at https:/'
[2026-10-02 11:42:28]   Finnhub (News)-Fehler (HTTP 403) bei company-news: b'{"error":"You don\'t have access to this resource."}'
[2026-10-02 11:42:28]   FMP-Fehler (HTTP 402) bei grades: b"Premium Query Parameter: 'Special Endpoint : This value set for 'symbol' is not available under your current subscription please visit our subscriptio"
[2026-10-02 11:42:28]   Finnhub (Empfehlungen)-Fehler (HTTP 403) bei stock/recommendation: b'{"error":"You don\'t have access to this resource."}'
[2026-10-02 11:42:29]   FMP-Fehler (HTTP 402) bei news/stock: b'Restricted Endpoint: This endpoint is not available under your current subscription please visit our subscription page to upgrade your plan at https:/'
[2026-10-02 11:42:29]   Finnhub (News)-Fehler (HTTP 403) bei company-news: b'{"error":"You don\'t have access to this resource."}'
[2026-10-02 11:42:29]   FMP-Fehler (HTTP 402) bei grades: b"Premium Query Parameter: 'Special Endpoint : This value set for 'symbol' is not available under your current subscription please visit our subscriptio"
[2026-10-02 11:42:29]   Finnhub (Empfehlungen)-Fehler (HTTP 403) bei stock/recommendation: b'{"error":"You don\'t have access to this resource."}'
[2026-10-02 11:42:29]   FMP-Fehler (HTTP 402) bei news/stock: b'Restricted Endpoint: This endpoint is not available under your current subscription please visit our subscription page to upgrade your plan at https:/'
[2026-10-02 11:42:29]   Finnhub (News)-Fehler (HTTP 403) bei company-news: b'{"error":"You don\'t have access to this resource."}'
[2026-10-02 11:42:30]   FMP-Fehler (HTTP 402) bei grades: b"Premium Query Parameter: 'Special Endpoint : This value set for 'symbol' is not available under your current subscription please visit our subscriptio"
[2026-10-02 11:42:30]   Finnhub (Empfehlungen)-Fehler (HTTP 403) bei stock/recommendation: b'{"error":"You don\'t have access to this resource."}'
[2026-10-02 11:42:30]   FMP-Fehler (HTTP 402) bei news/stock: b'Restricted Endpoint: This endpoint is not available under your current subscription please visit our subscription page to upgrade your plan at https:/'
[2026-10-02 11:42:30]   Finnhub (News)-Fehler (HTTP 403) bei company-news: b'{"error":"You don\'t have access to this resource."}'
[2026-10-02 11:42:30]   FMP-Fehler (HTTP 402) bei grades: b"Premium Query Parameter: 'Special Endpoint : This value set for 'symbol' is not available under your current subscription please visit our subscriptio"
[2026-10-02 11:42:30]   Finnhub (Empfehlungen)-Fehler (HTTP 403) bei stock/recommendation: b'{"error":"You don\'t have access to this resource."}'
[2026-10-02 11:42:31]   FMP-Fehler (HTTP 402) bei news/stock: b'Restricted Endpoint: This endpoint is not available under your current subscription please visit our subscription page to upgrade your plan at https:/'
[2026-10-02 11:42:31]   Finnhub (News)-Fehler (HTTP 403) bei company-news: b'{"error":"You don\'t have access to this resource."}'
[2026-10-02 11:42:31]   FMP-Fehler (HTTP 402) bei grades: b"Premium Query Parameter: 'Special Endpoint : This value set for 'symbol' is not available under your current subscription please visit our subscriptio"
[2026-10-02 11:42:31]   Finnhub (Empfehlungen)-Fehler (HTTP 403) bei stock/recommendation: b'{"error":"You don\'t have access to this resource."}'
[2026-10-02 11:42:32]   FMP-Fehler (HTTP 402) bei news/stock: b'Restricted Endpoint: This endpoint is not available under your current subscription please visit our subscription page to upgrade your plan at https:/'
[2026-10-02 11:42:32]   Finnhub (News)-Fehler (HTTP 403) bei company-news: b'{"error":"You don\'t have access to this resource."}'
[2026-10-02 11:42:32]   FMP-Fehler (HTTP 402) bei grades: b"Premium Query Parameter: 'Special Endpoint : This value set for 'symbol' is not available under your current subscription please visit our subscriptio"
[2026-10-02 11:42:32]   Finnhub (Empfehlungen)-Fehler (HTTP 403) bei stock/recommendation: b'{"error":"You don\'t have access to this resource."}'
[2026-10-02 11:42:32]   FMP-Fehler (HTTP 402) bei news/stock: b'Restricted Endpoint: This endpoint is not available under your current subscription please visit our subscription page to upgrade your plan at https:/'
[2026-10-02 11:42:32]   Finnhub (News)-Fehler (HTTP 403) bei company-news: b'{"error":"You don\'t have access to this resource."}'
[2026-10-02 11:42:33]   FMP-Fehler (HTTP 402) bei grades: b"Premium Query Parameter: 'Special Endpoint : This value set for 'symbol' is not available under your current subscription please visit our subscriptio"
[2026-10-02 11:42:33]   Finnhub (Empfehlungen)-Fehler (HTTP 403) bei stock/recommendation: b'{"error":"You don\'t have access to this resource."}'
[2026-10-02 11:42:33]   FMP-Fehler (HTTP 402) bei news/stock: b'Restricted Endpoint: This endpoint is not available under your current subscription please visit our subscription page to upgrade your plan at https:/'
[2026-10-02 11:42:33]   Finnhub (News)-Fehler (HTTP 403) bei company-news: b'{"error":"You don\'t have access to this resource."}'
[2026-10-02 11:42:33]   FMP-Fehler (HTTP 402) bei grades: b"Premium Query Parameter: 'Special Endpoint : This value set for 'symbol' is not available under your current subscription please visit our subscriptio"
[2026-10-02 11:42:33]   Finnhub (Empfehlungen)-Fehler (HTTP 403) bei stock/recommendation: b'{"error":"You don\'t have access to this resource."}'
[2026-10-02 11:42:34]   FMP-Fehler (HTTP 402) bei news/stock: b'Restricted Endpoint: This endpoint is not available under your current subscription please visit our subscription page to upgrade your plan at https:/'
[2026-10-02 11:42:34]     -> News via Finnhub ergaenzt
[2026-10-02 11:42:34]   FMP-Fehler (HTTP 402) bei grades: b"Premium Query Parameter: 'Special Endpoint : This value set for 'symbol' is not available under your current subscription please visit our subscriptio"
[2026-10-02 11:42:34]     -> Analysten-Konsens via Finnhub ergaenzt
[2026-10-02 11:42:34]   FMP-Fehler (HTTP 402) bei news/stock: b'Restricted Endpoint: This endpoint is not available under your current subscription please visit our subscription page to upgrade your plan at https:/'
[2026-10-02 11:42:35]   Finnhub (News)-Fehler (HTTP 403) bei company-news: b'{"error":"You don\'t have access to this resource."}'
[2026-10-02 11:42:35]   FMP-Fehler (HTTP 402) bei grades: b"Premium Query Parameter: 'Special Endpoint : This value set for 'symbol' is not available under your current subscription please visit our subscriptio"
[2026-10-02 11:42:35]   Finnhub (Empfehlungen)-Fehler (HTTP 403) bei stock/recommendation: b'{"error":"You don\'t have access to this resource."}'
[2026-10-02 11:42:35]   FMP-Fehler (HTTP 402) bei news/stock: b'Restricted Endpoint: This endpoint is not available under your current subscription please visit our subscription page to upgrade your plan at https:/'
[2026-10-02 11:42:35]   Finnhub (News)-Fehler (HTTP 403) bei company-news: b'{"error":"You don\'t have access to this resource."}'
[2026-10-02 11:42:35]   FMP-Fehler (HTTP 402) bei grades: b"Premium Query Parameter: 'Special Endpoint : This value set for 'symbol' is not available under your current subscription please visit our subscriptio"
[2026-10-02 11:42:36]   Finnhub (Empfehlungen)-Fehler (HTTP 403) bei stock/recommendation: b'{"error":"You don\'t have access to this resource."}'
[2026-10-02 11:42:36]   FMP-Fehler (HTTP 402) bei news/stock: b'Restricted Endpoint: This endpoint is not available under your current subscription please visit our subscription page to upgrade your plan at https:/'
[2026-10-02 11:42:36]   Finnhub (News)-Fehler (HTTP 403) bei company-news: b'{"error":"You don\'t have access to this resource."}'
[2026-10-02 11:42:36]   FMP-Fehler (HTTP 402) bei grades: b"Premium Query Parameter: 'Special Endpoint : This value set for 'symbol' is not available under your current subscription please visit our subscriptio"
[2026-10-02 11:42:36]   Finnhub (Empfehlungen)-Fehler (HTTP 403) bei stock/recommendation: b'{"error":"You don\'t have access to this resource."}'
[2026-10-02 11:42:37]   FMP-Fehler (HTTP 402) bei news/stock: b'Restricted Endpoint: This endpoint is not available under your current subscription please visit our subscription page to upgrade your plan at https:/'
[2026-10-02 11:42:37]     -> News via Finnhub ergaenzt
[2026-10-02 11:42:37]   FMP-Fehler (HTTP 402) bei grades: b"Premium Query Parameter: 'Special Endpoint : This value set for 'symbol' is not available under your current subscription please visit our subscriptio"
[2026-10-02 11:42:37]     -> Analysten-Konsens via Finnhub ergaenzt
[2026-10-02 11:42:37]   FMP-Fehler (HTTP 402) bei news/stock: b'Restricted Endpoint: This endpoint is not available under your current subscription please visit our subscription page to upgrade your plan at https:/'
[2026-10-02 11:42:37]   Finnhub (News)-Fehler (HTTP 403) bei company-news: b'{"error":"You don\'t have access to this resource."}'
[2026-10-02 11:42:38]   FMP-Fehler (HTTP 402) bei grades: b"Premium Query Parameter: 'Special Endpoint : This value set for 'symbol' is not available under your current subscription please visit our subscriptio"
[2026-10-02 11:42:38]   Finnhub (Empfehlungen)-Fehler (HTTP 403) bei stock/recommendation: b'{"error":"You don\'t have access to this resource."}'
[2026-10-02 11:42:38]   FMP-Fehler (HTTP 402) bei news/stock: b'Restricted Endpoint: This endpoint is not available under your current subscription please visit our subscription page to upgrade your plan at https:/'
[2026-10-02 11:42:38]     -> News via Finnhub ergaenzt
[2026-10-02 11:42:38]   FMP-Fehler (HTTP 402) bei grades: b"Premium Query Parameter: 'Special Endpoint : This value set for 'symbol' is not available under your current subscription please visit our subscriptio"
[2026-10-02 11:42:38]     -> Analysten-Konsens via Finnhub ergaenzt
[2026-10-02 11:42:39]   FMP-Fehler (HTTP 402) bei news/stock: b'Restricted Endpoint: This endpoint is not available under your current subscription please visit our subscription page to upgrade your plan at https:/'
[2026-10-02 11:42:39]   Finnhub (News)-Fehler (HTTP 403) bei company-news: b'{"error":"You don\'t have access to this resource."}'
[2026-10-02 11:42:39]   FMP-Fehler (HTTP 402) bei grades: b"Premium Query Parameter: 'Special Endpoint : This value set for 'symbol' is not available under your current subscription please visit our subscriptio"
[2026-10-02 11:42:39]   Finnhub (Empfehlungen)-Fehler (HTTP 403) bei stock/recommendation: b'{"error":"You don\'t have access to this resource."}'
[2026-10-02 11:42:39]   FMP-Fehler (HTTP 402) bei news/stock: b'Restricted Endpoint: This endpoint is not available under your current subscription please visit our subscription page to upgrade your plan at https:/'
[2026-10-02 11:42:40]     -> News via Finnhub ergaenzt
[2026-10-02 11:42:40]   FMP-Fehler (HTTP 402) bei grades: b"Premium Query Parameter: 'Special Endpoint : This value set for 'symbol' is not available under your current subscription please visit our subscriptio"
[2026-10-02 11:42:40]     -> Analysten-Konsens via Finnhub ergaenzt
[2026-10-02 11:42:40]   FMP-Fehler (HTTP 402) bei news/stock: b'Restricted Endpoint: This endpoint is not available under your current subscription please visit our subscription page to upgrade your plan at https:/'
[2026-10-02 11:42:40]   Finnhub (News)-Fehler (HTTP 403) bei company-news: b'{"error":"You don\'t have access to this resource."}'
[2026-10-02 11:42:40]   FMP-Fehler (HTTP 402) bei grades: b"Premium Query Parameter: 'Special Endpoint : This value set for 'symbol' is not available under your current subscription please visit our subscriptio"
[2026-10-02 11:42:41]   Finnhub (Empfehlungen)-Fehler (HTTP 403) bei stock/recommendation: b'{"error":"You don\'t have access to this resource."}'
[2026-10-02 11:42:41]   FMP-Fehler (HTTP 402) bei news/stock: b'Restricted Endpoint: This endpoint is not available under your current subscription please visit our subscription page to upgrade your plan at https:/'
[2026-10-02 11:42:41]   Finnhub (News)-Fehler (HTTP 403) bei company-news: b'{"error":"You don\'t have access to this resource."}'
[2026-10-02 11:42:41]   FMP-Fehler (HTTP 402) bei grades: b"Premium Query Parameter: 'Special Endpoint : This value set for 'symbol' is not available under your current subscription please visit our subscriptio"
[2026-10-02 11:42:41]   Finnhub (Empfehlungen)-Fehler (HTTP 403) bei stock/recommendation: b'{"error":"You don\'t have access to this resource."}'
[2026-10-02 11:42:42]   FMP-Fehler (HTTP 402) bei news/stock: b'Restricted Endpoint: This endpoint is not available under your current subscription please visit our subscription page to upgrade your plan at https:/'
[2026-10-02 11:42:42]   Finnhub (News)-Fehler (HTTP 403) bei company-news: b'{"error":"You don\'t have access to this resource."}'
[2026-10-02 11:42:42]   FMP-Fehler (HTTP 402) bei grades: b"Premium Query Parameter: 'Special Endpoint : This value set for 'symbol' is not available under your current subscription please visit our subscriptio"
[2026-10-02 11:42:42]   Finnhub (Empfehlungen)-Fehler (HTTP 403) bei stock/recommendation: b'{"error":"You don\'t have access to this resource."}'
[2026-10-02 11:42:42]   FMP-Fehler (HTTP 402) bei news/stock: b'Restricted Endpoint: This endpoint is not available under your current subscription please visit our subscription page to upgrade your plan at https:/'
[2026-10-02 11:42:43]   Finnhub (News)-Fehler (HTTP 403) bei company-news: b'{"error":"You don\'t have access to this resource."}'
[2026-10-02 11:42:43]   FMP-Fehler (HTTP 402) bei grades: b"Premium Query Parameter: 'Special Endpoint : This value set for 'symbol' is not available under your current subscription please visit our subscriptio"
[2026-10-02 11:42:43]   Finnhub (Empfehlungen)-Fehler (HTTP 403) bei stock/recommendation: b'{"error":"You don\'t have access to this resource."}'
[2026-10-02 11:42:43]   FMP-Fehler (HTTP 402) bei news/stock: b'Restricted Endpoint: This endpoint is not available under your current subscription please visit our subscription page to upgrade your plan at https:/'
[2026-10-02 11:42:43]   Finnhub (News)-Fehler (HTTP 403) bei company-news: b'{"error":"You don\'t have access to this resource."}'
[2026-10-02 11:42:43]   FMP-Fehler (HTTP 402) bei grades: b"Premium Query Parameter: 'Special Endpoint : This value set for 'symbol' is not available under your current subscription please visit our subscriptio"
[2026-10-02 11:42:43]   Finnhub (Empfehlungen)-Fehler (HTTP 403) bei stock/recommendation: b'{"error":"You don\'t have access to this resource."}'
[2026-10-02 11:42:44]   FMP-Fehler (HTTP 402) bei news/stock: b'Restricted Endpoint: This endpoint is not available under your current subscription please visit our subscription page to upgrade your plan at https:/'
[2026-10-02 11:42:44]     -> News via Finnhub ergaenzt
[2026-10-02 11:42:44]   FMP-Fehler (HTTP 402) bei grades: b"Premium Query Parameter: 'Special Endpoint : This value set for 'symbol' is not available under your current subscription please visit our subscriptio"
[2026-10-02 11:42:44]     -> Analysten-Konsens via Finnhub ergaenzt
[2026-10-02 11:42:44]   FMP-Fehler (HTTP 402) bei news/stock: b'Restricted Endpoint: This endpoint is not available under your current subscription please visit our subscription page to upgrade your plan at https:/'
[2026-10-02 11:42:45]   Finnhub (News)-Fehler (HTTP 403) bei company-news: b'{"error":"You don\'t have access to this resource."}'
[2026-10-02 11:42:45]   FMP-Fehler (HTTP 402) bei grades: b"Premium Query Parameter: 'Special Endpoint : This value set for 'symbol' is not available under your current subscription please visit our subscriptio"
[2026-10-02 11:42:45]   Finnhub (Empfehlungen)-Fehler (HTTP 403) bei stock/recommendation: b'{"error":"You don\'t have access to this resource."}'
[2026-10-02 11:42:45]   FMP-Fehler (HTTP 402) bei news/stock: b'Restricted Endpoint: This endpoint is not available under your current subscription please visit our subscription page to upgrade your plan at https:/'
[2026-10-02 11:42:45]   Finnhub (News)-Fehler (HTTP 403) bei company-news: b'{"error":"You don\'t have access to this resource."}'
[2026-10-02 11:42:45]   FMP-Fehler (HTTP 402) bei grades: b"Premium Query Parameter: 'Special Endpoint : This value set for 'symbol' is not available under your current subscription please visit our subscriptio"
[2026-10-02 11:42:46]   Finnhub (Empfehlungen)-Fehler (HTTP 403) bei stock/recommendation: b'{"error":"You don\'t have access to this resource."}'
[2026-10-02 11:42:46]   FMP-Fehler (HTTP 402) bei news/stock: b'Restricted Endpoint: This endpoint is not available under your current subscription please visit our subscription page to upgrade your plan at https:/'
[2026-10-02 11:42:46]   Finnhub (News)-Fehler (HTTP 403) bei company-news: b'{"error":"You don\'t have access to this resource."}'
[2026-10-02 11:42:46]   FMP-Fehler (HTTP 402) bei grades: b"Premium Query Parameter: 'Special Endpoint : This value set for 'symbol' is not available under your current subscription please visit our subscriptio"
[2026-10-02 11:42:46]   Finnhub (Empfehlungen)-Fehler (HTTP 403) bei stock/recommendation: b'{"error":"You don\'t have access to this resource."}'
[2026-10-02 11:42:47]   FMP-Fehler (HTTP 402) bei news/stock: b'Restricted Endpoint: This endpoint is not available under your current subscription please visit our subscription page to upgrade your plan at https:/'
[2026-10-02 11:42:47]   Finnhub (News)-Fehler (HTTP 403) bei company-news: b'{"error":"You don\'t have access to this resource."}'
[2026-10-02 11:42:47]   FMP-Fehler (HTTP 402) bei grades: b"Premium Query Parameter: 'Special Endpoint : This value set for 'symbol' is not available under your current subscription please visit our subscriptio"
[2026-10-02 11:42:47]   Finnhub (Empfehlungen)-Fehler (HTTP 403) bei stock/recommendation: b'{"error":"You don\'t have access to this resource."}'
[2026-10-02 11:42:47] Alle Titel ohne Fehler verarbeitet.
[2026-10-02 11:42:47] Fertig. Bericht aktualisiert: /home/runner/work/dividendenatlas/dividendenatlas/dividendenatlas.html
[2026-10-03 10:52:55] my_depot.json existierte nicht - Beispiel-Datei angelegt unter /home/runner/work/dividendenatlas/dividendenatlas/my_depot.json
[2026-10-03 10:52:55] Hole Kurse fuer 221 Ticker (0 im Depot, 221 in stammdaten.json) ...
[2026-10-03 10:52:55]   Live-Wechselkurse geholt: {'EUR': 1.0, 'USD': 0.890869, 'GBP': 1.176014, 'CHF': 1.077702, 'JPY': 0.00565, 'HKD': 0.113528, 'SGD': 0.696088, 'KRW': 0.000661, 'BRL': 0.170619}
[2026-10-03 10:52:55] Kennzahlen auffrischen: 36 Titel ueber stockanalysis (Ausschuettungsquote + Verschuldung, ein Abruf je Titel).
[2026-10-03 10:52:55] Davon 32 ETFs - fuer 1 werden Kostenquote, Fondsgroesse, Sektor- und Laendergewichte geholt.
[2026-10-03 10:52:55] Analysteneinstufungen auffrischen: 16 Titel (Konsens, Kursziel und die 12-Monats-Historie).
[2026-10-03 10:52:55]   Hole Kurs fuer BAS.DE ...
[2026-10-03 10:52:55]     -> Hinweis: hinterlegte Dividende 3.4 weicht -34% von den tatsaechlich gezahlten 2.25 ab - Automatik hat Vorrang.
[2026-10-03 10:52:55]     -> 1 Ausschuettung(en) in 12 Monaten (jaehrlich), Summe 2.25 EUR
[2026-10-03 10:52:56]     -> Ausschuettungsquote 60.2% via Leeway
[2026-10-03 10:52:56]     -> isin, market_cap, payout_ratio_pct via Leeway.tech ergaenzt
[2026-10-03 10:52:56]   Hole Kurs fuer OHI ...
[2026-10-03 10:52:56]     -> 4 Ausschuettung(en) in 12 Monaten (quartalsweise), Summe 2.69 USD
[2026-10-03 10:52:56]     -> Hinweis: hinterlegte Verschuldung 1.3 weicht vom berechneten Wert 0.71 ab - Automatik hat Vorrang.
[2026-10-03 10:52:57]   Hole Kurs fuer ECL ...
[2026-10-03 10:52:57]     -> Hinweis: hinterlegte Dividende 2.3 weicht +27% von den tatsaechlich gezahlten 2.92 ab - Automatik hat Vorrang.
[2026-10-03 10:52:57]     -> 4 Ausschuettung(en) in 12 Monaten (quartalsweise), Summe 2.92 USD
[2026-10-03 10:52:57]   Hole Kurs fuer BDX ...
[2026-10-03 10:52:57]     -> 4 Ausschuettung(en) in 12 Monaten (quartalsweise), Summe 3.975472 USD
[2026-10-03 10:52:57]   Hole Kurs fuer QYLE.DE ...
[2026-10-03 10:52:57]     -> 11 Ausschuettung(en) in 12 Monaten (monatlich), Summe 1.562642 EUR [unvollstaendig]
[2026-10-03 10:52:58]   Leeway: keine Ausschuettungsquote fuer QYLE.XETRA (vorhandene Abschnitte: ETF_Data, General, Technicals)
[2026-10-03 10:52:58]   Hole Kurs fuer ZURN.SW ...
[2026-10-03 10:52:58]     -> 1 Ausschuettung(en) in 12 Monaten (jaehrlich), Summe 30.0 CHF
[2026-10-03 10:52:59]   Leeway.tech-Fehler (HTTP 404) bei fundamentals/ZURN.XSWX: b'{"msg":"Fundamentals for code and exchange not found"}'
[2026-10-03 10:52:59]   Leeway lieferte keine verwertbare Antwort fuer ZURN.XSWX
[2026-10-03 10:52:59]   Hole Kurs fuer DOC ...
[2026-10-03 10:52:59]     -> Hinweis: hinterlegte Dividende 0.92 weicht +33% von den tatsaechlich gezahlten 1.224 ab - Automatik hat Vorrang.
[2026-10-03 10:52:59]     -> 12 Ausschuettung(en) in 12 Monaten (quartalsweise), Summe 1.224 USD
[2026-10-03 10:52:59]   Hole Kurs fuer PWO.DE ...
[2026-10-03 10:52:59]     -> 1 Ausschuettung(en) in 12 Monaten (jaehrlich), Summe 1.65 EUR
[2026-10-03 10:53:00]     -> keine Analystenabdeckung fuer PWO.DE (Prognoseseite existiert nicht)
[2026-10-03 10:53:01]     -> Ausschuettungsquote 1.9% via Leeway
[2026-10-03 10:53:01]     -> isin, market_cap, payout_ratio_pct via Leeway.tech ergaenzt
[2026-10-03 10:53:01]   Hole Kurs fuer SIX2.DE ...
[2026-10-03 10:53:01]     -> 1 Ausschuettung(en) in 12 Monaten (jaehrlich), Summe 3.2 EUR
[2026-10-03 10:53:01]     -> Hinweis: hinterlegte Verschuldung 0.8 weicht vom berechneten Wert 2.12 ab - Automatik hat Vorrang.
[2026-10-03 10:53:01]   Hole Kurs fuer MNG.L ...
[2026-10-03 10:53:02]     -> 2 Ausschuettung(en) in 12 Monaten (halbjaehrlich), Summe 20.599999 GBp
[2026-10-03 10:53:02]   Leeway.tech-Fehler (HTTP 404) bei fundamentals/MNG.XLON: b'{"msg":"Fundamentals for code and exchange not found"}'
[2026-10-03 10:53:02]   Leeway lieferte keine verwertbare Antwort fuer MNG.XLON
[2026-10-03 10:53:02]   Hole Kurs fuer 5938.T ...
[2026-10-03 10:53:02]     -> 2 Ausschuettung(en) in 12 Monaten (halbjaehrlich), Summe 90.0 JPY
[2026-10-03 10:53:03]   Leeway.tech-Fehler (HTTP 404) bei fundamentals/5938.XTKS: b'{"msg":"Fundamentals for code and exchange not found"}'
[2026-10-03 10:53:03]   Leeway lieferte keine verwertbare Antwort fuer 5938.XTKS
[2026-10-03 10:53:03]     -> Hinweis: geschaetzte Quote 35% weicht +432 Prozentpunkte vom echten Wert 466.55% ab - Automatik hat Vorrang.
[2026-10-03 10:53:03]   Hole Kurs fuer SMLD.DE ...
[2026-10-03 10:53:03]     -> 4 Ausschuettung(en) in 12 Monaten (quartalsweise), Summe 3.852161 EUR
[2026-10-03 10:53:04]   Leeway: keine Ausschuettungsquote fuer SMLD.XETRA (vorhandene Abschnitte: ETF_Data, General, Technicals)
[2026-10-03 10:53:04]   Hole Kurs fuer ULVR.L ...
[2026-10-03 10:53:04]     -> Hinweis: hinterlegte Dividende 1.72 weicht +9492% von den tatsaechlich gezahlten 164.990002 ab - Automatik hat Vorrang.
[2026-10-03 10:53:04]     -> 4 Ausschuettung(en) in 12 Monaten (quartalsweise), Summe 164.990002 GBp
[2026-10-03 10:53:05]   Leeway.tech-Fehler (HTTP 404) bei fundamentals/ULVR.XLON: b'{"msg":"Fundamentals for code and exchange not found"}'
[2026-10-03 10:53:05]   Leeway lieferte keine verwertbare Antwort fuer ULVR.XLON
[2026-10-03 10:53:05]   Hole Kurs fuer 8985.T ...
[2026-10-03 10:53:05]     -> 1 Ausschuettung(en) in 12 Monaten (jaehrlich), Summe 5061.0 JPY
[2026-10-03 10:53:05]   Leeway.tech-Fehler (HTTP 404) bei fundamentals/8985.XTKS: b'{"msg":"Fundamentals for code and exchange not found"}'
[2026-10-03 10:53:05]   Leeway lieferte keine verwertbare Antwort fuer 8985.XTKS
[2026-10-03 10:53:05]     -> Hinweis: hinterlegte Verschuldung 1.3 weicht vom berechneten Wert 0.98 ab - Automatik hat Vorrang.
[2026-10-03 10:53:06]   Hole Kurs fuer INCU.DE ...
[2026-10-03 10:53:06]     -> 4 Ausschuettung(en) in 12 Monaten (quartalsweise), Summe 0.355591 EUR
[2026-10-03 10:53:06]   Leeway: keine Ausschuettungsquote fuer INCU.XETRA (vorhandene Abschnitte: ETF_Data, General, Technicals)
[2026-10-03 10:53:06]   Hole Kurs fuer PFE ...
[2026-10-03 10:53:06]     -> 4 Ausschuettung(en) in 12 Monaten (quartalsweise), Summe 1.72 USD
[2026-10-03 10:53:06]     -> Hinweis: geschaetzte Quote 131% weicht +95 Prozentpunkte vom echten Wert 226.35% ab - Automatik hat Vorrang.
[2026-10-03 10:53:07]   Hole Kurs fuer 5401.T ...
[2026-10-03 10:53:07]     -> 2 Ausschuettung(en) in 12 Monaten (halbjaehrlich), Summe 24.0 JPY
[2026-10-03 10:53:07]   Leeway.tech-Fehler (HTTP 429) bei fundamentals/5401.XTKS: b'Your limit of 50 requests per day has been reached.'
[2026-10-03 10:53:07]   Leeway lieferte keine verwertbare Antwort fuer 5401.XTKS
[2026-10-03 10:53:07]   Hole Kurs fuer BBSE3.SA ...
[2026-10-03 10:53:07]     -> 2 Ausschuettung(en) in 12 Monaten (halbjaehrlich), Summe 4.590092 BRL
[2026-10-03 10:53:07]     -> Hinweis: geschaetzte Quote 70% weicht +26 Prozentpunkte vom echten Wert 96.09% ab - Automatik hat Vorrang.
[2026-10-03 10:53:08]   Hole Kurs fuer MO ...
[2026-10-03 10:53:08]     -> 4 Ausschuettung(en) in 12 Monaten (quartalsweise), Summe 4.29 USD
[2026-10-03 10:53:08]     -> Hinweis: geschaetzte Quote 78% weicht +16 Prozentpunkte vom echten Wert 93.55% ab - Automatik hat Vorrang.
[2026-10-03 10:53:08]   Hole Kurs fuer BIP ...
[2026-10-03 10:53:08]     -> Hinweis: hinterlegte Dividende 1.84 weicht -26% von den tatsaechlich gezahlten 1.365 ab - Automatik hat Vorrang.
[2026-10-03 10:53:08]     -> 3 Ausschuettung(en) in 12 Monaten (quartalsweise), Summe 1.365 USD [unvollstaendig]
[2026-10-03 10:53:08]     -> Hinweis: hinterlegte Verschuldung 1.2 weicht vom berechneten Wert 2.05 ab - Automatik hat Vorrang.
[2026-10-03 10:53:08]     -> Hinweis: geschaetzte Quote 190% weicht +102 Prozentpunkte vom echten Wert 291.87% ab - Automatik hat Vorrang.
[2026-10-03 10:53:08]   Hole Kurs fuer VZ ...
[2026-10-03 10:53:09]     -> 4 Ausschuettung(en) in 12 Monaten (quartalsweise), Summe 2.796 USD
[2026-10-03 10:53:09]   Hole Kurs fuer OKE ...
[2026-10-03 10:53:09]     -> 4 Ausschuettung(en) in 12 Monaten (quartalsweise), Summe 4.24 USD
[2026-10-03 10:53:09]   Hole Kurs fuer DOV ...
[2026-10-03 10:53:09]     -> 4 Ausschuettung(en) in 12 Monaten (quartalsweise), Summe 2.085 USD
[2026-10-03 10:53:09]   Hole Kurs fuer 0010.HK ...
[2026-10-03 10:53:10]     -> 2 Ausschuettung(en) in 12 Monaten (halbjaehrlich), Summe 0.86 HKD
[2026-10-03 10:53:10]     -> keine Analystenabdeckung fuer 0010.HK (Prognoseseite existiert nicht)
[2026-10-03 10:53:10]   Leeway.tech-Fehler (HTTP 429) bei fundamentals/0010.XHKG: b'Your limit of 50 requests per day has been reached.'
[2026-10-03 10:53:10]   Leeway lieferte keine verwertbare Antwort fuer 0010.XHKG
[2026-10-03 10:53:10]     -> Hinweis: hinterlegte Verschuldung 1.3 weicht vom berechneten Wert 0.35 ab - Automatik hat Vorrang.
[2026-10-03 10:53:10]     -> Hinweis: geschaetzte Quote 65% weicht +18 Prozentpunkte vom echten Wert 82.52% ab - Automatik hat Vorrang.
[2026-10-03 10:53:11]   Hole Kurs fuer DTG.DE ...
[2026-10-03 10:53:11]     -> 1 Ausschuettung(en) in 12 Monaten (jaehrlich), Summe 1.9 EUR
[2026-10-03 10:53:11]     -> Hinweis: hinterlegte Verschuldung 0.8 weicht vom berechneten Wert 1.27 ab - Automatik hat Vorrang.
[2026-10-03 10:53:11]     -> Hinweis: geschaetzte Quote 100% weicht -43 Prozentpunkte vom echten Wert 56.87% ab - Automatik hat Vorrang.
[2026-10-03 10:53:11]   Hole Kurs fuer SJM ...
[2026-10-03 10:53:11]     -> 4 Ausschuettung(en) in 12 Monaten (quartalsweise), Summe 4.42 USD
[2026-10-03 10:53:11]   Hole Kurs fuer UCG.MI ...
[2026-10-03 10:53:12]     -> 2 Ausschuettung(en) in 12 Monaten (jaehrlich), Summe 3.149 EUR
[2026-10-03 10:53:12]   Leeway.tech-Fehler (HTTP 429) bei fundamentals/UCG.XMIL: b'Your limit of 50 requests per day has been reached.'
[2026-10-03 10:53:12]   Leeway lieferte keine verwertbare Antwort fuer UCG.XMIL
[2026-10-03 10:53:12]   Hole Kurs fuer WSU.DE ...
[2026-10-03 10:53:12]     -> 1 Ausschuettung(en) in 12 Monaten (jaehrlich), Summe 2.5 EUR
[2026-10-03 10:53:13]   Leeway.tech-Fehler (HTTP 429) bei fundamentals/WSU.XETRA: b'Your limit of 50 requests per day has been reached.'
[2026-10-03 10:53:13]   Leeway lieferte keine verwertbare Antwort fuer WSU.XETRA
[2026-10-03 10:53:13]     -> Hinweis: hinterlegte Verschuldung 0.8 weicht vom berechneten Wert 1.59 ab - Automatik hat Vorrang.
[2026-10-03 10:53:13]   Hole Kurs fuer GLEN.L ...
[2026-10-03 10:53:13]     -> 2 Ausschuettung(en) in 12 Monaten (halbjaehrlich), Summe 12.5647 GBp
[2026-10-03 10:53:13]   Leeway.tech-Fehler (HTTP 429) bei fundamentals/GLEN.XLON: b'Your limit of 50 requests per day has been reached.'
[2026-10-03 10:53:13]   Leeway lieferte keine verwertbare Antwort fuer GLEN.XLON
[2026-10-03 10:53:13]   Hole Kurs fuer 7240.T ...
[2026-10-03 10:53:14]     -> 2 Ausschuettung(en) in 12 Monaten (halbjaehrlich), Summe 135.0 JPY
[2026-10-03 10:53:14]   Leeway.tech-Fehler (HTTP 429) bei fundamentals/7240.XTKS: b'Your limit of 50 requests per day has been reached.'
[2026-10-03 10:53:14]   Leeway lieferte keine verwertbare Antwort fuer 7240.XTKS
[2026-10-03 10:53:14]   Hole Kurs fuer FRT ...
[2026-10-03 10:53:14]     -> 4 Ausschuettung(en) in 12 Monaten (quartalsweise), Summe 4.55 USD
[2026-10-03 10:53:15]   Hole Kurs fuer MAIN ...
[2026-10-03 10:53:15]     -> 16 Ausschuettung(en) in 12 Monaten (monatlich), Summe 4.32 USD
[2026-10-03 10:53:15]   Hole Kurs fuer PBA ...
[2026-10-03 10:53:15]     -> 3 Ausschuettung(en) in 12 Monaten (quartalsweise), Summe 1.572 USD [unvollstaendig]
[2026-10-03 10:53:15]     -> keine Analystenabdeckung fuer PBA (Prognoseseite existiert nicht)
[2026-10-03 10:53:16]     -> Hinweis: hinterlegte Verschuldung 1.2 weicht vom berechneten Wert 0.81 ab - Automatik hat Vorrang.
[2026-10-03 10:53:16]   Hole Kurs fuer WINC.DE ...
[2026-10-03 10:53:16]     -> 5 Ausschuettung(en) in 12 Monaten (quartalsweise), Summe 0.568645 EUR
[2026-10-03 10:53:16]   Leeway.tech-Fehler (HTTP 429) bei fundamentals/WINC.XETRA: b'Your limit of 50 requests per day has been reached.'
[2026-10-03 10:53:16]   Leeway lieferte keine verwertbare Antwort fuer WINC.XETRA
[2026-10-03 10:53:16]   Hole Kurs fuer TGT ...
[2026-10-03 10:53:17]     -> 4 Ausschuettung(en) in 12 Monaten (quartalsweise), Summe 4.58 USD
[2026-10-03 10:53:17]   Hole Kurs fuer AGNC ...
[2026-10-03 10:53:17]     -> 12 Ausschuettung(en) in 12 Monaten (monatlich), Summe 1.44 USD
[2026-10-03 10:53:17]   Hole Kurs fuer CON.DE ...
[2026-10-03 10:53:17]     -> 1 Ausschuettung(en) in 12 Monaten (jaehrlich), Summe 2.7 EUR
[2026-10-03 10:53:17]   Leeway.tech-Fehler (HTTP 429) bei fundamentals/CON.XETRA: b'Your limit of 50 requests per day has been reached.'
[2026-10-03 10:53:17]   Leeway lieferte keine verwertbare Antwort fuer CON.XETRA
[2026-10-03 10:53:17]     -> Hinweis: hinterlegte Verschuldung 0.8 weicht vom berechneten Wert 1.57 ab - Automatik hat Vorrang.
[2026-10-03 10:53:18]   Hole Kurs fuer HOT.DE ...
[2026-10-03 10:53:18]     -> 1 Ausschuettung(en) in 12 Monaten (jaehrlich), Summe 6.6 EUR
[2026-10-03 10:53:18]   Leeway.tech-Fehler (HTTP 429) bei fundamentals/HOT.XETRA: b'Your limit of 50 requests per day has been reached.'
[2026-10-03 10:53:18]   Leeway lieferte keine verwertbare Antwort fuer HOT.XETRA
[2026-10-03 10:53:18]     -> Hinweis: hinterlegte Verschuldung 0.8 weicht vom berechneten Wert 7.16 ab - Automatik hat Vorrang.
[2026-10-03 10:53:18]   Hole Kurs fuer T ...
[2026-10-03 10:53:19]     -> 4 Ausschuettung(en) in 12 Monaten (quartalsweise), Summe 1.112 USD
[2026-10-03 10:53:19]   Hole Kurs fuer NG.L ...
[2026-10-03 10:53:19]     -> Hinweis: hinterlegte Dividende 0.52 weicht +9225% von den tatsaechlich gezahlten 48.49 ab - Automatik hat Vorrang.
[2026-10-03 10:53:19]     -> 2 Ausschuettung(en) in 12 Monaten (halbjaehrlich), Summe 48.49 GBp
[2026-10-03 10:53:19]   Leeway.tech-Fehler (HTTP 429) bei fundamentals/NG.XLON: b'Your limit of 50 requests per day has been reached.'
[2026-10-03 10:53:19]   Leeway lieferte keine verwertbare Antwort fuer NG.XLON
[2026-10-03 10:53:19]   Hole Kurs fuer ALV.DE ...
[2026-10-03 10:53:20]     -> 1 Ausschuettung(en) in 12 Monaten (jaehrlich), Summe 17.1 EUR
[2026-10-03 10:53:20]   Hole Kurs fuer SAX.DE ...
[2026-10-03 10:53:20]     -> 1 Ausschuettung(en) in 12 Monaten (jaehrlich), Summe 1.85 EUR
[2026-10-03 10:53:20]     -> Quote 94.03% / Verschuldung 4.71 via stockanalysis
[2026-10-03 10:53:20]     -> Hinweis: hinterlegte Verschuldung 0.8 weicht vom berechneten Wert 4.71 ab - Automatik hat Vorrang.
[2026-10-03 10:53:21]   Hole Kurs fuer AV.L ...
[2026-10-03 10:53:21]     -> 2 Ausschuettung(en) in 12 Monaten (halbjaehrlich), Summe 40.199999 GBp
[2026-10-03 10:53:21]     -> Hinweis: geschaetzte Quote 60% weicht +141 Prozentpunkte vom echten Wert 201.11% ab - Automatik hat Vorrang.
[2026-10-03 10:53:21]   Hole Kurs fuer SHW ...
[2026-10-03 10:53:21]     -> 4 Ausschuettung(en) in 12 Monaten (quartalsweise), Summe 3.19 USD
[2026-10-03 10:53:21]   Hole Kurs fuer SRG.MI ...
[2026-10-03 10:53:21]     -> 2 Ausschuettung(en) in 12 Monaten (halbjaehrlich), Summe 0.3021 EUR
[2026-10-03 10:53:21]     -> Hinweis: hinterlegte Verschuldung 1.2 weicht vom berechneten Wert 2.34 ab - Automatik hat Vorrang.
[2026-10-03 10:53:22]   Hole Kurs fuer TRP ...
[2026-10-03 10:53:22]     -> 3 Ausschuettung(en) in 12 Monaten (quartalsweise), Summe 1.867 USD [unvollstaendig]
[2026-10-03 10:53:22]     -> Hinweis: hinterlegte Verschuldung 1.2 weicht vom berechneten Wert 1.7 ab - Automatik hat Vorrang.
[2026-10-03 10:53:22]   Hole Kurs fuer XOM ...
[2026-10-03 10:53:22]     -> 4 Ausschuettung(en) in 12 Monaten (quartalsweise), Summe 4.12 USD
[2026-10-03 10:53:22]   Hole Kurs fuer WCH.DE ...
[2026-10-03 10:53:23]     -> 0 Ausschuettung(en) in 12 Monaten (jaehrlich), Summe None EUR [unvollstaendig]
[2026-10-03 10:53:23]     -> WARNUNG: weder Boersen-Ausschuettungen noch dividend_per_share verfuegbar - Rendite 2.6% ist ein EINGEFRORENER Startwert (Stand 2026-08), NICHT tagesaktuell.
[2026-10-03 10:53:23]   Hole Kurs fuer JGPI.DE ...
[2026-10-03 10:53:23]     -> 13 Ausschuettung(en) in 12 Monaten (monatlich), Summe 1.983044 EUR
[2026-10-03 10:53:23]   Hole Kurs fuer DGE.L ...
[2026-10-03 10:53:23]     -> Hinweis: hinterlegte Dividende 0.825 weicht +7538% von den tatsaechlich gezahlten 63.0152 ab - Automatik hat Vorrang.
[2026-10-03 10:53:23]     -> 2 Ausschuettung(en) in 12 Monaten (halbjaehrlich), Summe 63.0152 GBp
[2026-10-03 10:53:23]   Hole Kurs fuer 11ZN.MU ...
[2026-10-03 10:53:23]     -> 11 Ausschuettung(en) in 12 Monaten (monatlich), Summe 1.387772 EUR [unvollstaendig]
[2026-10-03 10:53:23]     -> keine stockanalysis-Adresse fuer ETF 11ZN.MU
[2026-10-03 10:53:24]   Hole Kurs fuer EC ...
[2026-10-03 10:53:24]     -> 1 Ausschuettung(en) in 12 Monaten (halbjaehrlich), Summe 0.661 USD [unvollstaendig]
[2026-10-03 10:53:24]   Hole Kurs fuer EVSD.DE ...
[2026-10-03 10:53:24]     -> 12 Ausschuettung(en) in 12 Monaten (monatlich), Summe 1.377 EUR
[2026-10-03 10:53:24]   Hole Kurs fuer LEI.DE ...
[2026-10-03 10:53:24]     -> 1 Ausschuettung(en) in 12 Monaten (jaehrlich), Summe 1.2 EUR
[2026-10-03 10:53:25]   Hole Kurs fuer B7E.DE ...
[2026-10-03 10:53:25]     -> 1 Ausschuettung(en) in 12 Monaten (jaehrlich), Summe 1.6 EUR
[2026-10-03 10:53:25]     -> Hinweis: hinterlegte Verschuldung 0.8 weicht vom berechneten Wert 0.43 ab - Automatik hat Vorrang.
[2026-10-03 10:53:25]   Hole Kurs fuer ARCC ...
[2026-10-03 10:53:25]     -> 4 Ausschuettung(en) in 12 Monaten (quartalsweise), Summe 1.92 USD
[2026-10-03 10:53:25]   Hole Kurs fuer 004990.KS ...
[2026-10-03 10:53:25]     -> 1 Ausschuettung(en) in 12 Monaten (jaehrlich), Summe 1250.0 KRW
[2026-10-03 10:53:26]   Hole Kurs fuer M12.DE ...
[2026-10-03 10:53:26]     -> 1 Ausschuettung(en) in 12 Monaten (jaehrlich), Summe 1.2 EUR
[2026-10-03 10:53:26]     -> keine Analystenabdeckung fuer M12.DE (Prognoseseite existiert nicht)
[2026-10-03 10:53:26]     -> Hinweis: hinterlegte Verschuldung 0.8 weicht vom berechneten Wert 0.04 ab - Automatik hat Vorrang.
[2026-10-03 10:53:26]   Hole Kurs fuer NLY ...
[2026-10-03 10:53:27]     -> 4 Ausschuettung(en) in 12 Monaten (quartalsweise), Summe 2.9 USD
[2026-10-03 10:53:27]     -> Hinweis: hinterlegte Verschuldung 1.3 weicht vom berechneten Wert 7.38 ab - Automatik hat Vorrang.
[2026-10-03 10:53:27]   Hole Kurs fuer XY7D.DE ...
[2026-10-03 10:53:27]     -> 13 Ausschuettung(en) in 12 Monaten (monatlich), Summe 1.528404 EUR
[2026-10-03 10:53:27]   Hole Kurs fuer EN.PA ...
[2026-10-03 10:53:27]     -> 1 Ausschuettung(en) in 12 Monaten (jaehrlich), Summe 2.1 EUR
[2026-10-03 10:53:27]     -> Hinweis: geschaetzte Quote 45% weicht +20 Prozentpunkte vom echten Wert 64.7% ab - Automatik hat Vorrang.
[2026-10-03 10:53:27]   Hole Kurs fuer HSBA.L ...
[2026-10-03 10:53:28]     -> 4 Ausschuettung(en) in 12 Monaten (quartalsweise), Summe 55.6718 GBp
[2026-10-03 10:53:28]   Hole Kurs fuer CHD ...
[2026-10-03 10:53:28]     -> 4 Ausschuettung(en) in 12 Monaten (quartalsweise), Summe 1.219 USD
[2026-10-03 10:53:28]   Hole Kurs fuer ET ...
[2026-10-03 10:53:28]     -> 4 Ausschuettung(en) in 12 Monaten (quartalsweise), Summe 1.346 USD
[2026-10-03 10:53:28]     -> Hinweis: geschaetzte Quote 60% weicht +32 Prozentpunkte vom echten Wert 92.11% ab - Automatik hat Vorrang.
[2026-10-03 10:53:29]   Hole Kurs fuer LYB ...
[2026-10-03 10:53:29]     -> 4 Ausschuettung(en) in 12 Monaten (quartalsweise), Summe 3.44 USD
[2026-10-03 10:53:29]     -> Hinweis: hinterlegte Verschuldung 0.8 weicht vom berechneten Wert 1.33 ab - Automatik hat Vorrang.
[2026-10-03 10:53:29]   Hole Kurs fuer 030000.KS ...
[2026-10-03 10:53:29]     -> 1 Ausschuettung(en) in 12 Monaten (jaehrlich), Summe 1230.0 KRW
[2026-10-03 10:53:29]     -> Hinweis: hinterlegte Verschuldung 0.8 weicht vom berechneten Wert 0.2 ab - Automatik hat Vorrang.
[2026-10-03 10:53:29]   Hole Kurs fuer BP.L ...
[2026-10-03 10:53:29]     -> Hinweis: hinterlegte Dividende 0.32 weicht +7730% von den tatsaechlich gezahlten 25.055699 ab - Automatik hat Vorrang.
[2026-10-03 10:53:29]     -> 4 Ausschuettung(en) in 12 Monaten (quartalsweise), Summe 25.055699 GBp
[2026-10-03 10:53:30]   Hole Kurs fuer CS.PA ...
[2026-10-03 10:53:30]     -> 1 Ausschuettung(en) in 12 Monaten (jaehrlich), Summe 2.32 EUR
[2026-10-03 10:53:30]   Hole Kurs fuer AGS.BR ...
[2026-10-03 10:53:30]     -> 2 Ausschuettung(en) in 12 Monaten (halbjaehrlich), Summe 3.75 EUR
[2026-10-03 10:53:30]   Hole Kurs fuer JST.DE ...
[2026-10-03 10:53:30]     -> 1 Ausschuettung(en) in 12 Monaten (jaehrlich), Summe 1.5 EUR
[2026-10-03 10:53:30]     -> Hinweis: hinterlegte Verschuldung 0.8 weicht vom berechneten Wert 1.4 ab - Automatik hat Vorrang.
[2026-10-03 10:53:31]   Hole Kurs fuer UDHY.DE ...
[2026-10-03 10:53:31]     -> 2 Ausschuettung(en) in 12 Monaten (halbjaehrlich), Summe 0.142216 EUR
[2026-10-03 10:53:31]   Hole Kurs fuer KO ...
[2026-10-03 10:53:31]     -> 4 Ausschuettung(en) in 12 Monaten (quartalsweise), Summe 2.1 USD
[2026-10-03 10:53:31]   Hole Kurs fuer LGEN.L ...
[2026-10-03 10:53:31]     -> 2 Ausschuettung(en) in 12 Monaten (halbjaehrlich), Summe 21.91 GBp
[2026-10-03 10:53:31]     -> Hinweis: geschaetzte Quote 150% weicht -91 Prozentpunkte vom echten Wert 59.24% ab - Automatik hat Vorrang.
[2026-10-03 10:53:32]   Hole Kurs fuer O ...
[2026-10-03 10:53:32]     -> 12 Ausschuettung(en) in 12 Monaten (monatlich), Summe 3.248 USD
[2026-10-03 10:53:32]     -> Hinweis: hinterlegte Verschuldung 1.3 weicht vom berechneten Wert 0.75 ab - Automatik hat Vorrang.
[2026-10-03 10:53:32]     -> Hinweis: geschaetzte Quote 75% weicht +162 Prozentpunkte vom echten Wert 237.14% ab - Automatik hat Vorrang.
[2026-10-03 10:53:32]   Hole Kurs fuer LEG.DE ...
[2026-10-03 10:53:32]     -> 1 Ausschuettung(en) in 12 Monaten (jaehrlich), Summe 2.92 EUR
[2026-10-03 10:53:32]   Hole Kurs fuer IBE.MC ...
[2026-10-03 10:53:32]     -> 3 Ausschuettung(en) in 12 Monaten (quartalsweise), Summe 0.685 EUR [unvollstaendig]
[2026-10-03 10:53:33]   Hole Kurs fuer ME8U.SI ...
[2026-10-03 10:53:33]     -> Hinweis: hinterlegte Dividende 0.54 weicht -77% von den tatsaechlich gezahlten 0.1255 ab - Automatik hat Vorrang.
[2026-10-03 10:53:33]     -> 4 Ausschuettung(en) in 12 Monaten (quartalsweise), Summe 0.1255 SGD
[2026-10-03 10:53:33]   Hole Kurs fuer IBC2.DE ...
[2026-10-03 10:53:33]     -> 4 Ausschuettung(en) in 12 Monaten (halbjaehrlich), Summe 0.3018 EUR
[2026-10-03 10:53:33]   Hole Kurs fuer GUHY.DE ...
[2026-10-03 10:53:33]     -> 2 Ausschuettung(en) in 12 Monaten (halbjaehrlich), Summe 2.693664 EUR
[2026-10-03 10:53:34]   Hole Kurs fuer NTGY.MC ...
[2026-10-03 10:53:34]     -> Hinweis: hinterlegte Dividende 1.4 weicht +26% von den tatsaechlich gezahlten 1.77 ab - Automatik hat Vorrang.
[2026-10-03 10:53:34]     -> 3 Ausschuettung(en) in 12 Monaten (halbjaehrlich), Summe 1.77 EUR
[2026-10-03 10:53:34]   Hole Kurs fuer WCP.TO ...
[2026-10-03 10:53:34]     -> 12 Ausschuettung(en) in 12 Monaten (monatlich), Summe 0.732 CAD
[2026-10-03 10:53:34]     -> Hinweis: hinterlegte Verschuldung 1.2 weicht vom berechneten Wert 0.24 ab - Automatik hat Vorrang.
[2026-10-03 10:53:34]   Hole Kurs fuer NWX.DE ...
[2026-10-03 10:53:34]   Yahoo-Fehler bei NWX.DE: HTTP 404, Antwort-Anfang: b'{"chart":{"result":null,"error":{"code":"Not Found","description":"No data found, symbol may be delisted"}}}'
[2026-10-03 10:53:34]   Twelve Data (Kursverlauf)-Fehler (HTTP 404) bei time_series: b'{"code":404,"message":"**symbol** or **figi** parameter is missing or invalid. Please provide a valid symbol according to API documentation: https://t'
[2026-10-03 10:53:34]   Twelve Data (Kursverlauf) lieferte keine verwertbaren Daten fuer NWX:XETRA
[2026-10-03 10:53:35]   Stooq lieferte keine verwertbaren Kursdaten fuer nwx.de (HTTP 200), Antwort-Anfang: '<!DOCTYPE html><html><head><meta charset="utf-8"><meta name="robots" content="noindex,nofollow"></head><body><noscript>This site requires JavaScript t'
[2026-10-03 10:53:35]     -> kein Kurs erhalten (Yahoo/Twelve Data/Stooq scheiterten alle) - zeige NWX.DE trotzdem mit den Stammdaten, aber OHNE (veralteten) Kurs an.
[2026-10-03 10:53:35]     -> WARNUNG: weder Boersen-Ausschuettungen noch dividend_per_share verfuegbar - Rendite 6% ist ein EINGEFRORENER Startwert (Stand 2026-08), NICHT tagesaktuell.
[2026-10-03 10:53:35]     -> stockanalysis: HTTP 404 fuer NWX.DE (https://stockanalysis.com/quote/etr/NWX/statistics/)
[2026-10-03 10:53:36]     -> keine Analystenabdeckung fuer NWX.DE (Prognoseseite existiert nicht)
[2026-10-03 10:53:36]   Hole Kurs fuer VOW3.DE ...
[2026-10-03 10:53:36]     -> 1 Ausschuettung(en) in 12 Monaten (jaehrlich), Summe 5.26 EUR
[2026-10-03 10:53:36]     -> Hinweis: hinterlegte Verschuldung 0.8 weicht vom berechneten Wert 1.39 ab - Automatik hat Vorrang.
[2026-10-03 10:53:36]     -> Hinweis: geschaetzte Quote 31.37% weicht +26 Prozentpunkte vom echten Wert 57.0% ab - Automatik hat Vorrang.
[2026-10-03 10:53:36]   Hole Kurs fuer ATO ...
[2026-10-03 10:53:37]     -> 4 Ausschuettung(en) in 12 Monaten (quartalsweise), Summe 4.0 USD
[2026-10-03 10:53:37]   Hole Kurs fuer LIN ...
[2026-10-03 10:53:37]     -> 4 Ausschuettung(en) in 12 Monaten (quartalsweise), Summe 6.3 USD
[2026-10-03 10:53:37]   Hole Kurs fuer CAT ...
[2026-10-03 10:53:37]     -> 4 Ausschuettung(en) in 12 Monaten (quartalsweise), Summe 6.16 USD
[2026-10-03 10:53:38]   Hole Kurs fuer CCI ...
[2026-10-03 10:53:38]     -> 4 Ausschuettung(en) in 12 Monaten (quartalsweise), Summe 4.252 USD
[2026-10-03 10:53:38]   Hole Kurs fuer AFL ...
[2026-10-03 10:53:38]     -> 4 Ausschuettung(en) in 12 Monaten (quartalsweise), Summe 2.41 USD
[2026-10-03 10:53:38]   Hole Kurs fuer KEY ...
[2026-10-03 10:53:38]     -> 4 Ausschuettung(en) in 12 Monaten (quartalsweise), Summe 0.82 USD
[2026-10-03 10:53:39]   Hole Kurs fuer CVX ...
[2026-10-03 10:53:39]     -> 4 Ausschuettung(en) in 12 Monaten (quartalsweise), Summe 7.05 USD
[2026-10-03 10:53:39]   Hole Kurs fuer MKC ...
[2026-10-03 10:53:39]     -> 4 Ausschuettung(en) in 12 Monaten (quartalsweise), Summe 1.89 USD
[2026-10-03 10:53:39]   Hole Kurs fuer SHEL.L ...
[2026-10-03 10:53:39]     -> Hinweis: hinterlegte Dividende 0.86 weicht +13019% von den tatsaechlich gezahlten 112.819997 ab - Automatik hat Vorrang.
[2026-10-03 10:53:39]     -> 4 Ausschuettung(en) in 12 Monaten (quartalsweise), Summe 112.819997 GBp
[2026-10-03 10:53:40]   Hole Kurs fuer PFLT ...
[2026-10-03 10:53:40]     -> Hinweis: hinterlegte Dividende 0.96 weicht +20% von den tatsaechlich gezahlten 1.156 ab - Automatik hat Vorrang.
[2026-10-03 10:53:40]     -> 12 Ausschuettung(en) in 12 Monaten (monatlich), Summe 1.156 USD
[2026-10-03 10:53:40]   Hole Kurs fuer KIM ...
[2026-10-03 10:53:40]     -> 4 Ausschuettung(en) in 12 Monaten (quartalsweise), Summe 1.06 USD
[2026-10-03 10:53:40]     -> Hinweis: hinterlegte Verschuldung 1.3 weicht vom berechneten Wert 0.85 ab - Automatik hat Vorrang.
[2026-10-03 10:53:40]   Hole Kurs fuer STAG ...
[2026-10-03 10:53:40]     -> 6 Ausschuettung(en) in 12 Monaten (monatlich), Summe 1.536 USD [unvollstaendig]
[2026-10-03 10:53:41]   Hole Kurs fuer GPC ...
[2026-10-03 10:53:41]     -> 4 Ausschuettung(en) in 12 Monaten (quartalsweise), Summe 4.219 USD
[2026-10-03 10:53:41]   Hole Kurs fuer IS3K.DE ...
[2026-10-03 10:53:41]     -> 4 Ausschuettung(en) in 12 Monaten (halbjaehrlich), Summe 6.238143 EUR
[2026-10-03 10:53:41]   Hole Kurs fuer KMB ...
[2026-10-03 10:53:42]     -> 4 Ausschuettung(en) in 12 Monaten (quartalsweise), Summe 5.1 USD
[2026-10-03 10:53:42]   Hole Kurs fuer CTAS ...
[2026-10-03 10:53:42]     -> Hinweis: hinterlegte Dividende 6.2 weicht -70% von den tatsaechlich gezahlten 1.87 ab - Automatik hat Vorrang.
[2026-10-03 10:53:42]     -> 4 Ausschuettung(en) in 12 Monaten (quartalsweise), Summe 1.87 USD
[2026-10-03 10:53:42]   Hole Kurs fuer TFC ...
[2026-10-03 10:53:42]     -> 4 Ausschuettung(en) in 12 Monaten (quartalsweise), Summe 2.08 USD
[2026-10-03 10:53:42]   Hole Kurs fuer 8150.T ...
[2026-10-03 10:53:43]     -> 2 Ausschuettung(en) in 12 Monaten (halbjaehrlich), Summe 190.0 JPY
[2026-10-03 10:53:43]     -> keine Analystenabdeckung fuer 8150.T (Prognoseseite existiert nicht)
[2026-10-03 10:53:43]     -> Hinweis: hinterlegte Verschuldung 0.8 weicht vom berechneten Wert 0.32 ab - Automatik hat Vorrang.
[2026-10-03 10:53:43]   Hole Kurs fuer BNS ...
[2026-10-03 10:53:43]     -> 2 Ausschuettung(en) in 12 Monaten (quartalsweise), Summe 1.595 USD [unvollstaendig]
[2026-10-03 10:53:44]   Hole Kurs fuer XUHY.DE ...
[2026-10-03 10:53:44]     -> 4 Ausschuettung(en) in 12 Monaten (quartalsweise), Summe 0.750012 EUR
[2026-10-03 10:53:44]   Hole Kurs fuer CB ...
[2026-10-03 10:53:44]     -> Hinweis: hinterlegte Dividende 3.8 weicht -21% von den tatsaechlich gezahlten 3.01 ab - Automatik hat Vorrang.
[2026-10-03 10:53:44]     -> 3 Ausschuettung(en) in 12 Monaten (quartalsweise), Summe 3.01 USD [unvollstaendig]
[2026-10-03 10:53:44]   Hole Kurs fuer TRN.MI ...
[2026-10-03 10:53:44]     -> 2 Ausschuettung(en) in 12 Monaten (halbjaehrlich), Summe 0.3962 EUR
[2026-10-03 10:53:44]     -> Hinweis: hinterlegte Verschuldung 1.2 weicht vom berechneten Wert 1.72 ab - Automatik hat Vorrang.
[2026-10-03 10:53:45]   Hole Kurs fuer SO ...
[2026-10-03 10:53:45]     -> 4 Ausschuettung(en) in 12 Monaten (quartalsweise), Summe 3.0 USD
[2026-10-03 10:53:45]   Hole Kurs fuer 36B1.DE ...
[2026-10-03 10:53:45]     -> 4 Ausschuettung(en) in 12 Monaten (halbjaehrlich), Summe 0.270085 EUR
[2026-10-03 10:53:45]   Hole Kurs fuer NUE ...
[2026-10-03 10:53:45]     -> 4 Ausschuettung(en) in 12 Monaten (quartalsweise), Summe 2.24 USD
[2026-10-03 10:53:46]   Hole Kurs fuer GD ...
[2026-10-03 10:53:46]     -> 4 Ausschuettung(en) in 12 Monaten (quartalsweise), Summe 6.18 USD
[2026-10-03 10:53:46]   Hole Kurs fuer TW.L ...
[2026-10-03 10:53:46]     -> 2 Ausschuettung(en) in 12 Monaten (halbjaehrlich), Summe 7.62 GBp
[2026-10-03 10:53:46]     -> Hinweis: hinterlegte Verschuldung 1.3 weicht vom berechneten Wert 0.03 ab - Automatik hat Vorrang.
[2026-10-03 10:53:46]     -> Hinweis: geschaetzte Quote 55% weicht +53 Prozentpunkte vom echten Wert 108.28% ab - Automatik hat Vorrang.
[2026-10-03 10:53:46]   Hole Kurs fuer BMW.DE ...
[2026-10-03 10:53:47]     -> 1 Ausschuettung(en) in 12 Monaten (jaehrlich), Summe 4.4 EUR
[2026-10-03 10:53:47]     -> Hinweis: hinterlegte Verschuldung 0.8 weicht vom berechneten Wert 1.2 ab - Automatik hat Vorrang.
[2026-10-03 10:53:47]   Hole Kurs fuer SREN.SW ...
[2026-10-03 10:53:47]     -> 1 Ausschuettung(en) in 12 Monaten (jaehrlich), Summe 6.62784 CHF
[2026-10-03 10:53:47]   Hole Kurs fuer STG.CO ...
[2026-10-03 10:53:47]     -> 1 Ausschuettung(en) in 12 Monaten (jaehrlich), Summe 4.5 DKK
[2026-10-03 10:53:47]   Hole Kurs fuer ESS ...
[2026-10-03 10:53:48]     -> 4 Ausschuettung(en) in 12 Monaten (quartalsweise), Summe 10.34 USD
[2026-10-03 10:53:48]   Hole Kurs fuer FNTN.DE ...
[2026-10-03 10:53:48]     -> 1 Ausschuettung(en) in 12 Monaten (jaehrlich), Summe 2.07 EUR
[2026-10-03 10:53:48]   Hole Kurs fuer 8972.T ...
[2026-10-03 10:53:48]     -> 2 Ausschuettung(en) in 12 Monaten (halbjaehrlich), Summe 8271.0 JPY
[2026-10-03 10:53:48]     -> Hinweis: hinterlegte Verschuldung 1.3 weicht vom berechneten Wert 0.92 ab - Automatik hat Vorrang.
[2026-10-03 10:53:48]   Hole Kurs fuer DX ...
[2026-10-03 10:53:49]     -> 12 Ausschuettung(en) in 12 Monaten (monatlich), Summe 2.04 USD
[2026-10-03 10:53:49]   Hole Kurs fuer PM ...
[2026-10-03 10:53:49]     -> Hinweis: hinterlegte Dividende 5.88 weicht +27% von den tatsaechlich gezahlten 7.48 ab - Automatik hat Vorrang.
[2026-10-03 10:53:49]     -> 5 Ausschuettung(en) in 12 Monaten (quartalsweise), Summe 7.48 USD
[2026-10-03 10:53:49]   Hole Kurs fuer ENEL.MI ...
[2026-10-03 10:53:49]     -> 2 Ausschuettung(en) in 12 Monaten (halbjaehrlich), Summe 0.49 EUR
[2026-10-03 10:53:49]   Hole Kurs fuer BCE ...
[2026-10-03 10:53:50]     -> 4 Ausschuettung(en) in 12 Monaten (quartalsweise), Summe 1.262 USD
[2026-10-03 10:53:50]     -> Hinweis: hinterlegte Verschuldung 0.8 weicht vom berechneten Wert 1.73 ab - Automatik hat Vorrang.
[2026-10-03 10:53:50]   Hole Kurs fuer ABBV ...
[2026-10-03 10:53:50]     -> 4 Ausschuettung(en) in 12 Monaten (quartalsweise), Summe 6.83 USD
[2026-10-03 10:53:50]   Hole Kurs fuer IMB.L ...
[2026-10-03 10:53:50]     -> Hinweis: hinterlegte Dividende 1.6 weicht +10120% von den tatsaechlich gezahlten 163.519996 ab - Automatik hat Vorrang.
[2026-10-03 10:53:50]     -> 4 Ausschuettung(en) in 12 Monaten (quartalsweise), Summe 163.519996 GBp
[2026-10-03 10:53:50]   Hole Kurs fuer IBCA.DE ...
[2026-10-03 10:53:51]     -> 2 Ausschuettung(en) in 12 Monaten (halbjaehrlich), Summe 3.024 EUR
[2026-10-03 10:53:51]   Hole Kurs fuer UDIV.DE ...
[2026-10-03 10:53:51]     -> 12 Ausschuettung(en) in 12 Monaten (monatlich), Summe 0.828541 EUR
[2026-10-03 10:53:51]   Hole Kurs fuer VNA.DE ...
[2026-10-03 10:53:51]     -> 1 Ausschuettung(en) in 12 Monaten (jaehrlich), Summe 1.25 EUR
[2026-10-03 10:53:51]     -> Hinweis: geschaetzte Quote 51.42% weicht -24 Prozentpunkte vom echten Wert 27.42% ab - Automatik hat Vorrang.
[2026-10-03 10:53:51]   Hole Kurs fuer JEQP.DE ...
[2026-10-03 10:53:52]     -> 12 Ausschuettung(en) in 12 Monaten (monatlich), Summe 2.523495 EUR
[2026-10-03 10:53:52]   Hole Kurs fuer SYBY.DE ...
[2026-10-03 10:53:52]     -> 2 Ausschuettung(en) in 12 Monaten (halbjaehrlich), Summe 1.447219 EUR
[2026-10-03 10:53:52]   Hole Kurs fuer ISP.MI ...
[2026-10-03 10:53:52]     -> 2 Ausschuettung(en) in 12 Monaten (halbjaehrlich), Summe 0.376 EUR
[2026-10-03 10:53:52]   Hole Kurs fuer 3002.T ...
[2026-10-03 10:53:53]     -> 1 Ausschuettung(en) in 12 Monaten (jaehrlich), Summe 216.0 JPY
[2026-10-03 10:53:53]     -> Hinweis: hinterlegte Verschuldung 0.8 weicht vom berechneten Wert 0.18 ab - Automatik hat Vorrang.
[2026-10-03 10:53:53]   Hole Kurs fuer MBG.DE ...
[2026-10-03 10:53:53]     -> 1 Ausschuettung(en) in 12 Monaten (jaehrlich), Summe 3.5 EUR
[2026-10-03 10:53:53]     -> Hinweis: hinterlegte Verschuldung 0.8 weicht vom berechneten Wert 1.1 ab - Automatik hat Vorrang.
[2026-10-03 10:53:53]   Hole Kurs fuer NDA-FI.HE ...
[2026-10-03 10:53:53]     -> 2 Ausschuettung(en) in 12 Monaten (jaehrlich), Summe 1.3 EUR
[2026-10-03 10:53:53]   Hole Kurs fuer HAW.DE ...
[2026-10-03 10:53:54]     -> 1 Ausschuettung(en) in 12 Monaten (jaehrlich), Summe 1.0 EUR
[2026-10-03 10:53:54]     -> keine Analystenabdeckung fuer HAW.DE (Prognoseseite existiert nicht)
[2026-10-03 10:53:54]     -> Hinweis: hinterlegte Verschuldung 0.8 weicht vom berechneten Wert 1.57 ab - Automatik hat Vorrang.
[2026-10-03 10:53:54]   Hole Kurs fuer HNR1.DE ...
[2026-10-03 10:53:54]     -> 1 Ausschuettung(en) in 12 Monaten (jaehrlich), Summe 12.5 EUR
[2026-10-03 10:53:55]   Hole Kurs fuer 8960.T ...
[2026-10-03 10:53:55]     -> 2 Ausschuettung(en) in 12 Monaten (halbjaehrlich), Summe 8734.0 JPY
[2026-10-03 10:53:55]     -> Hinweis: hinterlegte Verschuldung 1.3 weicht vom berechneten Wert 0.88 ab - Automatik hat Vorrang.
[2026-10-03 10:53:55]   Hole Kurs fuer 4183.T ...
[2026-10-03 10:53:55]     -> 2 Ausschuettung(en) in 12 Monaten (halbjaehrlich), Summe 75.0 JPY
[2026-10-03 10:53:55]   Hole Kurs fuer VOD.L ...
[2026-10-03 10:53:55]     -> Hinweis: hinterlegte Dividende 0.09 weicht +4298% von den tatsaechlich gezahlten 3.958664 ab - Automatik hat Vorrang.
[2026-10-03 10:53:55]     -> 2 Ausschuettung(en) in 12 Monaten (halbjaehrlich), Summe 3.958664 GBp
[2026-10-03 10:53:56]   Hole Kurs fuer MCD ...
[2026-10-03 10:53:56]     -> 4 Ausschuettung(en) in 12 Monaten (quartalsweise), Summe 7.44 USD
[2026-10-03 10:53:56]   Hole Kurs fuer EPD ...
[2026-10-03 10:53:56]     -> 4 Ausschuettung(en) in 12 Monaten (quartalsweise), Summe 2.205 USD
[2026-10-03 10:53:56]   Hole Kurs fuer ELE.MC ...
[2026-10-03 10:53:56]     -> 2 Ausschuettung(en) in 12 Monaten (halbjaehrlich), Summe 1.584 EUR
[2026-10-03 10:53:56]     -> Hinweis: geschaetzte Quote 75% weicht -23 Prozentpunkte vom echten Wert 52.49% ab - Automatik hat Vorrang.
[2026-10-03 10:53:57]   Hole Kurs fuer MB.MI ...
[2026-10-03 10:53:57]     -> 2 Ausschuettung(en) in 12 Monaten (halbjaehrlich), Summe 1.22 EUR
[2026-10-03 10:53:57]   Hole Kurs fuer LTC ...
[2026-10-03 10:53:57]     -> 12 Ausschuettung(en) in 12 Monaten (monatlich), Summe 2.28 USD
[2026-10-03 10:53:57]     -> Hinweis: hinterlegte Verschuldung 1.3 weicht vom berechneten Wert 0.58 ab - Automatik hat Vorrang.
[2026-10-03 10:53:57]   Hole Kurs fuer SPGI ...
[2026-10-03 10:53:58]     -> 4 Ausschuettung(en) in 12 Monaten (quartalsweise), Summe 3.713615 USD
[2026-10-03 10:53:58]   Hole Kurs fuer 8395.T ...
[2026-10-03 10:53:58]     -> 2 Ausschuettung(en) in 12 Monaten (halbjaehrlich), Summe 115.0 JPY
[2026-10-03 10:53:58]     -> stockanalysis: weder Quote noch Verschuldung fuer 8395.T gefunden (Seite erreichbar, Layout evtl. geaendert)
[2026-10-03 10:53:59]     -> keine Analystenabdeckung fuer 8395.T (Prognoseseite existiert nicht)
[2026-10-03 10:53:59]   Hole Kurs fuer UEFS.DE ...
[2026-10-03 10:53:59]     -> 2 Ausschuettung(en) in 12 Monaten (halbjaehrlich), Summe 0.536458 EUR
[2026-10-03 10:53:59]   Hole Kurs fuer ED ...
[2026-10-03 10:54:00]     -> 4 Ausschuettung(en) in 12 Monaten (quartalsweise), Summe 3.514 USD
[2026-10-03 10:54:00]   Hole Kurs fuer 7177.T ...
[2026-10-03 10:54:00]     -> 4 Ausschuettung(en) in 12 Monaten (quartalsweise), Summe 51.07 JPY
[2026-10-03 10:54:00]     -> keine Analystenabdeckung fuer 7177.T (Prognoseseite existiert nicht)
[2026-10-03 10:54:01]   Hole Kurs fuer EVK.DE ...
[2026-10-03 10:54:01]     -> 1 Ausschuettung(en) in 12 Monaten (jaehrlich), Summe 1.0 EUR
[2026-10-03 10:54:01]     -> Hinweis: geschaetzte Quote 180% weicht +205 Prozentpunkte vom echten Wert 385.12% ab - Automatik hat Vorrang.
[2026-10-03 10:54:01]   Hole Kurs fuer DOW ...
[2026-10-03 10:54:01]     -> 4 Ausschuettung(en) in 12 Monaten (quartalsweise), Summe 1.4 USD
[2026-10-03 10:54:01]     -> Hinweis: hinterlegte Verschuldung 0.8 weicht vom berechneten Wert 1.12 ab - Automatik hat Vorrang.
[2026-10-03 10:54:01]   Hole Kurs fuer UVV ...
[2026-10-03 10:54:02]     -> 4 Ausschuettung(en) in 12 Monaten (quartalsweise), Summe 3.29 USD
[2026-10-03 10:54:02]     -> keine Analystenabdeckung fuer UVV (Prognoseseite existiert nicht)
[2026-10-03 10:54:02]     -> Hinweis: geschaetzte Quote 96% weicht +340 Prozentpunkte vom echten Wert 435.91% ab - Automatik hat Vorrang.
[2026-10-03 10:54:02]   Hole Kurs fuer 9364.T ...
[2026-10-03 10:54:02]     -> 2 Ausschuettung(en) in 12 Monaten (halbjaehrlich), Summe 215.0 JPY
[2026-10-03 10:54:02]     -> Hinweis: hinterlegte Verschuldung 0.8 weicht vom berechneten Wert 0.15 ab - Automatik hat Vorrang.
[2026-10-03 10:54:03]   Hole Kurs fuer PEP ...
[2026-10-03 10:54:03]     -> 4 Ausschuettung(en) in 12 Monaten (quartalsweise), Summe 5.806 USD
[2026-10-03 10:54:03]   Hole Kurs fuer ORA.PA ...
[2026-10-03 10:54:03]     -> 2 Ausschuettung(en) in 12 Monaten (halbjaehrlich), Summe 0.75 EUR
[2026-10-03 10:54:03]   Hole Kurs fuer EMR ...
[2026-10-03 10:54:04]     -> 4 Ausschuettung(en) in 12 Monaten (quartalsweise), Summe 2.22 USD
[2026-10-03 10:54:04]   Hole Kurs fuer 0857.HK ...
[2026-10-03 10:54:04]     -> Hinweis: hinterlegte Dividende 0.35 weicht +68% von den tatsaechlich gezahlten 0.58777 ab - Automatik hat Vorrang.
[2026-10-03 10:54:04]     -> 2 Ausschuettung(en) in 12 Monaten (halbjaehrlich), Summe 0.58777 HKD
[2026-10-03 10:54:04]   Hole Kurs fuer 035250.KS ...
[2026-10-03 10:54:04]     -> 1 Ausschuettung(en) in 12 Monaten (jaehrlich), Summe 950.0 KRW
[2026-10-03 10:54:04]     -> Hinweis: hinterlegte Verschuldung 0.8 weicht vom berechneten Wert 0.01 ab - Automatik hat Vorrang.
[2026-10-03 10:54:04]   Hole Kurs fuer BATS.L ...
[2026-10-03 10:54:05]     -> Hinweis: hinterlegte Dividende 2.36 weicht +10232% von den tatsaechlich gezahlten 243.840006 ab - Automatik hat Vorrang.
[2026-10-03 10:54:05]     -> 4 Ausschuettung(en) in 12 Monaten (quartalsweise), Summe 243.840006 GBp
[2026-10-03 10:54:05]   Hole Kurs fuer DWNI.DE ...
[2026-10-03 10:54:05]     -> 1 Ausschuettung(en) in 12 Monaten (jaehrlich), Summe 0.04 EUR
[2026-10-03 10:54:05]     -> Hinweis: hinterlegte Verschuldung 1.3 weicht vom berechneten Wert 0.51 ab - Automatik hat Vorrang.
[2026-10-03 10:54:05]     -> Hinweis: geschaetzte Quote 46.17% weicht -45 Prozentpunkte vom echten Wert 1.06% ab - Automatik hat Vorrang.
[2026-10-03 10:54:05]   Hole Kurs fuer MDT ...
[2026-10-03 10:54:05]     -> 4 Ausschuettung(en) in 12 Monaten (quartalsweise), Summe 2.86 USD
[2026-10-03 10:54:06]   Hole Kurs fuer BIJ.DE ...
[2026-10-03 10:54:06]     -> 1 Ausschuettung(en) in 12 Monaten (jaehrlich), Summe 6.0 EUR
[2026-10-03 10:54:06]     -> keine Analystenabdeckung fuer BIJ.DE (Prognoseseite existiert nicht)
[2026-10-03 10:54:06]   Hole Kurs fuer SYY ...
[2026-10-03 10:54:07]     -> Hinweis: hinterlegte Dividende 2.08 weicht +31% von den tatsaechlich gezahlten 2.72 ab - Automatik hat Vorrang.
[2026-10-03 10:54:07]     -> 5 Ausschuettung(en) in 12 Monaten (quartalsweise), Summe 2.72 USD
[2026-10-03 10:54:07]   Hole Kurs fuer EDL.DE ...
[2026-10-03 10:54:07]     -> 1 Ausschuettung(en) in 12 Monaten (jaehrlich), Summe 0.3 EUR
[2026-10-03 10:54:07]     -> keine Analystenabdeckung fuer EDL.DE (Prognoseseite existiert nicht)
[2026-10-03 10:54:07]     -> Hinweis: hinterlegte Verschuldung 0.8 weicht vom berechneten Wert 1.42 ab - Automatik hat Vorrang.
[2026-10-03 10:54:08]   Hole Kurs fuer GSK.L ...
[2026-10-03 10:54:08]     -> Hinweis: hinterlegte Dividende 0.63 weicht +10694% von den tatsaechlich gezahlten 68.0 ab - Automatik hat Vorrang.
[2026-10-03 10:54:08]     -> 4 Ausschuettung(en) in 12 Monaten (quartalsweise), Summe 68.0 GBp
[2026-10-03 10:54:08]   Hole Kurs fuer PBR ...
[2026-10-03 10:54:08]     -> 3 Ausschuettung(en) in 12 Monaten (quartalsweise), Summe 0.797 USD [unvollstaendig]
[2026-10-03 10:54:08]     -> Hinweis: hinterlegte Verschuldung 1.2 weicht vom berechneten Wert 0.76 ab - Automatik hat Vorrang.
[2026-10-03 10:54:08]   Hole Kurs fuer DTE.DE ...
[2026-10-03 10:54:08]     -> 1 Ausschuettung(en) in 12 Monaten (jaehrlich), Summe 1.0 EUR
[2026-10-03 10:54:09]   Hole Kurs fuer NESN.SW ...
[2026-10-03 10:54:09]     -> 1 Ausschuettung(en) in 12 Monaten (jaehrlich), Summe 3.1 CHF
[2026-10-03 10:54:09]   Hole Kurs fuer JEIP.DE ...
[2026-10-03 10:54:09]     -> 12 Ausschuettung(en) in 12 Monaten (monatlich), Summe 1.572168 EUR
[2026-10-03 10:54:09]   Hole Kurs fuer PPG ...
[2026-10-03 10:54:09]     -> 4 Ausschuettung(en) in 12 Monaten (quartalsweise), Summe 2.87 USD
[2026-10-03 10:54:10]   Hole Kurs fuer SY7D.DE ...
[2026-10-03 10:54:10]     -> 12 Ausschuettung(en) in 12 Monaten (monatlich), Summe 1.655107 EUR
[2026-10-03 10:54:10]   Hole Kurs fuer BBAS3.SA ...
[2026-10-03 10:54:10]     -> 6 Ausschuettung(en) in 12 Monaten (quartalsweise), Summe 0.654951 BRL
[2026-10-03 10:54:10]   Hole Kurs fuer ASWK.DE ...
[2026-10-03 10:54:10]     -> 11 Ausschuettung(en) in 12 Monaten (monatlich), Summe 4.961004 EUR [unvollstaendig]
[2026-10-03 10:54:10]   Hole Kurs fuer BCH ...
[2026-10-03 10:54:11]     -> 1 Ausschuettung(en) in 12 Monaten (jaehrlich), Summe 2.183 USD
[2026-10-03 10:54:11]   Hole Kurs fuer GWW ...
[2026-10-03 10:54:11]     -> 4 Ausschuettung(en) in 12 Monaten (quartalsweise), Summe 9.5 USD
[2026-10-03 10:54:11]   Hole Kurs fuer UIMB.DE ...
[2026-10-03 10:54:11]     -> 2 Ausschuettung(en) in 12 Monaten (halbjaehrlich), Summe 0.577284 EUR
[2026-10-03 10:54:11]   Hole Kurs fuer 1833.T ...
[2026-10-03 10:54:12]     -> 2 Ausschuettung(en) in 12 Monaten (halbjaehrlich), Summe 337.0 JPY
[2026-10-03 10:54:12]     -> keine Analystenabdeckung fuer 1833.T (Prognoseseite existiert nicht)
[2026-10-03 10:54:12]     -> Hinweis: hinterlegte Verschuldung 0.8 weicht vom berechneten Wert 0.35 ab - Automatik hat Vorrang.
[2026-10-03 10:54:12]   Hole Kurs fuer ISPA.DE ...
[2026-10-03 10:54:12]     -> 4 Ausschuettung(en) in 12 Monaten (quartalsweise), Summe 1.524521 EUR
[2026-10-03 10:54:13]   Hole Kurs fuer ADM ...
[2026-10-03 10:54:13]     -> 4 Ausschuettung(en) in 12 Monaten (quartalsweise), Summe 2.07 USD
[2026-10-03 10:54:13]   Hole Kurs fuer M44U.SI ...
[2026-10-03 10:54:13]     -> Hinweis: hinterlegte Dividende 0.32 weicht -77% von den tatsaechlich gezahlten 0.07266 ab - Automatik hat Vorrang.
[2026-10-03 10:54:13]     -> 4 Ausschuettung(en) in 12 Monaten (quartalsweise), Summe 0.07266 SGD
[2026-10-03 10:54:13]   Hole Kurs fuer IS0Q.DE ...
[2026-10-03 10:54:14]     -> 4 Ausschuettung(en) in 12 Monaten (halbjaehrlich), Summe 5.458615 EUR
[2026-10-03 10:54:14]   Hole Kurs fuer DEQ.DE ...
[2026-10-03 10:54:14]     -> 1 Ausschuettung(en) in 12 Monaten (jaehrlich), Summe 1.0 EUR
[2026-10-03 10:54:14]     -> Hinweis: hinterlegte Verschuldung 1.3 weicht vom berechneten Wert 0.97 ab - Automatik hat Vorrang.
[2026-10-03 10:54:14]     -> Hinweis: geschaetzte Quote 69.25% weicht +58 Prozentpunkte vom echten Wert 127.72% ab - Automatik hat Vorrang.
[2026-10-03 10:54:14]   Hole Kurs fuer MUV2.DE ...
[2026-10-03 10:54:14]     -> 1 Ausschuettung(en) in 12 Monaten (jaehrlich), Summe 24.0 EUR
[2026-10-03 10:54:14]   Hole Kurs fuer CPFE3.SA ...
[2026-10-03 10:54:15]     -> 1 Ausschuettung(en) in 12 Monaten (jaehrlich), Summe 3.731536 BRL
[2026-10-03 10:54:15]     -> Hinweis: hinterlegte Verschuldung 1.2 weicht vom berechneten Wert 1.55 ab - Automatik hat Vorrang.
[2026-10-03 10:54:15]     -> Hinweis: geschaetzte Quote 65% weicht -25 Prozentpunkte vom echten Wert 39.97% ab - Automatik hat Vorrang.
[2026-10-03 10:54:15]   Hole Kurs fuer MUX.DE ...
[2026-10-03 10:54:15]     -> 1 Ausschuettung(en) in 12 Monaten (jaehrlich), Summe 2.0 EUR
[2026-10-03 10:54:15]     -> Hinweis: hinterlegte Verschuldung 0.8 weicht vom berechneten Wert 2.22 ab - Automatik hat Vorrang.
[2026-10-03 10:54:15]   Hole Kurs fuer KMI ...
[2026-10-03 10:54:15]     -> 4 Ausschuettung(en) in 12 Monaten (quartalsweise), Summe 1.182 USD
[2026-10-03 10:54:15]   Hole Kurs fuer SYBK.DE ...
[2026-10-03 10:54:16]     -> 2 Ausschuettung(en) in 12 Monaten (halbjaehrlich), Summe 2.46725 EUR
[2026-10-03 10:54:16]   Hole Kurs fuer ADP ...
[2026-10-03 10:54:16]     -> 4 Ausschuettung(en) in 12 Monaten (quartalsweise), Summe 6.8 USD
[2026-10-03 10:54:16]   Hole Kurs fuer ENGI.PA ...
[2026-10-03 10:54:16]     -> 1 Ausschuettung(en) in 12 Monaten (jaehrlich), Summe 1.35 EUR
[2026-10-03 10:54:16]   Hole Kurs fuer PAH3.DE ...
[2026-10-03 10:54:17]     -> 1 Ausschuettung(en) in 12 Monaten (jaehrlich), Summe 1.51 EUR
[2026-10-03 10:54:17]     -> Hinweis: hinterlegte Verschuldung 0.8 weicht vom berechneten Wert 0.19 ab - Automatik hat Vorrang.
[2026-10-03 10:54:17]     -> Hinweis: geschaetzte Quote 22.65% weicht +464 Prozentpunkte vom echten Wert 486.32% ab - Automatik hat Vorrang.
[2026-10-03 10:54:17]   Hole Kurs fuer ITW ...
[2026-10-03 10:54:17]     -> 4 Ausschuettung(en) in 12 Monaten (quartalsweise), Summe 6.55 USD
[2026-10-03 10:54:17]   Hole Kurs fuer TRYG.CO ...
[2026-10-03 10:54:17]     -> 4 Ausschuettung(en) in 12 Monaten (quartalsweise), Summe 8.4 DKK
[2026-10-03 10:54:17]   Hole Kurs fuer CLX ...
[2026-10-03 10:54:18]     -> 4 Ausschuettung(en) in 12 Monaten (quartalsweise), Summe 4.97 USD
[2026-10-03 10:54:18]   Hole Kurs fuer PG ...
[2026-10-03 10:54:18]     -> 4 Ausschuettung(en) in 12 Monaten (quartalsweise), Summe 4.292 USD
[2026-10-03 10:54:18]   Hole Kurs fuer JNJ ...
[2026-10-03 10:54:18]     -> 4 Ausschuettung(en) in 12 Monaten (quartalsweise), Summe 5.28 USD
[2026-10-03 10:54:19]   Hole Kurs fuer RO.SW ...
[2026-10-03 10:54:19]     -> 1 Ausschuettung(en) in 12 Monaten (jaehrlich), Summe 10.799 CHF
[2026-10-03 10:54:19]     -> stockanalysis: HTTP 404 fuer RO.SW (https://stockanalysis.com/quote/swx/RO/statistics/)
[2026-10-03 10:54:19]     -> keine Analystenabdeckung fuer RO.SW (Prognoseseite existiert nicht)
[2026-10-03 10:54:20]   Hole Kurs fuer SAN.PA ...
[2026-10-03 10:54:20]     -> 1 Ausschuettung(en) in 12 Monaten (jaehrlich), Summe 4.12 EUR
[2026-10-03 10:54:20]   Hole Kurs fuer EPR ...
[2026-10-03 10:54:21]     -> 12 Ausschuettung(en) in 12 Monaten (monatlich), Summe 3.645 USD
[2026-10-03 10:54:21]   Hole Kurs fuer HABA.DE ...
[2026-10-03 10:54:21]     -> 1 Ausschuettung(en) in 12 Monaten (jaehrlich), Summe 0.39 EUR
[2026-10-03 10:54:21]     -> Hinweis: hinterlegte Verschuldung 1.3 weicht vom berechneten Wert 1.86 ab - Automatik hat Vorrang.
[2026-10-03 10:54:21]     -> Hinweis: geschaetzte Quote 200% weicht -145 Prozentpunkte vom echten Wert 55.22% ab - Automatik hat Vorrang.
[2026-10-03 10:54:21]   Hole Kurs fuer WPC ...
[2026-10-03 10:54:21]     -> 4 Ausschuettung(en) in 12 Monaten (quartalsweise), Summe 3.74 USD
[2026-10-03 10:54:21]     -> Hinweis: geschaetzte Quote 100% weicht +27 Prozentpunkte vom echten Wert 126.64% ab - Automatik hat Vorrang.
[2026-10-03 10:54:21]   Hole Kurs fuer XAT1.DE ...
[2026-10-03 10:54:22]     -> 4 Ausschuettung(en) in 12 Monaten (quartalsweise), Summe 0.9842 EUR
[2026-10-03 10:54:22]   Hole Kurs fuer QDVQ.DE ...
[2026-10-03 10:54:22]     -> 4 Ausschuettung(en) in 12 Monaten (halbjaehrlich), Summe 0.332901 EUR
[2026-10-03 10:54:22]   Hole Kurs fuer CL ...
[2026-10-03 10:54:22]     -> 4 Ausschuettung(en) in 12 Monaten (quartalsweise), Summe 2.1 USD
[2026-10-03 10:54:22]   Hole Kurs fuer TROW ...
[2026-10-03 10:54:23]     -> 4 Ausschuettung(en) in 12 Monaten (quartalsweise), Summe 5.17 USD
[2026-10-03 10:54:23]   Hole Kurs fuer TU ...
[2026-10-03 10:54:23]     -> 3 Ausschuettung(en) in 12 Monaten (quartalsweise), Summe 0.744 USD [unvollstaendig]
[2026-10-03 10:54:23]     -> Hinweis: hinterlegte Verschuldung 0.8 weicht vom berechneten Wert 2.24 ab - Automatik hat Vorrang.
[2026-10-03 10:54:23]   Hole Kurs fuer 8616.T ...
[2026-10-03 10:54:23]     -> 2 Ausschuettung(en) in 12 Monaten (halbjaehrlich), Summe 53.0 JPY
[2026-10-03 10:54:23]     -> keine Analystenabdeckung fuer 8616.T (Prognoseseite existiert nicht)
[2026-10-03 10:54:24]   Hole Kurs fuer SDF.DE ...
[2026-10-03 10:54:24]     -> 1 Ausschuettung(en) in 12 Monaten (jaehrlich), Summe 0.07 EUR
[2026-10-03 10:54:24]   Hole Kurs fuer ENB ...
[2026-10-03 10:54:25]     -> Hinweis: hinterlegte Dividende 3.55 weicht -40% von den tatsaechlich gezahlten 2.115 ab - Automatik hat Vorrang.
[2026-10-03 10:54:25]     -> 3 Ausschuettung(en) in 12 Monaten (quartalsweise), Summe 2.115 USD [unvollstaendig]
[2026-10-03 10:54:25]   Hole Kurs fuer DUK ...
[2026-10-03 10:54:25]     -> 4 Ausschuettung(en) in 12 Monaten (quartalsweise), Summe 4.28 USD
[2026-10-03 10:54:25]   Hole Kurs fuer YYYY.DE ...
[2026-10-03 10:54:25]     -> 12 Ausschuettung(en) in 12 Monaten (monatlich), Summe 9.529651 EUR
[2026-10-03 10:54:25]   Hole Kurs fuer LOW ...
[2026-10-03 10:54:26]     -> 4 Ausschuettung(en) in 12 Monaten (quartalsweise), Summe 4.85 USD
[2026-10-03 10:54:26]   Hole Kurs fuer ROP ...
[2026-10-03 10:54:26]     -> Hinweis: hinterlegte Dividende 2.98 weicht +50% von den tatsaechlich gezahlten 4.465 ab - Automatik hat Vorrang.
[2026-10-03 10:54:26]     -> 5 Ausschuettung(en) in 12 Monaten (quartalsweise), Summe 4.465 USD
[2026-10-03 10:54:26]   Hole Kurs fuer CINF ...
[2026-10-03 10:54:26]     -> 4 Ausschuettung(en) in 12 Monaten (quartalsweise), Summe 3.69 USD
[2026-10-03 10:54:26]   Hole Kurs fuer ABT ...
[2026-10-03 10:54:27]     -> 4 Ausschuettung(en) in 12 Monaten (quartalsweise), Summe 2.48 USD
[2026-10-03 10:54:27]   Hole Kurs fuer HRL ...
[2026-10-03 10:54:27]     -> 4 Ausschuettung(en) in 12 Monaten (quartalsweise), Summe 1.169 USD
[2026-10-03 10:54:27]   Hole Kurs fuer FAHY.DE ...
[2026-10-03 10:54:27]     -> 4 Ausschuettung(en) in 12 Monaten (quartalsweise), Summe 1.208557 EUR
[2026-10-03 10:54:27]   Hole Kurs fuer TIGR.DE ...
[2026-10-03 10:54:28]     -> 2 Ausschuettung(en) in 12 Monaten (halbjaehrlich), Summe 0.39894 EUR
[2026-10-03 10:54:28]   Hole Kurs fuer TTE.PA ...
[2026-10-03 10:54:28]     -> 4 Ausschuettung(en) in 12 Monaten (quartalsweise), Summe 3.45 EUR
[2026-10-03 10:54:28]     -> Hinweis: hinterlegte Verschuldung 1.2 weicht vom berechneten Wert 0.48 ab - Automatik hat Vorrang.
[2026-10-03 10:54:28]     -> Hinweis: geschaetzte Quote 70.14% weicht -20 Prozentpunkte vom echten Wert 50.09% ab - Automatik hat Vorrang.
[2026-10-03 10:54:28]   Hole Kurs fuer 8963.T ...
[2026-10-03 10:54:28]     -> 2 Ausschuettung(en) in 12 Monaten (halbjaehrlich), Summe 4116.0 JPY
[2026-10-03 10:54:28]     -> Hinweis: hinterlegte Verschuldung 1.3 weicht vom berechneten Wert 0.99 ab - Automatik hat Vorrang.
[2026-10-03 10:54:28]   Hole Kurs fuer MFC ...
[2026-10-03 10:54:29]     -> 3 Ausschuettung(en) in 12 Monaten (quartalsweise), Summe 1.058 USD [unvollstaendig]
[2026-10-03 10:54:29]     -> keine Analystenabdeckung fuer MFC (Prognoseseite existiert nicht)
[2026-10-03 10:54:29]   Hole Kurs fuer MMM ...
[2026-10-03 10:54:30]     -> 4 Ausschuettung(en) in 12 Monaten (quartalsweise), Summe 3.07 USD
[2026-10-03 10:54:30]   Hole Kurs fuer SWED-A.ST ...
[2026-10-03 10:54:30]     -> 1 Ausschuettung(en) in 12 Monaten (jaehrlich), Summe 29.8 SEK
[2026-10-03 10:54:30]     -> Hinweis: geschaetzte Quote 55% weicht +52 Prozentpunkte vom echten Wert 107.26% ab - Automatik hat Vorrang.
[2026-10-03 10:54:30]   Hole Kurs fuer WMT ...
[2026-10-03 10:54:30]     -> 4 Ausschuettung(en) in 12 Monaten (quartalsweise), Summe 0.979 USD
[2026-10-03 10:54:30]   Hole Kurs fuer EUNW.DE ...
[2026-10-03 10:54:31]     -> 3 Ausschuettung(en) in 12 Monaten (halbjaehrlich), Summe 4.7012 EUR
[2026-10-03 10:54:31] Anreicherung (News/Analysten-Grades) fuer 30 Top-Kandidaten + Depot (von 115 qualifizierten) ...
[2026-10-03 10:54:31]   FMP-Fehler (HTTP 402) bei news/stock: b'Restricted Endpoint: This endpoint is not available under your current subscription please visit our subscription page to upgrade your plan at https:/'
[2026-10-03 10:54:31]   Finnhub (News)-Fehler (HTTP 403) bei company-news: b'{"error":"You don\'t have access to this resource."}'
[2026-10-03 10:54:31]   FMP-Fehler (HTTP 402) bei grades: b"Premium Query Parameter: 'Special Endpoint : This value set for 'symbol' is not available under your current subscription please visit our subscriptio"
[2026-10-03 10:54:31]   Finnhub (Empfehlungen)-Fehler (HTTP 403) bei stock/recommendation: b'{"error":"You don\'t have access to this resource."}'
[2026-10-03 10:54:31]   FMP-Fehler (HTTP 402) bei news/stock: b'Restricted Endpoint: This endpoint is not available under your current subscription please visit our subscription page to upgrade your plan at https:/'
[2026-10-03 10:54:32]   Finnhub (News)-Fehler (HTTP 403) bei company-news: b'{"error":"You don\'t have access to this resource."}'
[2026-10-03 10:54:32]   FMP-Fehler (HTTP 402) bei grades: b"Premium Query Parameter: 'Special Endpoint : This value set for 'symbol' is not available under your current subscription please visit our subscriptio"
[2026-10-03 10:54:32]   Finnhub (Empfehlungen)-Fehler (HTTP 403) bei stock/recommendation: b'{"error":"You don\'t have access to this resource."}'
[2026-10-03 10:54:32]   FMP-Fehler (HTTP 402) bei news/stock: b'Restricted Endpoint: This endpoint is not available under your current subscription please visit our subscription page to upgrade your plan at https:/'
[2026-10-03 10:54:32]   Finnhub (News)-Fehler (HTTP 403) bei company-news: b'{"error":"You don\'t have access to this resource."}'
[2026-10-03 10:54:32]   FMP-Fehler (HTTP 402) bei grades: b"Premium Query Parameter: 'Special Endpoint : This value set for 'symbol' is not available under your current subscription please visit our subscriptio"
[2026-10-03 10:54:32]   Finnhub (Empfehlungen)-Fehler (HTTP 403) bei stock/recommendation: b'{"error":"You don\'t have access to this resource."}'
[2026-10-03 10:54:32]   FMP-Fehler (HTTP 402) bei news/stock: b'Restricted Endpoint: This endpoint is not available under your current subscription please visit our subscription page to upgrade your plan at https:/'
[2026-10-03 10:54:32]   Finnhub (News)-Fehler (HTTP 403) bei company-news: b'{"error":"You don\'t have access to this resource."}'
[2026-10-03 10:54:33]   FMP-Fehler (HTTP 402) bei grades: b"Premium Query Parameter: 'Special Endpoint : This value set for 'symbol' is not available under your current subscription please visit our subscriptio"
[2026-10-03 10:54:33]   Finnhub (Empfehlungen)-Fehler (HTTP 403) bei stock/recommendation: b'{"error":"You don\'t have access to this resource."}'
[2026-10-03 10:54:33]   FMP-Fehler (HTTP 402) bei news/stock: b'Restricted Endpoint: This endpoint is not available under your current subscription please visit our subscription page to upgrade your plan at https:/'
[2026-10-03 10:54:33]   Finnhub (News)-Fehler (HTTP 403) bei company-news: b'{"error":"You don\'t have access to this resource."}'
[2026-10-03 10:54:33]   FMP-Fehler (HTTP 402) bei grades: b"Premium Query Parameter: 'Special Endpoint : This value set for 'symbol' is not available under your current subscription please visit our subscriptio"
[2026-10-03 10:54:33]   Finnhub (Empfehlungen)-Fehler (HTTP 403) bei stock/recommendation: b'{"error":"You don\'t have access to this resource."}'
[2026-10-03 10:54:33]   FMP-Fehler (HTTP 402) bei news/stock: b'Restricted Endpoint: This endpoint is not available under your current subscription please visit our subscription page to upgrade your plan at https:/'
[2026-10-03 10:54:33]   Finnhub (News)-Fehler (HTTP 403) bei company-news: b'{"error":"You don\'t have access to this resource."}'
[2026-10-03 10:54:33]   FMP-Fehler (HTTP 402) bei grades: b"Premium Query Parameter: 'Special Endpoint : This value set for 'symbol' is not available under your current subscription please visit our subscriptio"
[2026-10-03 10:54:34]   Finnhub (Empfehlungen)-Fehler (HTTP 403) bei stock/recommendation: b'{"error":"You don\'t have access to this resource."}'
[2026-10-03 10:54:34]   FMP-Fehler (HTTP 402) bei news/stock: b'Restricted Endpoint: This endpoint is not available under your current subscription please visit our subscription page to upgrade your plan at https:/'
[2026-10-03 10:54:34]   Finnhub (News)-Fehler (HTTP 403) bei company-news: b'{"error":"You don\'t have access to this resource."}'
[2026-10-03 10:54:34]   FMP-Fehler (HTTP 402) bei grades: b"Premium Query Parameter: 'Special Endpoint : This value set for 'symbol' is not available under your current subscription please visit our subscriptio"
[2026-10-03 10:54:34]   Finnhub (Empfehlungen)-Fehler (HTTP 403) bei stock/recommendation: b'{"error":"You don\'t have access to this resource."}'
[2026-10-03 10:54:34]   FMP-Fehler (HTTP 402) bei news/stock: b'Restricted Endpoint: This endpoint is not available under your current subscription please visit our subscription page to upgrade your plan at https:/'
[2026-10-03 10:54:34]   Finnhub (News)-Fehler (HTTP 403) bei company-news: b'{"error":"You don\'t have access to this resource."}'
[2026-10-03 10:54:34]   FMP-Fehler (HTTP 402) bei grades: b"Premium Query Parameter: 'Special Endpoint : This value set for 'symbol' is not available under your current subscription please visit our subscriptio"
[2026-10-03 10:54:35]   Finnhub (Empfehlungen)-Fehler (HTTP 403) bei stock/recommendation: b'{"error":"You don\'t have access to this resource."}'
[2026-10-03 10:54:35]   FMP-Fehler (HTTP 402) bei news/stock: b'Restricted Endpoint: This endpoint is not available under your current subscription please visit our subscription page to upgrade your plan at https:/'
[2026-10-03 10:54:35]   Finnhub (News)-Fehler (HTTP 403) bei company-news: b'{"error":"You don\'t have access to this resource."}'
[2026-10-03 10:54:35]   FMP-Fehler (HTTP 402) bei grades: b"Premium Query Parameter: 'Special Endpoint : This value set for 'symbol' is not available under your current subscription please visit our subscriptio"
[2026-10-03 10:54:35]   Finnhub (Empfehlungen)-Fehler (HTTP 403) bei stock/recommendation: b'{"error":"You don\'t have access to this resource."}'
[2026-10-03 10:54:35]   FMP-Fehler (HTTP 402) bei news/stock: b'Restricted Endpoint: This endpoint is not available under your current subscription please visit our subscription page to upgrade your plan at https:/'
[2026-10-03 10:54:35]   Finnhub (News)-Fehler (HTTP 403) bei company-news: b'{"error":"You don\'t have access to this resource."}'
[2026-10-03 10:54:35]   FMP-Fehler (HTTP 402) bei grades: b"Premium Query Parameter: 'Special Endpoint : This value set for 'symbol' is not available under your current subscription please visit our subscriptio"
[2026-10-03 10:54:35]   Finnhub (Empfehlungen)-Fehler (HTTP 403) bei stock/recommendation: b'{"error":"You don\'t have access to this resource."}'
[2026-10-03 10:54:36]   FMP-Fehler (HTTP 402) bei news/stock: b'Restricted Endpoint: This endpoint is not available under your current subscription please visit our subscription page to upgrade your plan at https:/'
[2026-10-03 10:54:36]   Finnhub (News)-Fehler (HTTP 403) bei company-news: b'{"error":"You don\'t have access to this resource."}'
[2026-10-03 10:54:36]   FMP-Fehler (HTTP 402) bei grades: b"Premium Query Parameter: 'Special Endpoint : This value set for 'symbol' is not available under your current subscription please visit our subscriptio"
[2026-10-03 10:54:36]   Finnhub (Empfehlungen)-Fehler (HTTP 403) bei stock/recommendation: b'{"error":"You don\'t have access to this resource."}'
[2026-10-03 10:54:36]   FMP-Fehler (HTTP 402) bei news/stock: b'Restricted Endpoint: This endpoint is not available under your current subscription please visit our subscription page to upgrade your plan at https:/'
[2026-10-03 10:54:36]   Finnhub (News)-Fehler (HTTP 403) bei company-news: b'{"error":"You don\'t have access to this resource."}'
[2026-10-03 10:54:36]   FMP-Fehler (HTTP 402) bei grades: b"Premium Query Parameter: 'Special Endpoint : This value set for 'symbol' is not available under your current subscription please visit our subscriptio"
[2026-10-03 10:54:36]   Finnhub (Empfehlungen)-Fehler (HTTP 403) bei stock/recommendation: b'{"error":"You don\'t have access to this resource."}'
[2026-10-03 10:54:37]   FMP-Fehler (HTTP 402) bei news/stock: b'Restricted Endpoint: This endpoint is not available under your current subscription please visit our subscription page to upgrade your plan at https:/'
[2026-10-03 10:54:37]     -> News via Finnhub ergaenzt
[2026-10-03 10:54:37]   FMP-Fehler (HTTP 402) bei grades: b"Premium Query Parameter: 'Special Endpoint : This value set for 'symbol' is not available under your current subscription please visit our subscriptio"
[2026-10-03 10:54:37]     -> Analysten-Konsens via Finnhub ergaenzt
[2026-10-03 10:54:37]   FMP-Fehler (HTTP 402) bei news/stock: b'Restricted Endpoint: This endpoint is not available under your current subscription please visit our subscription page to upgrade your plan at https:/'
[2026-10-03 10:54:37]   Finnhub (News)-Fehler (HTTP 403) bei company-news: b'{"error":"You don\'t have access to this resource."}'
[2026-10-03 10:54:37]   FMP-Fehler (HTTP 402) bei grades: b"Premium Query Parameter: 'Special Endpoint : This value set for 'symbol' is not available under your current subscription please visit our subscriptio"
[2026-10-03 10:54:38]   Finnhub (Empfehlungen)-Fehler (HTTP 403) bei stock/recommendation: b'{"error":"You don\'t have access to this resource."}'
[2026-10-03 10:54:38]   FMP-Fehler (HTTP 402) bei news/stock: b'Restricted Endpoint: This endpoint is not available under your current subscription please visit our subscription page to upgrade your plan at https:/'
[2026-10-03 10:54:38]   Finnhub (News)-Fehler (HTTP 403) bei company-news: b'{"error":"You don\'t have access to this resource."}'
[2026-10-03 10:54:38]   FMP-Fehler (HTTP 402) bei grades: b"Premium Query Parameter: 'Special Endpoint : This value set for 'symbol' is not available under your current subscription please visit our subscriptio"
[2026-10-03 10:54:38]   Finnhub (Empfehlungen)-Fehler (HTTP 403) bei stock/recommendation: b'{"error":"You don\'t have access to this resource."}'
[2026-10-03 10:54:38]   FMP-Fehler (HTTP 402) bei news/stock: b'Restricted Endpoint: This endpoint is not available under your current subscription please visit our subscription page to upgrade your plan at https:/'
[2026-10-03 10:54:38]   Finnhub (News)-Fehler (HTTP 403) bei company-news: b'{"error":"You don\'t have access to this resource."}'
[2026-10-03 10:54:38]   FMP-Fehler (HTTP 402) bei grades: b"Premium Query Parameter: 'Special Endpoint : This value set for 'symbol' is not available under your current subscription please visit our subscriptio"
[2026-10-03 10:54:38]   Finnhub (Empfehlungen)-Fehler (HTTP 403) bei stock/recommendation: b'{"error":"You don\'t have access to this resource."}'
[2026-10-03 10:54:39]   FMP-Fehler (HTTP 402) bei news/stock: b'Restricted Endpoint: This endpoint is not available under your current subscription please visit our subscription page to upgrade your plan at https:/'
[2026-10-03 10:54:39]   Finnhub (News)-Fehler (HTTP 403) bei company-news: b'{"error":"You don\'t have access to this resource."}'
[2026-10-03 10:54:39]   FMP-Fehler (HTTP 402) bei grades: b"Premium Query Parameter: 'Special Endpoint : This value set for 'symbol' is not available under your current subscription please visit our subscriptio"
[2026-10-03 10:54:39]   Finnhub (Empfehlungen)-Fehler (HTTP 403) bei stock/recommendation: b'{"error":"You don\'t have access to this resource."}'
[2026-10-03 10:54:39]   FMP-Fehler (HTTP 402) bei news/stock: b'Restricted Endpoint: This endpoint is not available under your current subscription please visit our subscription page to upgrade your plan at https:/'
[2026-10-03 10:54:39]     -> News via Finnhub ergaenzt
[2026-10-03 10:54:39]   FMP-Fehler (HTTP 402) bei grades: b"Premium Query Parameter: 'Special Endpoint : This value set for 'symbol' is not available under your current subscription please visit our subscriptio"
[2026-10-03 10:54:39]     -> Analysten-Konsens via Finnhub ergaenzt
[2026-10-03 10:54:40]   FMP-Fehler (HTTP 402) bei news/stock: b'Restricted Endpoint: This endpoint is not available under your current subscription please visit our subscription page to upgrade your plan at https:/'
[2026-10-03 10:54:40]     -> News via Finnhub ergaenzt
[2026-10-03 10:54:40]   FMP-Fehler (HTTP 402) bei grades: b"Premium Query Parameter: 'Special Endpoint : This value set for 'symbol' is not available under your current subscription please visit our subscriptio"
[2026-10-03 10:54:40]     -> Analysten-Konsens via Finnhub ergaenzt
[2026-10-03 10:54:40]   FMP-Fehler (HTTP 402) bei news/stock: b'Restricted Endpoint: This endpoint is not available under your current subscription please visit our subscription page to upgrade your plan at https:/'
[2026-10-03 10:54:40]   Finnhub (News)-Fehler (HTTP 403) bei company-news: b'{"error":"You don\'t have access to this resource."}'
[2026-10-03 10:54:40]   FMP-Fehler (HTTP 402) bei grades: b"Premium Query Parameter: 'Special Endpoint : This value set for 'symbol' is not available under your current subscription please visit our subscriptio"
[2026-10-03 10:54:40]   Finnhub (Empfehlungen)-Fehler (HTTP 403) bei stock/recommendation: b'{"error":"You don\'t have access to this resource."}'
[2026-10-03 10:54:40]   FMP-Fehler (HTTP 402) bei news/stock: b'Restricted Endpoint: This endpoint is not available under your current subscription please visit our subscription page to upgrade your plan at https:/'
[2026-10-03 10:54:41]   Finnhub (News)-Fehler (HTTP 403) bei company-news: b'{"error":"You don\'t have access to this resource."}'
[2026-10-03 10:54:41]   FMP-Fehler (HTTP 402) bei grades: b"Premium Query Parameter: 'Special Endpoint : This value set for 'symbol' is not available under your current subscription please visit our subscriptio"
[2026-10-03 10:54:41]   Finnhub (Empfehlungen)-Fehler (HTTP 403) bei stock/recommendation: b'{"error":"You don\'t have access to this resource."}'
[2026-10-03 10:54:41]   FMP-Fehler (HTTP 402) bei news/stock: b'Restricted Endpoint: This endpoint is not available under your current subscription please visit our subscription page to upgrade your plan at https:/'
[2026-10-03 10:54:41]     -> News via Finnhub ergaenzt
[2026-10-03 10:54:41]   FMP-Fehler (HTTP 402) bei grades: b"Premium Query Parameter: 'Special Endpoint : This value set for 'symbol' is not available under your current subscription please visit our subscriptio"
[2026-10-03 10:54:41]     -> Analysten-Konsens via Finnhub ergaenzt
[2026-10-03 10:54:41]   FMP-Fehler (HTTP 402) bei news/stock: b'Restricted Endpoint: This endpoint is not available under your current subscription please visit our subscription page to upgrade your plan at https:/'
[2026-10-03 10:54:41]   Finnhub (News)-Fehler (HTTP 403) bei company-news: b'{"error":"You don\'t have access to this resource."}'
[2026-10-03 10:54:42]   FMP-Fehler (HTTP 402) bei grades: b"Premium Query Parameter: 'Special Endpoint : This value set for 'symbol' is not available under your current subscription please visit our subscriptio"
[2026-10-03 10:54:42]   Finnhub (Empfehlungen)-Fehler (HTTP 403) bei stock/recommendation: b'{"error":"You don\'t have access to this resource."}'
[2026-10-03 10:54:42]   FMP-Fehler (HTTP 402) bei news/stock: b'Restricted Endpoint: This endpoint is not available under your current subscription please visit our subscription page to upgrade your plan at https:/'
[2026-10-03 10:54:42]   Finnhub (News)-Fehler (HTTP 403) bei company-news: b'{"error":"You don\'t have access to this resource."}'
[2026-10-03 10:54:42]   FMP-Fehler (HTTP 402) bei grades: b"Premium Query Parameter: 'Special Endpoint : This value set for 'symbol' is not available under your current subscription please visit our subscriptio"
[2026-10-03 10:54:42]   Finnhub (Empfehlungen)-Fehler (HTTP 403) bei stock/recommendation: b'{"error":"You don\'t have access to this resource."}'
[2026-10-03 10:54:42]   FMP-Fehler (HTTP 402) bei news/stock: b'Restricted Endpoint: This endpoint is not available under your current subscription please visit our subscription page to upgrade your plan at https:/'
[2026-10-03 10:54:42]   Finnhub (News)-Fehler (HTTP 403) bei company-news: b'{"error":"You don\'t have access to this resource."}'
[2026-10-03 10:54:42]   FMP-Fehler (HTTP 402) bei grades: b"Premium Query Parameter: 'Special Endpoint : This value set for 'symbol' is not available under your current subscription please visit our subscriptio"
[2026-10-03 10:54:43]   Finnhub (Empfehlungen)-Fehler (HTTP 403) bei stock/recommendation: b'{"error":"You don\'t have access to this resource."}'
[2026-10-03 10:54:43]   FMP-Fehler (HTTP 402) bei news/stock: b'Restricted Endpoint: This endpoint is not available under your current subscription please visit our subscription page to upgrade your plan at https:/'
[2026-10-03 10:54:43]   Finnhub (News)-Fehler (HTTP 403) bei company-news: b'{"error":"You don\'t have access to this resource."}'
[2026-10-03 10:54:43]   FMP-Fehler (HTTP 402) bei grades: b"Premium Query Parameter: 'Special Endpoint : This value set for 'symbol' is not available under your current subscription please visit our subscriptio"
[2026-10-03 10:54:43]   Finnhub (Empfehlungen)-Fehler (HTTP 403) bei stock/recommendation: b'{"error":"You don\'t have access to this resource."}'
[2026-10-03 10:54:44]   FMP-Fehler (HTTP 402) bei news/stock: b'Restricted Endpoint: This endpoint is not available under your current subscription please visit our subscription page to upgrade your plan at https:/'
[2026-10-03 10:54:44]     -> News via Finnhub ergaenzt
[2026-10-03 10:54:44]   FMP-Fehler (HTTP 402) bei grades: b"Premium Query Parameter: 'Special Endpoint : This value set for 'symbol' is not available under your current subscription please visit our subscriptio"
[2026-10-03 10:54:44]     -> Analysten-Konsens via Finnhub ergaenzt
[2026-10-03 10:54:44]   FMP-Fehler (HTTP 402) bei news/stock: b'Restricted Endpoint: This endpoint is not available under your current subscription please visit our subscription page to upgrade your plan at https:/'
[2026-10-03 10:54:44]   Finnhub (News)-Fehler (HTTP 403) bei company-news: b'{"error":"You don\'t have access to this resource."}'
[2026-10-03 10:54:45]   FMP-Fehler (HTTP 402) bei grades: b"Premium Query Parameter: 'Special Endpoint : This value set for 'symbol' is not available under your current subscription please visit our subscriptio"
[2026-10-03 10:54:45]   Finnhub (Empfehlungen)-Fehler (HTTP 403) bei stock/recommendation: b'{"error":"You don\'t have access to this resource."}'
[2026-10-03 10:54:45]   FMP-Fehler (HTTP 402) bei news/stock: b'Restricted Endpoint: This endpoint is not available under your current subscription please visit our subscription page to upgrade your plan at https:/'
[2026-10-03 10:54:45]   Finnhub (News)-Fehler (HTTP 403) bei company-news: b'{"error":"You don\'t have access to this resource."}'
[2026-10-03 10:54:45]   FMP-Fehler (HTTP 402) bei grades: b"Premium Query Parameter: 'Special Endpoint : This value set for 'symbol' is not available under your current subscription please visit our subscriptio"
[2026-10-03 10:54:45]   Finnhub (Empfehlungen)-Fehler (HTTP 403) bei stock/recommendation: b'{"error":"You don\'t have access to this resource."}'
[2026-10-03 10:54:45]   FMP-Fehler (HTTP 402) bei news/stock: b'Restricted Endpoint: This endpoint is not available under your current subscription please visit our subscription page to upgrade your plan at https:/'
[2026-10-03 10:54:45]   Finnhub (News)-Fehler (HTTP 403) bei company-news: b'{"error":"You don\'t have access to this resource."}'
[2026-10-03 10:54:45]   FMP-Fehler (HTTP 402) bei grades: b"Premium Query Parameter: 'Special Endpoint : This value set for 'symbol' is not available under your current subscription please visit our subscriptio"
[2026-10-03 10:54:45]   Finnhub (Empfehlungen)-Fehler (HTTP 403) bei stock/recommendation: b'{"error":"You don\'t have access to this resource."}'
[2026-10-03 10:54:46] Alle Titel ohne Fehler verarbeitet.
[2026-10-03 10:54:46] Fertig. Bericht aktualisiert: /home/runner/work/dividendenatlas/dividendenatlas/dividendenatlas.html
[2026-10-04 11:35:08] my_depot.json existierte nicht - Beispiel-Datei angelegt unter /home/runner/work/dividendenatlas/dividendenatlas/my_depot.json
[2026-10-04 11:35:08] Hole Kurse fuer 221 Ticker (0 im Depot, 221 in stammdaten.json) ...
[2026-10-04 11:35:08]   Live-Wechselkurse geholt: {'EUR': 1.0, 'USD': 0.890869, 'GBP': 1.176014, 'CHF': 1.077702, 'JPY': 0.00565, 'HKD': 0.113528, 'SGD': 0.696088, 'KRW': 0.000661, 'BRL': 0.170619}
[2026-10-04 11:35:08] Kennzahlen auffrischen: 37 Titel ueber stockanalysis (Ausschuettungsquote + Verschuldung, ein Abruf je Titel).
[2026-10-04 11:35:08] Davon 32 ETFs - fuer 1 werden Kostenquote, Fondsgroesse, Sektor- und Laendergewichte geholt.
[2026-10-04 11:35:08] Analysteneinstufungen auffrischen: 16 Titel (Konsens, Kursziel und die 12-Monats-Historie).
[2026-10-04 11:35:08]   Hole Kurs fuer IS3K.DE ...
[2026-10-04 11:35:08]     -> 4 Ausschuettung(en) in 12 Monaten (halbjaehrlich), Summe 6.238143 EUR
[2026-10-04 11:35:09]   Leeway: keine Ausschuettungsquote fuer IS3K.XETRA (vorhandene Abschnitte: ETF_Data, General, Technicals)
[2026-10-04 11:35:10]   Hole Kurs fuer XOM ...
[2026-10-04 11:35:10]     -> 4 Ausschuettung(en) in 12 Monaten (quartalsweise), Summe 4.12 USD
[2026-10-04 11:35:10]   Hole Kurs fuer 36B1.DE ...
[2026-10-04 11:35:10]     -> 4 Ausschuettung(en) in 12 Monaten (halbjaehrlich), Summe 0.270085 EUR
[2026-10-04 11:35:11]   Leeway: keine Ausschuettungsquote fuer 36B1.XETRA (vorhandene Abschnitte: ETF_Data, General, Technicals)
[2026-10-04 11:35:11]   Hole Kurs fuer 7240.T ...
[2026-10-04 11:35:11]     -> 2 Ausschuettung(en) in 12 Monaten (halbjaehrlich), Summe 135.0 JPY
[2026-10-04 11:35:12]   Leeway.tech-Fehler (HTTP 404) bei fundamentals/7240.XTKS: b'{"msg":"Fundamentals for code and exchange not found"}'
[2026-10-04 11:35:12]   Leeway lieferte keine verwertbare Antwort fuer 7240.XTKS
[2026-10-04 11:35:12]   Hole Kurs fuer EUNW.DE ...
[2026-10-04 11:35:12]     -> 3 Ausschuettung(en) in 12 Monaten (halbjaehrlich), Summe 4.7012 EUR
[2026-10-04 11:35:13]   Leeway: keine Ausschuettungsquote fuer EUNW.XETRA (vorhandene Abschnitte: ETF_Data, General, Technicals)
[2026-10-04 11:35:13]   Hole Kurs fuer 0010.HK ...
[2026-10-04 11:35:13]     -> 2 Ausschuettung(en) in 12 Monaten (halbjaehrlich), Summe 0.86 HKD
[2026-10-04 11:35:13]     -> keine Analystenabdeckung fuer 0010.HK (Prognoseseite existiert nicht)
[2026-10-04 11:35:15]   Leeway.tech-Fehler (HTTP 404) bei fundamentals/0010.XHKG: b'{"msg":"Fundamentals for code and exchange not found"}'
[2026-10-04 11:35:15]   Leeway lieferte keine verwertbare Antwort fuer 0010.XHKG
[2026-10-04 11:35:15]     -> Hinweis: hinterlegte Verschuldung 1.3 weicht vom berechneten Wert 0.35 ab - Automatik hat Vorrang.
[2026-10-04 11:35:15]     -> Hinweis: geschaetzte Quote 65% weicht +18 Prozentpunkte vom echten Wert 82.52% ab - Automatik hat Vorrang.
[2026-10-04 11:35:15]   Hole Kurs fuer OHI ...
[2026-10-04 11:35:15]     -> 4 Ausschuettung(en) in 12 Monaten (quartalsweise), Summe 2.69 USD
[2026-10-04 11:35:15]     -> Hinweis: hinterlegte Verschuldung 1.3 weicht vom berechneten Wert 0.71 ab - Automatik hat Vorrang.
[2026-10-04 11:35:15]   Hole Kurs fuer EVK.DE ...
[2026-10-04 11:35:15]     -> 1 Ausschuettung(en) in 12 Monaten (jaehrlich), Summe 1.0 EUR
[2026-10-04 11:35:15]     -> Hinweis: geschaetzte Quote 180% weicht +205 Prozentpunkte vom echten Wert 385.12% ab - Automatik hat Vorrang.
[2026-10-04 11:35:15]   Hole Kurs fuer SREN.SW ...
[2026-10-04 11:35:16]     -> 1 Ausschuettung(en) in 12 Monaten (jaehrlich), Summe 6.62784 CHF
[2026-10-04 11:35:16]   Leeway.tech-Fehler (HTTP 404) bei fundamentals/SREN.XSWX: b'{"msg":"Fundamentals for code and exchange not found"}'
[2026-10-04 11:35:16]   Leeway lieferte keine verwertbare Antwort fuer SREN.XSWX
[2026-10-04 11:35:17]   Hole Kurs fuer 8985.T ...
[2026-10-04 11:35:17]     -> 1 Ausschuettung(en) in 12 Monaten (jaehrlich), Summe 5061.0 JPY
[2026-10-04 11:35:17]   Leeway.tech-Fehler (HTTP 404) bei fundamentals/8985.XTKS: b'{"msg":"Fundamentals for code and exchange not found"}'
[2026-10-04 11:35:17]   Leeway lieferte keine verwertbare Antwort fuer 8985.XTKS
[2026-10-04 11:35:17]     -> Hinweis: hinterlegte Verschuldung 1.3 weicht vom berechneten Wert 0.98 ab - Automatik hat Vorrang.
[2026-10-04 11:35:17]   Hole Kurs fuer JEQP.DE ...
[2026-10-04 11:35:18]     -> 12 Ausschuettung(en) in 12 Monaten (monatlich), Summe 2.523495 EUR
[2026-10-04 11:35:18]   Leeway: keine Ausschuettungsquote fuer JEQP.XETRA (vorhandene Abschnitte: ETF_Data, General, Technicals)
[2026-10-04 11:35:19]   Hole Kurs fuer ADM ...
[2026-10-04 11:35:19]     -> 4 Ausschuettung(en) in 12 Monaten (quartalsweise), Summe 2.07 USD
[2026-10-04 11:35:19]   Hole Kurs fuer AV.L ...
[2026-10-04 11:35:19]     -> 2 Ausschuettung(en) in 12 Monaten (halbjaehrlich), Summe 40.199999 GBp
[2026-10-04 11:35:20]   Leeway.tech-Fehler (HTTP 404) bei fundamentals/AV.XLON: b'{"msg":"Fundamentals for code and exchange not found"}'
[2026-10-04 11:35:20]   Leeway lieferte keine verwertbare Antwort fuer AV.XLON
[2026-10-04 11:35:20]     -> Hinweis: geschaetzte Quote 60% weicht +141 Prozentpunkte vom echten Wert 201.11% ab - Automatik hat Vorrang.
[2026-10-04 11:35:20]   Hole Kurs fuer CTAS ...
[2026-10-04 11:35:20]     -> Hinweis: hinterlegte Dividende 6.2 weicht -70% von den tatsaechlich gezahlten 1.87 ab - Automatik hat Vorrang.
[2026-10-04 11:35:20]     -> 4 Ausschuettung(en) in 12 Monaten (quartalsweise), Summe 1.87 USD
[2026-10-04 11:35:20]   Hole Kurs fuer SYBY.DE ...
[2026-10-04 11:35:20]     -> 2 Ausschuettung(en) in 12 Monaten (halbjaehrlich), Summe 1.447219 EUR
[2026-10-04 11:35:21]   Leeway: keine Ausschuettungsquote fuer SYBY.XETRA (vorhandene Abschnitte: ETF_Data, General, Technicals)
[2026-10-04 11:35:21]   Hole Kurs fuer GWW ...
[2026-10-04 11:35:22]     -> 4 Ausschuettung(en) in 12 Monaten (quartalsweise), Summe 9.5 USD
[2026-10-04 11:35:22]   Hole Kurs fuer MDT ...
[2026-10-04 11:35:22]     -> 4 Ausschuettung(en) in 12 Monaten (quartalsweise), Summe 2.86 USD
[2026-10-04 11:35:22]   Hole Kurs fuer 5938.T ...
[2026-10-04 11:35:22]     -> 2 Ausschuettung(en) in 12 Monaten (halbjaehrlich), Summe 90.0 JPY
[2026-10-04 11:35:23]   Leeway.tech-Fehler (HTTP 429) bei fundamentals/5938.XTKS: b'Your limit of 50 requests per day has been reached.'
[2026-10-04 11:35:23]   Leeway lieferte keine verwertbare Antwort fuer 5938.XTKS
[2026-10-04 11:35:23]     -> Hinweis: geschaetzte Quote 35% weicht +432 Prozentpunkte vom echten Wert 466.55% ab - Automatik hat Vorrang.
[2026-10-04 11:35:23]   Hole Kurs fuer 8972.T ...
[2026-10-04 11:35:23]     -> 2 Ausschuettung(en) in 12 Monaten (halbjaehrlich), Summe 8271.0 JPY
[2026-10-04 11:35:23]   Leeway.tech-Fehler (HTTP 429) bei fundamentals/8972.XTKS: b'Your limit of 50 requests per day has been reached.'
[2026-10-04 11:35:23]   Leeway lieferte keine verwertbare Antwort fuer 8972.XTKS
[2026-10-04 11:35:23]     -> Hinweis: hinterlegte Verschuldung 1.3 weicht vom berechneten Wert 0.92 ab - Automatik hat Vorrang.
[2026-10-04 11:35:24]   Hole Kurs fuer BAS.DE ...
[2026-10-04 11:35:24]     -> Hinweis: hinterlegte Dividende 3.4 weicht -34% von den tatsaechlich gezahlten 2.25 ab - Automatik hat Vorrang.
[2026-10-04 11:35:24]     -> 1 Ausschuettung(en) in 12 Monaten (jaehrlich), Summe 2.25 EUR
[2026-10-04 11:35:24]     -> Quote 35.2% / Verschuldung 0.71 via stockanalysis
[2026-10-04 11:35:27]   Leeway.tech-Fehler (HTTP 429) bei fundamentals/BAS.XETRA: b'Your limit of 50 requests per day has been reached.'
[2026-10-04 11:35:27]   Leeway lieferte keine verwertbare Antwort fuer BAS.XETRA
[2026-10-04 11:35:27]   Hole Kurs fuer ESS ...
[2026-10-04 11:35:27]     -> 4 Ausschuettung(en) in 12 Monaten (quartalsweise), Summe 10.34 USD
[2026-10-04 11:35:27]   Hole Kurs fuer TW.L ...
[2026-10-04 11:35:28]     -> 2 Ausschuettung(en) in 12 Monaten (halbjaehrlich), Summe 7.62 GBp
[2026-10-04 11:35:28]   Leeway.tech-Fehler (HTTP 429) bei fundamentals/TW.XLON: b'Your limit of 50 requests per day has been reached.'
[2026-10-04 11:35:28]   Leeway lieferte keine verwertbare Antwort fuer TW.XLON
[2026-10-04 11:35:28]     -> Hinweis: hinterlegte Verschuldung 1.3 weicht vom berechneten Wert 0.03 ab - Automatik hat Vorrang.
[2026-10-04 11:35:28]     -> Hinweis: geschaetzte Quote 55% weicht +53 Prozentpunkte vom echten Wert 108.28% ab - Automatik hat Vorrang.
[2026-10-04 11:35:28]   Hole Kurs fuer WINC.DE ...
[2026-10-04 11:35:28]     -> 5 Ausschuettung(en) in 12 Monaten (quartalsweise), Summe 0.568645 EUR
[2026-10-04 11:35:29]   Leeway.tech-Fehler (HTTP 429) bei fundamentals/WINC.XETRA: b'Your limit of 50 requests per day has been reached.'
[2026-10-04 11:35:29]   Leeway lieferte keine verwertbare Antwort fuer WINC.XETRA
[2026-10-04 11:35:29]   Hole Kurs fuer ABBV ...
[2026-10-04 11:35:29]     -> 4 Ausschuettung(en) in 12 Monaten (quartalsweise), Summe 6.83 USD
[2026-10-04 11:35:29]   Hole Kurs fuer MBG.DE ...
[2026-10-04 11:35:29]     -> 1 Ausschuettung(en) in 12 Monaten (jaehrlich), Summe 3.5 EUR
[2026-10-04 11:35:29]     -> Hinweis: hinterlegte Verschuldung 0.8 weicht vom berechneten Wert 1.1 ab - Automatik hat Vorrang.
[2026-10-04 11:35:30]   Hole Kurs fuer EVSD.DE ...
[2026-10-04 11:35:30]     -> 12 Ausschuettung(en) in 12 Monaten (monatlich), Summe 1.377 EUR
[2026-10-04 11:35:30]   Leeway.tech-Fehler (HTTP 429) bei fundamentals/EVSD.XETRA: b'Your limit of 50 requests per day has been reached.'
[2026-10-04 11:35:30]   Leeway lieferte keine verwertbare Antwort fuer EVSD.XETRA
[2026-10-04 11:35:30]   Hole Kurs fuer BIP ...
[2026-10-04 11:35:31]     -> Hinweis: hinterlegte Dividende 1.84 weicht -26% von den tatsaechlich gezahlten 1.365 ab - Automatik hat Vorrang.
[2026-10-04 11:35:31]     -> 3 Ausschuettung(en) in 12 Monaten (quartalsweise), Summe 1.365 USD [unvollstaendig]
[2026-10-04 11:35:31]     -> Hinweis: hinterlegte Verschuldung 1.2 weicht vom berechneten Wert 2.05 ab - Automatik hat Vorrang.
[2026-10-04 11:35:31]     -> Hinweis: geschaetzte Quote 190% weicht +102 Prozentpunkte vom echten Wert 291.87% ab - Automatik hat Vorrang.
[2026-10-04 11:35:31]   Hole Kurs fuer CVX ...
[2026-10-04 11:35:31]     -> 4 Ausschuettung(en) in 12 Monaten (quartalsweise), Summe 7.05 USD
[2026-10-04 11:35:31]   Hole Kurs fuer WSU.DE ...
[2026-10-04 11:35:31]     -> 1 Ausschuettung(en) in 12 Monaten (jaehrlich), Summe 2.5 EUR
[2026-10-04 11:35:32]   Leeway.tech-Fehler (HTTP 429) bei fundamentals/WSU.XETRA: b'Your limit of 50 requests per day has been reached.'
[2026-10-04 11:35:32]   Leeway lieferte keine verwertbare Antwort fuer WSU.XETRA
[2026-10-04 11:35:32]     -> Hinweis: hinterlegte Verschuldung 0.8 weicht vom berechneten Wert 1.59 ab - Automatik hat Vorrang.
[2026-10-04 11:35:32]   Hole Kurs fuer CPFE3.SA ...
[2026-10-04 11:35:32]     -> 1 Ausschuettung(en) in 12 Monaten (jaehrlich), Summe 3.731536 BRL
[2026-10-04 11:35:32]     -> Hinweis: hinterlegte Verschuldung 1.2 weicht vom berechneten Wert 1.55 ab - Automatik hat Vorrang.
[2026-10-04 11:35:32]     -> Hinweis: geschaetzte Quote 65% weicht -25 Prozentpunkte vom echten Wert 39.97% ab - Automatik hat Vorrang.
[2026-10-04 11:35:32]   Hole Kurs fuer MO ...
[2026-10-04 11:35:32]     -> 4 Ausschuettung(en) in 12 Monaten (quartalsweise), Summe 4.29 USD
[2026-10-04 11:35:32]     -> Hinweis: geschaetzte Quote 78% weicht +16 Prozentpunkte vom echten Wert 93.55% ab - Automatik hat Vorrang.
[2026-10-04 11:35:33]   Hole Kurs fuer ENB ...
[2026-10-04 11:35:33]     -> Hinweis: hinterlegte Dividende 3.55 weicht -40% von den tatsaechlich gezahlten 2.115 ab - Automatik hat Vorrang.
[2026-10-04 11:35:33]     -> 3 Ausschuettung(en) in 12 Monaten (quartalsweise), Summe 2.115 USD [unvollstaendig]
[2026-10-04 11:35:33]   Hole Kurs fuer ZURN.SW ...
[2026-10-04 11:35:33]     -> 1 Ausschuettung(en) in 12 Monaten (jaehrlich), Summe 30.0 CHF
[2026-10-04 11:35:34]   Leeway.tech-Fehler (HTTP 429) bei fundamentals/ZURN.XSWX: b'Your limit of 50 requests per day has been reached.'
[2026-10-04 11:35:34]   Leeway lieferte keine verwertbare Antwort fuer ZURN.XSWX
[2026-10-04 11:35:34]   Hole Kurs fuer TFC ...
[2026-10-04 11:35:34]     -> 4 Ausschuettung(en) in 12 Monaten (quartalsweise), Summe 2.08 USD
[2026-10-04 11:35:34]   Hole Kurs fuer ED ...
[2026-10-04 11:35:34]     -> 4 Ausschuettung(en) in 12 Monaten (quartalsweise), Summe 3.514 USD
[2026-10-04 11:35:35]   Hole Kurs fuer 004990.KS ...
[2026-10-04 11:35:35]     -> 1 Ausschuettung(en) in 12 Monaten (jaehrlich), Summe 1250.0 KRW
[2026-10-04 11:35:35]   Leeway.tech-Fehler (HTTP 429) bei fundamentals/004990.XKRX: b'Your limit of 50 requests per day has been reached.'
[2026-10-04 11:35:35]   Leeway lieferte keine verwertbare Antwort fuer 004990.XKRX
[2026-10-04 11:35:36]   Hole Kurs fuer SAX.DE ...
[2026-10-04 11:35:36]     -> 1 Ausschuettung(en) in 12 Monaten (jaehrlich), Summe 1.85 EUR
[2026-10-04 11:35:36]   Leeway.tech-Fehler (HTTP 429) bei fundamentals/SAX.XETRA: b'Your limit of 50 requests per day has been reached.'
[2026-10-04 11:35:36]   Leeway lieferte keine verwertbare Antwort fuer SAX.XETRA
[2026-10-04 11:35:36]     -> Hinweis: hinterlegte Verschuldung 0.8 weicht vom berechneten Wert 4.71 ab - Automatik hat Vorrang.
[2026-10-04 11:35:36]   Hole Kurs fuer SMLD.DE ...
[2026-10-04 11:35:37]     -> 4 Ausschuettung(en) in 12 Monaten (quartalsweise), Summe 3.852161 EUR
[2026-10-04 11:35:37]   Hole Kurs fuer LYB ...
[2026-10-04 11:35:37]     -> 4 Ausschuettung(en) in 12 Monaten (quartalsweise), Summe 3.44 USD
[2026-10-04 11:35:37]     -> Hinweis: hinterlegte Verschuldung 0.8 weicht vom berechneten Wert 1.33 ab - Automatik hat Vorrang.
[2026-10-04 11:35:37]   Hole Kurs fuer BCH ...
[2026-10-04 11:35:37]     -> 1 Ausschuettung(en) in 12 Monaten (jaehrlich), Summe 2.183 USD
[2026-10-04 11:35:37]   Hole Kurs fuer LOW ...
[2026-10-04 11:35:38]     -> 4 Ausschuettung(en) in 12 Monaten (quartalsweise), Summe 4.85 USD
[2026-10-04 11:35:38]   Hole Kurs fuer EN.PA ...
[2026-10-04 11:35:38]     -> 1 Ausschuettung(en) in 12 Monaten (jaehrlich), Summe 2.1 EUR
[2026-10-04 11:35:38]     -> Hinweis: geschaetzte Quote 45% weicht +20 Prozentpunkte vom echten Wert 64.7% ab - Automatik hat Vorrang.
[2026-10-04 11:35:38]   Hole Kurs fuer MKC ...
[2026-10-04 11:35:38]     -> 4 Ausschuettung(en) in 12 Monaten (quartalsweise), Summe 1.89 USD
[2026-10-04 11:35:38]   Hole Kurs fuer MMM ...
[2026-10-04 11:35:39]     -> 4 Ausschuettung(en) in 12 Monaten (quartalsweise), Summe 3.07 USD
[2026-10-04 11:35:39]   Hole Kurs fuer TTE.PA ...
[2026-10-04 11:35:39]     -> 4 Ausschuettung(en) in 12 Monaten (quartalsweise), Summe 3.45 EUR
[2026-10-04 11:35:39]     -> Hinweis: hinterlegte Verschuldung 1.2 weicht vom berechneten Wert 0.48 ab - Automatik hat Vorrang.
[2026-10-04 11:35:39]     -> Hinweis: geschaetzte Quote 70.14% weicht -20 Prozentpunkte vom echten Wert 50.09% ab - Automatik hat Vorrang.
[2026-10-04 11:35:39]   Hole Kurs fuer ADP ...
[2026-10-04 11:35:39]     -> 4 Ausschuettung(en) in 12 Monaten (quartalsweise), Summe 6.8 USD
[2026-10-04 11:35:40]   Hole Kurs fuer TIGR.DE ...
[2026-10-04 11:35:40]     -> 2 Ausschuettung(en) in 12 Monaten (halbjaehrlich), Summe 0.39894 EUR
[2026-10-04 11:35:40]   Hole Kurs fuer TRN.MI ...
[2026-10-04 11:35:40]     -> 2 Ausschuettung(en) in 12 Monaten (halbjaehrlich), Summe 0.3962 EUR
[2026-10-04 11:35:40]     -> Hinweis: hinterlegte Verschuldung 1.2 weicht vom berechneten Wert 1.72 ab - Automatik hat Vorrang.
[2026-10-04 11:35:40]   Hole Kurs fuer EPD ...
[2026-10-04 11:35:41]     -> 4 Ausschuettung(en) in 12 Monaten (quartalsweise), Summe 2.205 USD
[2026-10-04 11:35:41]   Hole Kurs fuer NESN.SW ...
[2026-10-04 11:35:41]     -> 1 Ausschuettung(en) in 12 Monaten (jaehrlich), Summe 3.1 CHF
[2026-10-04 11:35:41]   Hole Kurs fuer RO.SW ...
[2026-10-04 11:35:41]     -> 1 Ausschuettung(en) in 12 Monaten (jaehrlich), Summe 10.799 CHF
[2026-10-04 11:35:41]     -> stockanalysis: HTTP 404 fuer RO.SW (https://stockanalysis.com/quote/swx/RO/statistics/)
[2026-10-04 11:35:42]     -> keine Analystenabdeckung fuer RO.SW (Prognoseseite existiert nicht)
[2026-10-04 11:35:43]   Hole Kurs fuer KEY ...
[2026-10-04 11:35:43]     -> 4 Ausschuettung(en) in 12 Monaten (quartalsweise), Summe 0.82 USD
[2026-10-04 11:35:43]   Hole Kurs fuer BNS ...
[2026-10-04 11:35:43]     -> 2 Ausschuettung(en) in 12 Monaten (quartalsweise), Summe 1.595 USD [unvollstaendig]
[2026-10-04 11:35:43]   Hole Kurs fuer NDA-FI.HE ...
[2026-10-04 11:35:44]     -> 2 Ausschuettung(en) in 12 Monaten (jaehrlich), Summe 1.3 EUR
[2026-10-04 11:35:44]   Hole Kurs fuer SDF.DE ...
[2026-10-04 11:35:44]     -> 1 Ausschuettung(en) in 12 Monaten (jaehrlich), Summe 0.07 EUR
[2026-10-04 11:35:44]   Hole Kurs fuer LTC ...
[2026-10-04 11:35:44]     -> 12 Ausschuettung(en) in 12 Monaten (monatlich), Summe 2.28 USD
[2026-10-04 11:35:44]     -> Hinweis: hinterlegte Verschuldung 1.3 weicht vom berechneten Wert 0.58 ab - Automatik hat Vorrang.
[2026-10-04 11:35:44]   Hole Kurs fuer EC ...
[2026-10-04 11:35:45]     -> 1 Ausschuettung(en) in 12 Monaten (halbjaehrlich), Summe 0.661 USD [unvollstaendig]
[2026-10-04 11:35:45]   Hole Kurs fuer T ...
[2026-10-04 11:35:45]     -> 4 Ausschuettung(en) in 12 Monaten (quartalsweise), Summe 1.112 USD
[2026-10-04 11:35:45]   Hole Kurs fuer VZ ...
[2026-10-04 11:35:45]     -> 4 Ausschuettung(en) in 12 Monaten (quartalsweise), Summe 2.796 USD
[2026-10-04 11:35:46]   Hole Kurs fuer MB.MI ...
[2026-10-04 11:35:46]     -> 2 Ausschuettung(en) in 12 Monaten (halbjaehrlich), Summe 1.22 EUR
[2026-10-04 11:35:46]   Hole Kurs fuer SHW ...
[2026-10-04 11:35:46]     -> 4 Ausschuettung(en) in 12 Monaten (quartalsweise), Summe 3.19 USD
[2026-10-04 11:35:46]   Hole Kurs fuer ALV.DE ...
[2026-10-04 11:35:46]     -> 1 Ausschuettung(en) in 12 Monaten (jaehrlich), Summe 17.1 EUR
[2026-10-04 11:35:47]   Hole Kurs fuer DOC ...
[2026-10-04 11:35:47]     -> Hinweis: hinterlegte Dividende 0.92 weicht +33% von den tatsaechlich gezahlten 1.224 ab - Automatik hat Vorrang.
[2026-10-04 11:35:47]     -> 12 Ausschuettung(en) in 12 Monaten (quartalsweise), Summe 1.224 USD
[2026-10-04 11:35:47]   Hole Kurs fuer EDL.DE ...
[2026-10-04 11:35:47]     -> 1 Ausschuettung(en) in 12 Monaten (jaehrlich), Summe 0.3 EUR
[2026-10-04 11:35:47]     -> keine Analystenabdeckung fuer EDL.DE (Prognoseseite existiert nicht)
[2026-10-04 11:35:48]     -> Hinweis: hinterlegte Verschuldung 0.8 weicht vom berechneten Wert 1.42 ab - Automatik hat Vorrang.
[2026-10-04 11:35:48]   Hole Kurs fuer VNA.DE ...
[2026-10-04 11:35:48]     -> 1 Ausschuettung(en) in 12 Monaten (jaehrlich), Summe 1.25 EUR
[2026-10-04 11:35:48]     -> Hinweis: geschaetzte Quote 51.42% weicht -24 Prozentpunkte vom echten Wert 27.42% ab - Automatik hat Vorrang.
[2026-10-04 11:35:48]   Hole Kurs fuer UDIV.DE ...
[2026-10-04 11:35:49]     -> 12 Ausschuettung(en) in 12 Monaten (monatlich), Summe 0.828541 EUR
[2026-10-04 11:35:49]   Hole Kurs fuer AGNC ...
[2026-10-04 11:35:49]     -> 12 Ausschuettung(en) in 12 Monaten (monatlich), Summe 1.44 USD
[2026-10-04 11:35:49]   Hole Kurs fuer STG.CO ...
[2026-10-04 11:35:49]     -> 1 Ausschuettung(en) in 12 Monaten (jaehrlich), Summe 4.5 DKK
[2026-10-04 11:35:50]   Hole Kurs fuer FAHY.DE ...
[2026-10-04 11:35:50]     -> 4 Ausschuettung(en) in 12 Monaten (quartalsweise), Summe 1.208557 EUR
[2026-10-04 11:35:50]   Hole Kurs fuer BCE ...
[2026-10-04 11:35:50]     -> 4 Ausschuettung(en) in 12 Monaten (quartalsweise), Summe 1.262 USD
[2026-10-04 11:35:50]     -> Hinweis: hinterlegte Verschuldung 0.8 weicht vom berechneten Wert 1.73 ab - Automatik hat Vorrang.
[2026-10-04 11:35:50]   Hole Kurs fuer 8616.T ...
[2026-10-04 11:35:50]     -> 2 Ausschuettung(en) in 12 Monaten (halbjaehrlich), Summe 53.0 JPY
[2026-10-04 11:35:51]     -> keine Analystenabdeckung fuer 8616.T (Prognoseseite existiert nicht)
[2026-10-04 11:35:51]   Hole Kurs fuer SYBK.DE ...
[2026-10-04 11:35:51]     -> 2 Ausschuettung(en) in 12 Monaten (halbjaehrlich), Summe 2.46725 EUR
[2026-10-04 11:35:52]   Hole Kurs fuer ENGI.PA ...
[2026-10-04 11:35:52]     -> 1 Ausschuettung(en) in 12 Monaten (jaehrlich), Summe 1.35 EUR
[2026-10-04 11:35:52]   Hole Kurs fuer ATO ...
[2026-10-04 11:35:52]     -> 4 Ausschuettung(en) in 12 Monaten (quartalsweise), Summe 4.0 USD
[2026-10-04 11:35:52]   Hole Kurs fuer PAH3.DE ...
[2026-10-04 11:35:52]     -> 1 Ausschuettung(en) in 12 Monaten (jaehrlich), Summe 1.51 EUR
[2026-10-04 11:35:52]     -> Hinweis: hinterlegte Verschuldung 0.8 weicht vom berechneten Wert 0.19 ab - Automatik hat Vorrang.
[2026-10-04 11:35:52]     -> Hinweis: geschaetzte Quote 22.65% weicht +464 Prozentpunkte vom echten Wert 486.32% ab - Automatik hat Vorrang.
[2026-10-04 11:35:53]   Hole Kurs fuer CAT ...
[2026-10-04 11:35:53]     -> 4 Ausschuettung(en) in 12 Monaten (quartalsweise), Summe 6.16 USD
[2026-10-04 11:35:53]   Hole Kurs fuer SIX2.DE ...
[2026-10-04 11:35:53]     -> 1 Ausschuettung(en) in 12 Monaten (jaehrlich), Summe 3.2 EUR
[2026-10-04 11:35:53]     -> Hinweis: hinterlegte Verschuldung 0.8 weicht vom berechneten Wert 2.12 ab - Automatik hat Vorrang.
[2026-10-04 11:35:53]   Hole Kurs fuer XUHY.DE ...
[2026-10-04 11:35:54]     -> 4 Ausschuettung(en) in 12 Monaten (quartalsweise), Summe 0.750012 EUR
[2026-10-04 11:35:54]   Hole Kurs fuer EMR ...
[2026-10-04 11:35:54]     -> 4 Ausschuettung(en) in 12 Monaten (quartalsweise), Summe 2.22 USD
[2026-10-04 11:35:54]   Hole Kurs fuer BMW.DE ...
[2026-10-04 11:35:54]     -> 1 Ausschuettung(en) in 12 Monaten (jaehrlich), Summe 4.4 EUR
[2026-10-04 11:35:54]     -> Hinweis: hinterlegte Verschuldung 0.8 weicht vom berechneten Wert 1.2 ab - Automatik hat Vorrang.
[2026-10-04 11:35:55]   Hole Kurs fuer INCU.DE ...
[2026-10-04 11:35:55]     -> 4 Ausschuettung(en) in 12 Monaten (quartalsweise), Summe 0.355591 EUR
[2026-10-04 11:35:55]   Hole Kurs fuer KO ...
[2026-10-04 11:35:55]     -> 4 Ausschuettung(en) in 12 Monaten (quartalsweise), Summe 2.1 USD
[2026-10-04 11:35:55]   Hole Kurs fuer 3002.T ...
[2026-10-04 11:35:55]     -> 1 Ausschuettung(en) in 12 Monaten (jaehrlich), Summe 216.0 JPY
[2026-10-04 11:35:55]     -> Hinweis: hinterlegte Verschuldung 0.8 weicht vom berechneten Wert 0.18 ab - Automatik hat Vorrang.
[2026-10-04 11:35:56]   Hole Kurs fuer IS0Q.DE ...
[2026-10-04 11:35:56]     -> 4 Ausschuettung(en) in 12 Monaten (halbjaehrlich), Summe 5.458615 EUR
[2026-10-04 11:35:56]   Hole Kurs fuer 030000.KS ...
[2026-10-04 11:35:56]     -> 1 Ausschuettung(en) in 12 Monaten (jaehrlich), Summe 1230.0 KRW
[2026-10-04 11:35:56]     -> Hinweis: hinterlegte Verschuldung 0.8 weicht vom berechneten Wert 0.2 ab - Automatik hat Vorrang.
[2026-10-04 11:35:56]   Hole Kurs fuer 1833.T ...
[2026-10-04 11:35:57]     -> 2 Ausschuettung(en) in 12 Monaten (halbjaehrlich), Summe 337.0 JPY
[2026-10-04 11:35:57]     -> keine Analystenabdeckung fuer 1833.T (Prognoseseite existiert nicht)
[2026-10-04 11:35:57]     -> Hinweis: hinterlegte Verschuldung 0.8 weicht vom berechneten Wert 0.35 ab - Automatik hat Vorrang.
[2026-10-04 11:35:57]   Hole Kurs fuer 7177.T ...
[2026-10-04 11:35:57]     -> 4 Ausschuettung(en) in 12 Monaten (quartalsweise), Summe 51.07 JPY
[2026-10-04 11:35:58]     -> keine Analystenabdeckung fuer 7177.T (Prognoseseite existiert nicht)
[2026-10-04 11:35:58]   Hole Kurs fuer DEQ.DE ...
[2026-10-04 11:35:58]     -> 1 Ausschuettung(en) in 12 Monaten (jaehrlich), Summe 1.0 EUR
[2026-10-04 11:35:58]     -> Hinweis: hinterlegte Verschuldung 1.3 weicht vom berechneten Wert 0.97 ab - Automatik hat Vorrang.
[2026-10-04 11:35:58]     -> Hinweis: geschaetzte Quote 69.25% weicht +58 Prozentpunkte vom echten Wert 127.72% ab - Automatik hat Vorrang.
[2026-10-04 11:35:59]   Hole Kurs fuer HRL ...
[2026-10-04 11:35:59]     -> 4 Ausschuettung(en) in 12 Monaten (quartalsweise), Summe 1.169 USD
[2026-10-04 11:35:59]   Hole Kurs fuer 9364.T ...
[2026-10-04 11:35:59]     -> 2 Ausschuettung(en) in 12 Monaten (halbjaehrlich), Summe 215.0 JPY
[2026-10-04 11:35:59]     -> Hinweis: hinterlegte Verschuldung 0.8 weicht vom berechneten Wert 0.15 ab - Automatik hat Vorrang.
[2026-10-04 11:35:59]   Hole Kurs fuer TU ...
[2026-10-04 11:35:59]     -> 3 Ausschuettung(en) in 12 Monaten (quartalsweise), Summe 0.744 USD [unvollstaendig]
[2026-10-04 11:35:59]     -> Hinweis: hinterlegte Verschuldung 0.8 weicht vom berechneten Wert 2.24 ab - Automatik hat Vorrang.
[2026-10-04 11:36:00]   Hole Kurs fuer PM ...
[2026-10-04 11:36:00]     -> 4 Ausschuettung(en) in 12 Monaten (quartalsweise), Summe 6.01 USD
[2026-10-04 11:36:00]   Hole Kurs fuer BDX ...
[2026-10-04 11:36:00]     -> 4 Ausschuettung(en) in 12 Monaten (quartalsweise), Summe 3.975472 USD
[2026-10-04 11:36:00]   Hole Kurs fuer CINF ...
[2026-10-04 11:36:01]     -> 4 Ausschuettung(en) in 12 Monaten (quartalsweise), Summe 3.69 USD
[2026-10-04 11:36:01]   Hole Kurs fuer ENEL.MI ...
[2026-10-04 11:36:01]     -> 2 Ausschuettung(en) in 12 Monaten (halbjaehrlich), Summe 0.49 EUR
[2026-10-04 11:36:01]   Hole Kurs fuer CHD ...
[2026-10-04 11:36:01]     -> 4 Ausschuettung(en) in 12 Monaten (quartalsweise), Summe 1.219 USD
[2026-10-04 11:36:01]   Hole Kurs fuer ITW ...
[2026-10-04 11:36:02]     -> 4 Ausschuettung(en) in 12 Monaten (quartalsweise), Summe 6.55 USD
[2026-10-04 11:36:02]   Hole Kurs fuer 0857.HK ...
[2026-10-04 11:36:02]     -> Hinweis: hinterlegte Dividende 0.35 weicht +68% von den tatsaechlich gezahlten 0.58777 ab - Automatik hat Vorrang.
[2026-10-04 11:36:02]     -> 2 Ausschuettung(en) in 12 Monaten (halbjaehrlich), Summe 0.58777 HKD
[2026-10-04 11:36:02]   Hole Kurs fuer AFL ...
[2026-10-04 11:36:02]     -> 4 Ausschuettung(en) in 12 Monaten (quartalsweise), Summe 2.41 USD
[2026-10-04 11:36:03]   Hole Kurs fuer DTE.DE ...
[2026-10-04 11:36:03]     -> 1 Ausschuettung(en) in 12 Monaten (jaehrlich), Summe 1.0 EUR
[2026-10-04 11:36:03]   Hole Kurs fuer JST.DE ...
[2026-10-04 11:36:03]     -> 1 Ausschuettung(en) in 12 Monaten (jaehrlich), Summe 1.5 EUR
[2026-10-04 11:36:03]     -> Hinweis: hinterlegte Verschuldung 0.8 weicht vom berechneten Wert 1.4 ab - Automatik hat Vorrang.
[2026-10-04 11:36:03]   Hole Kurs fuer 4183.T ...
[2026-10-04 11:36:04]     -> 2 Ausschuettung(en) in 12 Monaten (halbjaehrlich), Summe 75.0 JPY
[2026-10-04 11:36:04]   Hole Kurs fuer WCP.TO ...
[2026-10-04 11:36:04]     -> 12 Ausschuettung(en) in 12 Monaten (monatlich), Summe 0.732 CAD
[2026-10-04 11:36:04]     -> Hinweis: hinterlegte Verschuldung 1.2 weicht vom berechneten Wert 0.24 ab - Automatik hat Vorrang.
[2026-10-04 11:36:04]   Hole Kurs fuer MUX.DE ...
[2026-10-04 11:36:04]     -> 1 Ausschuettung(en) in 12 Monaten (jaehrlich), Summe 2.0 EUR
[2026-10-04 11:36:04]     -> Hinweis: hinterlegte Verschuldung 0.8 weicht vom berechneten Wert 2.22 ab - Automatik hat Vorrang.
[2026-10-04 11:36:04]   Hole Kurs fuer FRT ...
[2026-10-04 11:36:05]     -> 4 Ausschuettung(en) in 12 Monaten (quartalsweise), Summe 4.55 USD
[2026-10-04 11:36:05]   Hole Kurs fuer M12.DE ...
[2026-10-04 11:36:05]     -> 1 Ausschuettung(en) in 12 Monaten (jaehrlich), Summe 1.2 EUR
[2026-10-04 11:36:05]     -> keine Analystenabdeckung fuer M12.DE (Prognoseseite existiert nicht)
[2026-10-04 11:36:05]     -> Hinweis: hinterlegte Verschuldung 0.8 weicht vom berechneten Wert 0.04 ab - Automatik hat Vorrang.
[2026-10-04 11:36:06]   Hole Kurs fuer TRYG.CO ...
[2026-10-04 11:36:06]     -> 4 Ausschuettung(en) in 12 Monaten (quartalsweise), Summe 8.4 DKK
[2026-10-04 11:36:06]   Hole Kurs fuer UIMB.DE ...
[2026-10-04 11:36:06]     -> 2 Ausschuettung(en) in 12 Monaten (halbjaehrlich), Summe 0.577284 EUR
[2026-10-04 11:36:06]   Hole Kurs fuer DTG.DE ...
[2026-10-04 11:36:07]     -> 1 Ausschuettung(en) in 12 Monaten (jaehrlich), Summe 1.9 EUR
[2026-10-04 11:36:07]     -> Hinweis: hinterlegte Verschuldung 0.8 weicht vom berechneten Wert 1.27 ab - Automatik hat Vorrang.
[2026-10-04 11:36:07]     -> Hinweis: geschaetzte Quote 100% weicht -43 Prozentpunkte vom echten Wert 56.87% ab - Automatik hat Vorrang.
[2026-10-04 11:36:07]   Hole Kurs fuer GSK.L ...
[2026-10-04 11:36:07]     -> Hinweis: hinterlegte Dividende 0.63 weicht +10694% von den tatsaechlich gezahlten 68.0 ab - Automatik hat Vorrang.
[2026-10-04 11:36:07]     -> 4 Ausschuettung(en) in 12 Monaten (quartalsweise), Summe 68.0 GBp
[2026-10-04 11:36:07]   Hole Kurs fuer PFLT ...
[2026-10-04 11:36:07]     -> Hinweis: hinterlegte Dividende 0.96 weicht +20% von den tatsaechlich gezahlten 1.156 ab - Automatik hat Vorrang.
[2026-10-04 11:36:07]     -> 12 Ausschuettung(en) in 12 Monaten (monatlich), Summe 1.156 USD
[2026-10-04 11:36:08]   Hole Kurs fuer QYLE.DE ...
[2026-10-04 11:36:08]     -> 11 Ausschuettung(en) in 12 Monaten (monatlich), Summe 1.562642 EUR [unvollstaendig]
[2026-10-04 11:36:08]   Hole Kurs fuer HOT.DE ...
[2026-10-04 11:36:08]     -> 1 Ausschuettung(en) in 12 Monaten (jaehrlich), Summe 6.6 EUR
[2026-10-04 11:36:08]     -> Hinweis: hinterlegte Verschuldung 0.8 weicht vom berechneten Wert 7.16 ab - Automatik hat Vorrang.
[2026-10-04 11:36:08]   Hole Kurs fuer UCG.MI ...
[2026-10-04 11:36:09]     -> 2 Ausschuettung(en) in 12 Monaten (jaehrlich), Summe 3.149 EUR
[2026-10-04 11:36:09]   Hole Kurs fuer UVV ...
[2026-10-04 11:36:09]     -> 4 Ausschuettung(en) in 12 Monaten (quartalsweise), Summe 3.29 USD
[2026-10-04 11:36:09]     -> keine Analystenabdeckung fuer UVV (Prognoseseite existiert nicht)
[2026-10-04 11:36:10]     -> Hinweis: geschaetzte Quote 96% weicht +340 Prozentpunkte vom echten Wert 435.91% ab - Automatik hat Vorrang.
[2026-10-04 11:36:10]   Hole Kurs fuer KMB ...
[2026-10-04 11:36:10]     -> 4 Ausschuettung(en) in 12 Monaten (quartalsweise), Summe 5.1 USD
[2026-10-04 11:36:10]   Hole Kurs fuer VOW3.DE ...
[2026-10-04 11:36:10]     -> 1 Ausschuettung(en) in 12 Monaten (jaehrlich), Summe 5.26 EUR
[2026-10-04 11:36:10]     -> Hinweis: hinterlegte Verschuldung 0.8 weicht vom berechneten Wert 1.39 ab - Automatik hat Vorrang.
[2026-10-04 11:36:10]     -> Hinweis: geschaetzte Quote 31.37% weicht +26 Prozentpunkte vom echten Wert 57.0% ab - Automatik hat Vorrang.
[2026-10-04 11:36:10]   Hole Kurs fuer 8960.T ...
[2026-10-04 11:36:11]     -> 2 Ausschuettung(en) in 12 Monaten (halbjaehrlich), Summe 8734.0 JPY
[2026-10-04 11:36:11]     -> Hinweis: hinterlegte Verschuldung 1.3 weicht vom berechneten Wert 0.88 ab - Automatik hat Vorrang.
[2026-10-04 11:36:11]   Hole Kurs fuer GD ...
[2026-10-04 11:36:11]     -> 4 Ausschuettung(en) in 12 Monaten (quartalsweise), Summe 6.18 USD
[2026-10-04 11:36:11]   Hole Kurs fuer HSBA.L ...
[2026-10-04 11:36:11]     -> 4 Ausschuettung(en) in 12 Monaten (quartalsweise), Summe 55.6718 GBp
[2026-10-04 11:36:11]   Hole Kurs fuer LEI.DE ...
[2026-10-04 11:36:12]     -> 1 Ausschuettung(en) in 12 Monaten (jaehrlich), Summe 1.2 EUR
[2026-10-04 11:36:12]   Hole Kurs fuer NG.L ...
[2026-10-04 11:36:12]     -> Hinweis: hinterlegte Dividende 0.52 weicht +9225% von den tatsaechlich gezahlten 48.49 ab - Automatik hat Vorrang.
[2026-10-04 11:36:12]     -> 2 Ausschuettung(en) in 12 Monaten (halbjaehrlich), Summe 48.49 GBp
[2026-10-04 11:36:12]   Hole Kurs fuer ET ...
[2026-10-04 11:36:12]     -> 4 Ausschuettung(en) in 12 Monaten (quartalsweise), Summe 1.346 USD
[2026-10-04 11:36:12]     -> Hinweis: geschaetzte Quote 60% weicht +32 Prozentpunkte vom echten Wert 92.11% ab - Automatik hat Vorrang.
[2026-10-04 11:36:13]   Hole Kurs fuer DOW ...
[2026-10-04 11:36:13]     -> 4 Ausschuettung(en) in 12 Monaten (quartalsweise), Summe 1.4 USD
[2026-10-04 11:36:13]     -> Hinweis: hinterlegte Verschuldung 0.8 weicht vom berechneten Wert 1.12 ab - Automatik hat Vorrang.
[2026-10-04 11:36:13]   Hole Kurs fuer GUHY.DE ...
[2026-10-04 11:36:13]     -> 2 Ausschuettung(en) in 12 Monaten (halbjaehrlich), Summe 2.693664 EUR
[2026-10-04 11:36:13]   Hole Kurs fuer ASWK.DE ...
[2026-10-04 11:36:13]     -> 11 Ausschuettung(en) in 12 Monaten (monatlich), Summe 4.961004 EUR [unvollstaendig]
[2026-10-04 11:36:14]   Hole Kurs fuer O ...
[2026-10-04 11:36:14]     -> 12 Ausschuettung(en) in 12 Monaten (monatlich), Summe 3.248 USD
[2026-10-04 11:36:14]     -> Hinweis: hinterlegte Verschuldung 1.3 weicht vom berechneten Wert 0.75 ab - Automatik hat Vorrang.
[2026-10-04 11:36:14]     -> Hinweis: geschaetzte Quote 75% weicht +162 Prozentpunkte vom echten Wert 237.14% ab - Automatik hat Vorrang.
[2026-10-04 11:36:14]   Hole Kurs fuer B7E.DE ...
[2026-10-04 11:36:14]     -> 1 Ausschuettung(en) in 12 Monaten (jaehrlich), Summe 1.6 EUR
[2026-10-04 11:36:14]     -> Hinweis: hinterlegte Verschuldung 0.8 weicht vom berechneten Wert 0.43 ab - Automatik hat Vorrang.
[2026-10-04 11:36:14]   Hole Kurs fuer AGS.BR ...
[2026-10-04 11:36:14]     -> 2 Ausschuettung(en) in 12 Monaten (halbjaehrlich), Summe 3.75 EUR
[2026-10-04 11:36:15]   Hole Kurs fuer DWNI.DE ...
[2026-10-04 11:36:15]     -> 1 Ausschuettung(en) in 12 Monaten (jaehrlich), Summe 0.04 EUR
[2026-10-04 11:36:15]     -> Hinweis: hinterlegte Verschuldung 1.3 weicht vom berechneten Wert 0.51 ab - Automatik hat Vorrang.
[2026-10-04 11:36:15]     -> Hinweis: geschaetzte Quote 46.17% weicht -45 Prozentpunkte vom echten Wert 1.06% ab - Automatik hat Vorrang.
[2026-10-04 11:36:15]   Hole Kurs fuer TRP ...
[2026-10-04 11:36:15]     -> 3 Ausschuettung(en) in 12 Monaten (quartalsweise), Summe 1.867 USD [unvollstaendig]
[2026-10-04 11:36:15]     -> Hinweis: hinterlegte Verschuldung 1.2 weicht vom berechneten Wert 1.7 ab - Automatik hat Vorrang.
[2026-10-04 11:36:15]   Hole Kurs fuer CLX ...
[2026-10-04 11:36:16]     -> 4 Ausschuettung(en) in 12 Monaten (quartalsweise), Summe 4.97 USD
[2026-10-04 11:36:16]   Hole Kurs fuer SHEL.L ...
[2026-10-04 11:36:16]     -> Hinweis: hinterlegte Dividende 0.86 weicht +13019% von den tatsaechlich gezahlten 112.819997 ab - Automatik hat Vorrang.
[2026-10-04 11:36:16]     -> 4 Ausschuettung(en) in 12 Monaten (quartalsweise), Summe 112.819997 GBp
[2026-10-04 11:36:16]   Hole Kurs fuer TROW ...
[2026-10-04 11:36:16]     -> 4 Ausschuettung(en) in 12 Monaten (quartalsweise), Summe 5.17 USD
[2026-10-04 11:36:17]   Hole Kurs fuer ECL ...
[2026-10-04 11:36:17]     -> Hinweis: hinterlegte Dividende 2.3 weicht +27% von den tatsaechlich gezahlten 2.92 ab - Automatik hat Vorrang.
[2026-10-04 11:36:17]     -> 4 Ausschuettung(en) in 12 Monaten (quartalsweise), Summe 2.92 USD
[2026-10-04 11:36:17]   Hole Kurs fuer CL ...
[2026-10-04 11:36:17]     -> 4 Ausschuettung(en) in 12 Monaten (quartalsweise), Summe 2.1 USD
[2026-10-04 11:36:17]   Hole Kurs fuer HABA.DE ...
[2026-10-04 11:36:17]     -> 1 Ausschuettung(en) in 12 Monaten (jaehrlich), Summe 0.39 EUR
[2026-10-04 11:36:17]     -> Hinweis: hinterlegte Verschuldung 1.3 weicht vom berechneten Wert 1.86 ab - Automatik hat Vorrang.
[2026-10-04 11:36:17]     -> Hinweis: geschaetzte Quote 200% weicht -145 Prozentpunkte vom echten Wert 55.22% ab - Automatik hat Vorrang.
[2026-10-04 11:36:18]   Hole Kurs fuer CB ...
[2026-10-04 11:36:18]     -> Hinweis: hinterlegte Dividende 3.8 weicht -21% von den tatsaechlich gezahlten 3.01 ab - Automatik hat Vorrang.
[2026-10-04 11:36:18]     -> 3 Ausschuettung(en) in 12 Monaten (quartalsweise), Summe 3.01 USD [unvollstaendig]
[2026-10-04 11:36:18]   Hole Kurs fuer VOD.L ...
[2026-10-04 11:36:18]     -> Hinweis: hinterlegte Dividende 0.09 weicht +4298% von den tatsaechlich gezahlten 3.958664 ab - Automatik hat Vorrang.
[2026-10-04 11:36:18]     -> 2 Ausschuettung(en) in 12 Monaten (halbjaehrlich), Summe 3.958664 GBp
[2026-10-04 11:36:18]   Hole Kurs fuer SO ...
[2026-10-04 11:36:19]     -> 4 Ausschuettung(en) in 12 Monaten (quartalsweise), Summe 3.0 USD
[2026-10-04 11:36:19]   Hole Kurs fuer OKE ...
[2026-10-04 11:36:19]     -> 4 Ausschuettung(en) in 12 Monaten (quartalsweise), Summe 4.24 USD
[2026-10-04 11:36:19]   Hole Kurs fuer SWED-A.ST ...
[2026-10-04 11:36:19]     -> 1 Ausschuettung(en) in 12 Monaten (jaehrlich), Summe 29.8 SEK
[2026-10-04 11:36:19]     -> Hinweis: geschaetzte Quote 55% weicht +52 Prozentpunkte vom echten Wert 107.26% ab - Automatik hat Vorrang.
[2026-10-04 11:36:20]   Hole Kurs fuer SYY ...
[2026-10-04 11:36:20]     -> 4 Ausschuettung(en) in 12 Monaten (quartalsweise), Summe 2.18 USD
[2026-10-04 11:36:20]   Hole Kurs fuer WPC ...
[2026-10-04 11:36:20]     -> 4 Ausschuettung(en) in 12 Monaten (quartalsweise), Summe 3.74 USD
[2026-10-04 11:36:20]     -> Hinweis: geschaetzte Quote 100% weicht +27 Prozentpunkte vom echten Wert 126.64% ab - Automatik hat Vorrang.
[2026-10-04 11:36:20]   Hole Kurs fuer SAN.PA ...
[2026-10-04 11:36:20]     -> 1 Ausschuettung(en) in 12 Monaten (jaehrlich), Summe 4.12 EUR
[2026-10-04 11:36:21]   Hole Kurs fuer MNG.L ...
[2026-10-04 11:36:21]     -> 2 Ausschuettung(en) in 12 Monaten (halbjaehrlich), Summe 20.599999 GBp
[2026-10-04 11:36:21]   Hole Kurs fuer ULVR.L ...
[2026-10-04 11:36:21]     -> Hinweis: hinterlegte Dividende 1.72 weicht +9492% von den tatsaechlich gezahlten 164.990002 ab - Automatik hat Vorrang.
[2026-10-04 11:36:21]     -> 4 Ausschuettung(en) in 12 Monaten (quartalsweise), Summe 164.990002 GBp
[2026-10-04 11:36:21]   Hole Kurs fuer NWX.DE ...
[2026-10-04 11:36:21]   Yahoo-Fehler bei NWX.DE: HTTP 404, Antwort-Anfang: b'{"chart":{"result":null,"error":{"code":"Not Found","description":"No data found, symbol may be delisted"}}}'
[2026-10-04 11:36:22]   Twelve Data (Kursverlauf)-Fehler (HTTP 404) bei time_series: b'{"code":404,"message":"**symbol** or **figi** parameter is missing or invalid. Please provide a valid symbol according to API documentation: https://t'
[2026-10-04 11:36:22]   Twelve Data (Kursverlauf) lieferte keine verwertbaren Daten fuer NWX:XETRA
[2026-10-04 11:37:02]   Stooq-Fehler bei nwx.de: <urlopen error timed out>
[2026-10-04 11:37:02]     -> kein Kurs erhalten (Yahoo/Twelve Data/Stooq scheiterten alle) - zeige NWX.DE trotzdem mit den Stammdaten, aber OHNE (veralteten) Kurs an.
[2026-10-04 11:37:02]     -> WARNUNG: weder Boersen-Ausschuettungen noch dividend_per_share verfuegbar - Rendite 6% ist ein EINGEFRORENER Startwert (Stand 2026-08), NICHT tagesaktuell.
[2026-10-04 11:37:02]     -> stockanalysis: HTTP 404 fuer NWX.DE (https://stockanalysis.com/quote/etr/NWX/statistics/)
[2026-10-04 11:37:02]     -> keine Analystenabdeckung fuer NWX.DE (Prognoseseite existiert nicht)
[2026-10-04 11:37:03]   Hole Kurs fuer IBE.MC ...
[2026-10-04 11:37:03]     -> 3 Ausschuettung(en) in 12 Monaten (quartalsweise), Summe 0.685 EUR [unvollstaendig]
[2026-10-04 11:37:03]   Hole Kurs fuer SJM ...
[2026-10-04 11:37:04]     -> 4 Ausschuettung(en) in 12 Monaten (quartalsweise), Summe 4.42 USD
[2026-10-04 11:37:04]   Hole Kurs fuer ROP ...
[2026-10-04 11:37:04]     -> Hinweis: hinterlegte Dividende 2.98 weicht +22% von den tatsaechlich gezahlten 3.64 ab - Automatik hat Vorrang.
[2026-10-04 11:37:04]     -> 4 Ausschuettung(en) in 12 Monaten (quartalsweise), Summe 3.64 USD
[2026-10-04 11:37:04]   Hole Kurs fuer ISP.MI ...
[2026-10-04 11:37:04]     -> 2 Ausschuettung(en) in 12 Monaten (halbjaehrlich), Summe 0.376 EUR
[2026-10-04 11:37:04]   Hole Kurs fuer IBCA.DE ...
[2026-10-04 11:37:05]     -> 2 Ausschuettung(en) in 12 Monaten (halbjaehrlich), Summe 3.024 EUR
[2026-10-04 11:37:05]   Hole Kurs fuer IBC2.DE ...
[2026-10-04 11:37:05]     -> 4 Ausschuettung(en) in 12 Monaten (halbjaehrlich), Summe 0.3018 EUR
[2026-10-04 11:37:05]   Hole Kurs fuer PG ...
[2026-10-04 11:37:05]     -> 4 Ausschuettung(en) in 12 Monaten (quartalsweise), Summe 4.292 USD
[2026-10-04 11:37:06]   Hole Kurs fuer GLEN.L ...
[2026-10-04 11:37:06]     -> 2 Ausschuettung(en) in 12 Monaten (halbjaehrlich), Summe 12.5647 GBp
[2026-10-04 11:37:06]   Hole Kurs fuer M44U.SI ...
[2026-10-04 11:37:06]     -> Hinweis: hinterlegte Dividende 0.32 weicht -77% von den tatsaechlich gezahlten 0.07266 ab - Automatik hat Vorrang.
[2026-10-04 11:37:06]     -> 4 Ausschuettung(en) in 12 Monaten (quartalsweise), Summe 0.07266 SGD
[2026-10-04 11:37:06]   Hole Kurs fuer ORA.PA ...
[2026-10-04 11:37:07]     -> 2 Ausschuettung(en) in 12 Monaten (halbjaehrlich), Summe 0.75 EUR
[2026-10-04 11:37:07]   Hole Kurs fuer CON.DE ...
[2026-10-04 11:37:07]     -> 1 Ausschuettung(en) in 12 Monaten (jaehrlich), Summe 2.7 EUR
[2026-10-04 11:37:07]     -> Hinweis: hinterlegte Verschuldung 0.8 weicht vom berechneten Wert 1.57 ab - Automatik hat Vorrang.
[2026-10-04 11:37:07]   Hole Kurs fuer SY7D.DE ...
[2026-10-04 11:37:07]     -> 12 Ausschuettung(en) in 12 Monaten (monatlich), Summe 1.655107 EUR
[2026-10-04 11:37:07]   Hole Kurs fuer EPR ...
[2026-10-04 11:37:08]     -> 12 Ausschuettung(en) in 12 Monaten (monatlich), Summe 3.645 USD
[2026-10-04 11:37:08]   Hole Kurs fuer LIN ...
[2026-10-04 11:37:08]     -> 4 Ausschuettung(en) in 12 Monaten (quartalsweise), Summe 6.3 USD
[2026-10-04 11:37:08]   Hole Kurs fuer XAT1.DE ...
[2026-10-04 11:37:08]     -> 4 Ausschuettung(en) in 12 Monaten (quartalsweise), Summe 0.9842 EUR
[2026-10-04 11:37:09]   Hole Kurs fuer HNR1.DE ...
[2026-10-04 11:37:09]     -> 1 Ausschuettung(en) in 12 Monaten (jaehrlich), Summe 12.5 EUR
[2026-10-04 11:37:09]   Hole Kurs fuer LGEN.L ...
[2026-10-04 11:37:09]     -> 2 Ausschuettung(en) in 12 Monaten (halbjaehrlich), Summe 21.91 GBp
[2026-10-04 11:37:09]     -> Hinweis: geschaetzte Quote 150% weicht -91 Prozentpunkte vom echten Wert 59.24% ab - Automatik hat Vorrang.
[2026-10-04 11:37:09]   Hole Kurs fuer DUK ...
[2026-10-04 11:37:09]     -> 4 Ausschuettung(en) in 12 Monaten (quartalsweise), Summe 4.28 USD
[2026-10-04 11:37:10]   Hole Kurs fuer KMI ...
[2026-10-04 11:37:10]     -> 4 Ausschuettung(en) in 12 Monaten (quartalsweise), Summe 1.182 USD
[2026-10-04 11:37:10]   Hole Kurs fuer 8150.T ...
[2026-10-04 11:37:10]     -> 2 Ausschuettung(en) in 12 Monaten (halbjaehrlich), Summe 190.0 JPY
[2026-10-04 11:37:10]     -> keine Analystenabdeckung fuer 8150.T (Prognoseseite existiert nicht)
[2026-10-04 11:37:11]     -> Hinweis: hinterlegte Verschuldung 0.8 weicht vom berechneten Wert 0.32 ab - Automatik hat Vorrang.
[2026-10-04 11:37:11]   Hole Kurs fuer DGE.L ...
[2026-10-04 11:37:11]     -> Hinweis: hinterlegte Dividende 0.825 weicht +7538% von den tatsaechlich gezahlten 63.0152 ab - Automatik hat Vorrang.
[2026-10-04 11:37:11]     -> 2 Ausschuettung(en) in 12 Monaten (halbjaehrlich), Summe 63.0152 GBp
[2026-10-04 11:37:11]   Hole Kurs fuer PFE ...
[2026-10-04 11:37:11]     -> 4 Ausschuettung(en) in 12 Monaten (quartalsweise), Summe 1.72 USD
[2026-10-04 11:37:11]     -> Hinweis: geschaetzte Quote 131% weicht +95 Prozentpunkte vom echten Wert 226.35% ab - Automatik hat Vorrang.
[2026-10-04 11:37:12]   Hole Kurs fuer KIM ...
[2026-10-04 11:37:12]     -> 4 Ausschuettung(en) in 12 Monaten (quartalsweise), Summe 1.06 USD
[2026-10-04 11:37:12]     -> Hinweis: hinterlegte Verschuldung 1.3 weicht vom berechneten Wert 0.85 ab - Automatik hat Vorrang.
[2026-10-04 11:37:12]   Hole Kurs fuer PBA ...
[2026-10-04 11:37:12]     -> 3 Ausschuettung(en) in 12 Monaten (quartalsweise), Summe 1.572 USD [unvollstaendig]
[2026-10-04 11:37:13]     -> keine Analystenabdeckung fuer PBA (Prognoseseite existiert nicht)
[2026-10-04 11:37:13]     -> Hinweis: hinterlegte Verschuldung 1.2 weicht vom berechneten Wert 0.81 ab - Automatik hat Vorrang.
[2026-10-04 11:37:13]   Hole Kurs fuer TGT ...
[2026-10-04 11:37:14]     -> 4 Ausschuettung(en) in 12 Monaten (quartalsweise), Summe 4.58 USD
[2026-10-04 11:37:14]   Hole Kurs fuer BIJ.DE ...
[2026-10-04 11:37:14]     -> 1 Ausschuettung(en) in 12 Monaten (jaehrlich), Summe 6.0 EUR
[2026-10-04 11:37:14]     -> keine Analystenabdeckung fuer BIJ.DE (Prognoseseite existiert nicht)
[2026-10-04 11:37:15]   Hole Kurs fuer ARCC ...
[2026-10-04 11:37:15]     -> 4 Ausschuettung(en) in 12 Monaten (quartalsweise), Summe 1.92 USD
[2026-10-04 11:37:15]   Hole Kurs fuer DOV ...
[2026-10-04 11:37:16]     -> 4 Ausschuettung(en) in 12 Monaten (quartalsweise), Summe 2.085 USD
[2026-10-04 11:37:16]   Hole Kurs fuer JGPI.DE ...
[2026-10-04 11:37:16]     -> 13 Ausschuettung(en) in 12 Monaten (monatlich), Summe 1.983044 EUR
[2026-10-04 11:37:16]   Hole Kurs fuer MAIN ...
[2026-10-04 11:37:16]     -> 16 Ausschuettung(en) in 12 Monaten (monatlich), Summe 4.32 USD
[2026-10-04 11:37:17]   Hole Kurs fuer JEIP.DE ...
[2026-10-04 11:37:17]     -> 12 Ausschuettung(en) in 12 Monaten (monatlich), Summe 1.572168 EUR
[2026-10-04 11:37:17]   Hole Kurs fuer BBSE3.SA ...
[2026-10-04 11:37:17]     -> 2 Ausschuettung(en) in 12 Monaten (halbjaehrlich), Summe 4.590092 BRL
[2026-10-04 11:37:17]     -> Hinweis: geschaetzte Quote 70% weicht +26 Prozentpunkte vom echten Wert 96.09% ab - Automatik hat Vorrang.
[2026-10-04 11:37:17]   Hole Kurs fuer PWO.DE ...
[2026-10-04 11:37:18]     -> 1 Ausschuettung(en) in 12 Monaten (jaehrlich), Summe 1.65 EUR
[2026-10-04 11:37:18]     -> Quote 190.96% / Verschuldung 0.65 via stockanalysis
[2026-10-04 11:37:18]     -> keine Analystenabdeckung fuer PWO.DE (Prognoseseite existiert nicht)
[2026-10-04 11:37:19]   Hole Kurs fuer STAG ...
[2026-10-04 11:37:19]     -> 6 Ausschuettung(en) in 12 Monaten (monatlich), Summe 1.536 USD [unvollstaendig]
[2026-10-04 11:37:19]   Hole Kurs fuer NTGY.MC ...
[2026-10-04 11:37:20]     -> Hinweis: hinterlegte Dividende 1.4 weicht +26% von den tatsaechlich gezahlten 1.77 ab - Automatik hat Vorrang.
[2026-10-04 11:37:20]     -> 3 Ausschuettung(en) in 12 Monaten (halbjaehrlich), Summe 1.77 EUR
[2026-10-04 11:37:20]   Hole Kurs fuer PBR ...
[2026-10-04 11:37:20]     -> 3 Ausschuettung(en) in 12 Monaten (quartalsweise), Summe 0.797 USD [unvollstaendig]
[2026-10-04 11:37:20]     -> Hinweis: hinterlegte Verschuldung 1.2 weicht vom berechneten Wert 0.76 ab - Automatik hat Vorrang.
[2026-10-04 11:37:21]   Hole Kurs fuer MCD ...
[2026-10-04 11:37:21]     -> 4 Ausschuettung(en) in 12 Monaten (quartalsweise), Summe 7.44 USD
[2026-10-04 11:37:21]   Hole Kurs fuer XY7D.DE ...
[2026-10-04 11:37:21]     -> 13 Ausschuettung(en) in 12 Monaten (monatlich), Summe 1.528404 EUR
[2026-10-04 11:37:22]   Hole Kurs fuer LEG.DE ...
[2026-10-04 11:37:22]     -> 1 Ausschuettung(en) in 12 Monaten (jaehrlich), Summe 2.92 EUR
[2026-10-04 11:37:22]   Hole Kurs fuer ELE.MC ...
[2026-10-04 11:37:22]     -> 2 Ausschuettung(en) in 12 Monaten (halbjaehrlich), Summe 1.584 EUR
[2026-10-04 11:37:22]     -> Hinweis: geschaetzte Quote 75% weicht -23 Prozentpunkte vom echten Wert 52.49% ab - Automatik hat Vorrang.
[2026-10-04 11:37:23]   Hole Kurs fuer YYYY.DE ...
[2026-10-04 11:37:23]     -> 12 Ausschuettung(en) in 12 Monaten (monatlich), Summe 9.529651 EUR
[2026-10-04 11:37:23]   Hole Kurs fuer BBAS3.SA ...
[2026-10-04 11:37:23]     -> 6 Ausschuettung(en) in 12 Monaten (quartalsweise), Summe 0.654951 BRL
[2026-10-04 11:37:23]   Hole Kurs fuer NLY ...
[2026-10-04 11:37:24]     -> 4 Ausschuettung(en) in 12 Monaten (quartalsweise), Summe 2.9 USD
[2026-10-04 11:37:24]     -> Hinweis: hinterlegte Verschuldung 1.3 weicht vom berechneten Wert 7.38 ab - Automatik hat Vorrang.
[2026-10-04 11:37:24]   Hole Kurs fuer MUV2.DE ...
[2026-10-04 11:37:24]     -> 1 Ausschuettung(en) in 12 Monaten (jaehrlich), Summe 24.0 EUR
[2026-10-04 11:37:24]   Hole Kurs fuer MFC ...
[2026-10-04 11:37:25]     -> 3 Ausschuettung(en) in 12 Monaten (quartalsweise), Summe 1.058 USD [unvollstaendig]
[2026-10-04 11:37:25]     -> keine Analystenabdeckung fuer MFC (Prognoseseite existiert nicht)
[2026-10-04 11:37:25]   Hole Kurs fuer ABT ...
[2026-10-04 11:37:26]     -> 4 Ausschuettung(en) in 12 Monaten (quartalsweise), Summe 2.48 USD
[2026-10-04 11:37:26]   Hole Kurs fuer BATS.L ...
[2026-10-04 11:37:26]     -> Hinweis: hinterlegte Dividende 2.36 weicht +10232% von den tatsaechlich gezahlten 243.840006 ab - Automatik hat Vorrang.
[2026-10-04 11:37:26]     -> 4 Ausschuettung(en) in 12 Monaten (quartalsweise), Summe 243.840006 GBp
[2026-10-04 11:37:26]   Hole Kurs fuer GPC ...
[2026-10-04 11:37:27]     -> 4 Ausschuettung(en) in 12 Monaten (quartalsweise), Summe 4.219 USD
[2026-10-04 11:37:27]   Hole Kurs fuer UDHY.DE ...
[2026-10-04 11:37:27]     -> 2 Ausschuettung(en) in 12 Monaten (halbjaehrlich), Summe 0.142216 EUR
[2026-10-04 11:37:27]   Hole Kurs fuer ISPA.DE ...
[2026-10-04 11:37:28]     -> 4 Ausschuettung(en) in 12 Monaten (quartalsweise), Summe 1.524521 EUR
[2026-10-04 11:37:28]   Hole Kurs fuer DX ...
[2026-10-04 11:37:28]     -> 12 Ausschuettung(en) in 12 Monaten (monatlich), Summe 2.04 USD
[2026-10-04 11:37:28]   Hole Kurs fuer FNTN.DE ...
[2026-10-04 11:37:29]     -> 1 Ausschuettung(en) in 12 Monaten (jaehrlich), Summe 2.07 EUR
[2026-10-04 11:37:29]   Hole Kurs fuer PEP ...
[2026-10-04 11:37:29]     -> 4 Ausschuettung(en) in 12 Monaten (quartalsweise), Summe 5.806 USD
[2026-10-04 11:37:29]   Hole Kurs fuer SPGI ...
[2026-10-04 11:37:30]     -> 4 Ausschuettung(en) in 12 Monaten (quartalsweise), Summe 3.713615 USD
[2026-10-04 11:37:30]   Hole Kurs fuer 8963.T ...
[2026-10-04 11:37:30]     -> 2 Ausschuettung(en) in 12 Monaten (halbjaehrlich), Summe 4116.0 JPY
[2026-10-04 11:37:30]     -> Hinweis: hinterlegte Verschuldung 1.3 weicht vom berechneten Wert 0.99 ab - Automatik hat Vorrang.
[2026-10-04 11:37:30]   Hole Kurs fuer IMB.L ...
[2026-10-04 11:37:31]     -> Hinweis: hinterlegte Dividende 1.6 weicht +10120% von den tatsaechlich gezahlten 163.519996 ab - Automatik hat Vorrang.
[2026-10-04 11:37:31]     -> 4 Ausschuettung(en) in 12 Monaten (quartalsweise), Summe 163.519996 GBp
[2026-10-04 11:37:31]   Hole Kurs fuer WMT ...
[2026-10-04 11:37:31]     -> 4 Ausschuettung(en) in 12 Monaten (quartalsweise), Summe 0.979 USD
[2026-10-04 11:37:31]   Hole Kurs fuer CCI ...
[2026-10-04 11:37:32]     -> 4 Ausschuettung(en) in 12 Monaten (quartalsweise), Summe 4.252 USD
[2026-10-04 11:37:32]   Hole Kurs fuer 035250.KS ...
[2026-10-04 11:37:32]     -> 1 Ausschuettung(en) in 12 Monaten (jaehrlich), Summe 950.0 KRW
[2026-10-04 11:37:32]     -> Hinweis: hinterlegte Verschuldung 0.8 weicht vom berechneten Wert 0.01 ab - Automatik hat Vorrang.
[2026-10-04 11:37:32]   Hole Kurs fuer ME8U.SI ...
[2026-10-04 11:37:32]     -> Hinweis: hinterlegte Dividende 0.54 weicht -77% von den tatsaechlich gezahlten 0.1255 ab - Automatik hat Vorrang.
[2026-10-04 11:37:32]     -> 4 Ausschuettung(en) in 12 Monaten (quartalsweise), Summe 0.1255 SGD
[2026-10-04 11:37:33]   Hole Kurs fuer 8395.T ...
[2026-10-04 11:37:33]     -> 2 Ausschuettung(en) in 12 Monaten (halbjaehrlich), Summe 115.0 JPY
[2026-10-04 11:37:33]     -> stockanalysis: weder Quote noch Verschuldung fuer 8395.T gefunden (Seite erreichbar, Layout evtl. geaendert)
[2026-10-04 11:37:34]     -> keine Analystenabdeckung fuer 8395.T (Prognoseseite existiert nicht)
[2026-10-04 11:37:34]   Hole Kurs fuer QDVQ.DE ...
[2026-10-04 11:37:35]     -> 4 Ausschuettung(en) in 12 Monaten (halbjaehrlich), Summe 0.332901 EUR
[2026-10-04 11:37:35]   Hole Kurs fuer NUE ...
[2026-10-04 11:37:35]     -> 4 Ausschuettung(en) in 12 Monaten (quartalsweise), Summe 2.24 USD
[2026-10-04 11:37:35]   Hole Kurs fuer SRG.MI ...
[2026-10-04 11:37:36]     -> 2 Ausschuettung(en) in 12 Monaten (halbjaehrlich), Summe 0.3021 EUR
[2026-10-04 11:37:36]     -> Hinweis: hinterlegte Verschuldung 1.2 weicht vom berechneten Wert 2.34 ab - Automatik hat Vorrang.
[2026-10-04 11:37:36]   Hole Kurs fuer CS.PA ...
[2026-10-04 11:37:36]     -> 1 Ausschuettung(en) in 12 Monaten (jaehrlich), Summe 2.32 EUR
[2026-10-04 11:37:36]   Hole Kurs fuer WCH.DE ...
[2026-10-04 11:37:37]     -> 0 Ausschuettung(en) in 12 Monaten (jaehrlich), Summe None EUR [unvollstaendig]
[2026-10-04 11:37:37]     -> WARNUNG: weder Boersen-Ausschuettungen noch dividend_per_share verfuegbar - Rendite 2.6% ist ein EINGEFRORENER Startwert (Stand 2026-08), NICHT tagesaktuell.
[2026-10-04 11:37:37]   Hole Kurs fuer 5401.T ...
[2026-10-04 11:37:37]     -> 2 Ausschuettung(en) in 12 Monaten (halbjaehrlich), Summe 24.0 JPY
[2026-10-04 11:37:37]   Hole Kurs fuer PPG ...
[2026-10-04 11:37:38]     -> 4 Ausschuettung(en) in 12 Monaten (quartalsweise), Summe 2.87 USD
[2026-10-04 11:37:38]   Hole Kurs fuer 11ZN.MU ...
[2026-10-04 11:37:38]     -> 12 Ausschuettung(en) in 12 Monaten (monatlich), Summe 1.517333 EUR
[2026-10-04 11:37:38]     -> keine stockanalysis-Adresse fuer ETF 11ZN.MU
[2026-10-04 11:37:38]   Hole Kurs fuer UEFS.DE ...
[2026-10-04 11:37:39]     -> 2 Ausschuettung(en) in 12 Monaten (halbjaehrlich), Summe 0.536458 EUR
[2026-10-04 11:37:39]   Hole Kurs fuer HAW.DE ...
[2026-10-04 11:37:39]     -> 1 Ausschuettung(en) in 12 Monaten (jaehrlich), Summe 1.0 EUR
[2026-10-04 11:37:39]     -> keine Analystenabdeckung fuer HAW.DE (Prognoseseite existiert nicht)
[2026-10-04 11:37:40]     -> Hinweis: hinterlegte Verschuldung 0.8 weicht vom berechneten Wert 1.57 ab - Automatik hat Vorrang.
[2026-10-04 11:37:40]   Hole Kurs fuer BP.L ...
[2026-10-04 11:37:40]     -> Hinweis: hinterlegte Dividende 0.32 weicht +7730% von den tatsaechlich gezahlten 25.055699 ab - Automatik hat Vorrang.
[2026-10-04 11:37:40]     -> 4 Ausschuettung(en) in 12 Monaten (quartalsweise), Summe 25.055699 GBp
[2026-10-04 11:37:40]   Hole Kurs fuer JNJ ...
[2026-10-04 11:37:41]     -> 4 Ausschuettung(en) in 12 Monaten (quartalsweise), Summe 5.28 USD
[2026-10-04 11:37:41] Anreicherung (News/Analysten-Grades) fuer 30 Top-Kandidaten + Depot (von 115 qualifizierten) ...
[2026-10-04 11:37:41]   FMP-Fehler (HTTP 402) bei news/stock: b'Restricted Endpoint: This endpoint is not available under your current subscription please visit our subscription page to upgrade your plan at https:/'
[2026-10-04 11:37:41]   Finnhub (News)-Fehler (HTTP 403) bei company-news: b'{"error":"You don\'t have access to this resource."}'
[2026-10-04 11:37:41]   FMP-Fehler (HTTP 402) bei grades: b"Premium Query Parameter: 'Special Endpoint : This value set for 'symbol' is not available under your current subscription please visit our subscriptio"
[2026-10-04 11:37:42]   Finnhub (Empfehlungen)-Fehler (HTTP 403) bei stock/recommendation: b'{"error":"You don\'t have access to this resource."}'
[2026-10-04 11:37:42]   FMP-Fehler (HTTP 402) bei news/stock: b'Restricted Endpoint: This endpoint is not available under your current subscription please visit our subscription page to upgrade your plan at https:/'
[2026-10-04 11:37:42]   Finnhub (News)-Fehler (HTTP 403) bei company-news: b'{"error":"You don\'t have access to this resource."}'
[2026-10-04 11:37:42]   FMP-Fehler (HTTP 402) bei grades: b"Premium Query Parameter: 'Special Endpoint : This value set for 'symbol' is not available under your current subscription please visit our subscriptio"
[2026-10-04 11:37:42]   Finnhub (Empfehlungen)-Fehler (HTTP 403) bei stock/recommendation: b'{"error":"You don\'t have access to this resource."}'
[2026-10-04 11:37:43]   FMP-Fehler (HTTP 402) bei news/stock: b'Restricted Endpoint: This endpoint is not available under your current subscription please visit our subscription page to upgrade your plan at https:/'
[2026-10-04 11:37:43]   Finnhub (News)-Fehler (HTTP 403) bei company-news: b'{"error":"You don\'t have access to this resource."}'
[2026-10-04 11:37:43]   FMP-Fehler (HTTP 402) bei grades: b"Premium Query Parameter: 'Special Endpoint : This value set for 'symbol' is not available under your current subscription please visit our subscriptio"
[2026-10-04 11:37:43]   Finnhub (Empfehlungen)-Fehler (HTTP 403) bei stock/recommendation: b'{"error":"You don\'t have access to this resource."}'
[2026-10-04 11:37:43]   FMP-Fehler (HTTP 402) bei news/stock: b'Restricted Endpoint: This endpoint is not available under your current subscription please visit our subscription page to upgrade your plan at https:/'
[2026-10-04 11:37:43]   Finnhub (News)-Fehler (HTTP 403) bei company-news: b'{"error":"You don\'t have access to this resource."}'
[2026-10-04 11:37:44]   FMP-Fehler (HTTP 402) bei grades: b"Premium Query Parameter: 'Special Endpoint : This value set for 'symbol' is not available under your current subscription please visit our subscriptio"
[2026-10-04 11:37:44]   Finnhub (Empfehlungen)-Fehler (HTTP 403) bei stock/recommendation: b'{"error":"You don\'t have access to this resource."}'
[2026-10-04 11:37:44]   FMP-Fehler (HTTP 402) bei news/stock: b'Restricted Endpoint: This endpoint is not available under your current subscription please visit our subscription page to upgrade your plan at https:/'
[2026-10-04 11:37:44]   Finnhub (News)-Fehler (HTTP 403) bei company-news: b'{"error":"You don\'t have access to this resource."}'
[2026-10-04 11:37:44]   FMP-Fehler (HTTP 402) bei grades: b"Premium Query Parameter: 'Special Endpoint : This value set for 'symbol' is not available under your current subscription please visit our subscriptio"
[2026-10-04 11:37:44]   Finnhub (Empfehlungen)-Fehler (HTTP 403) bei stock/recommendation: b'{"error":"You don\'t have access to this resource."}'
[2026-10-04 11:37:45]   FMP-Fehler (HTTP 402) bei news/stock: b'Restricted Endpoint: This endpoint is not available under your current subscription please visit our subscription page to upgrade your plan at https:/'
[2026-10-04 11:37:45]   Finnhub (News)-Fehler (HTTP 403) bei company-news: b'{"error":"You don\'t have access to this resource."}'
[2026-10-04 11:37:45]   FMP-Fehler (HTTP 402) bei grades: b"Premium Query Parameter: 'Special Endpoint : This value set for 'symbol' is not available under your current subscription please visit our subscriptio"
[2026-10-04 11:37:45]   Finnhub (Empfehlungen)-Fehler (HTTP 403) bei stock/recommendation: b'{"error":"You don\'t have access to this resource."}'
[2026-10-04 11:37:46]   FMP-Fehler (HTTP 402) bei news/stock: b'Restricted Endpoint: This endpoint is not available under your current subscription please visit our subscription page to upgrade your plan at https:/'
[2026-10-04 11:37:46]   Finnhub (News)-Fehler (HTTP 403) bei company-news: b'{"error":"You don\'t have access to this resource."}'
[2026-10-04 11:37:46]   FMP-Fehler (HTTP 402) bei grades: b"Premium Query Parameter: 'Special Endpoint : This value set for 'symbol' is not available under your current subscription please visit our subscriptio"
[2026-10-04 11:37:46]   Finnhub (Empfehlungen)-Fehler (HTTP 403) bei stock/recommendation: b'{"error":"You don\'t have access to this resource."}'
[2026-10-04 11:37:46]   FMP-Fehler (HTTP 402) bei news/stock: b'Restricted Endpoint: This endpoint is not available under your current subscription please visit our subscription page to upgrade your plan at https:/'
[2026-10-04 11:37:47]   Finnhub (News)-Fehler (HTTP 403) bei company-news: b'{"error":"You don\'t have access to this resource."}'
[2026-10-04 11:37:47]   FMP-Fehler (HTTP 402) bei grades: b"Premium Query Parameter: 'Special Endpoint : This value set for 'symbol' is not available under your current subscription please visit our subscriptio"
[2026-10-04 11:37:47]   Finnhub (Empfehlungen)-Fehler (HTTP 403) bei stock/recommendation: b'{"error":"You don\'t have access to this resource."}'
[2026-10-04 11:37:47]   FMP-Fehler (HTTP 402) bei news/stock: b'Restricted Endpoint: This endpoint is not available under your current subscription please visit our subscription page to upgrade your plan at https:/'
[2026-10-04 11:37:47]   Finnhub (News)-Fehler (HTTP 403) bei company-news: b'{"error":"You don\'t have access to this resource."}'
[2026-10-04 11:37:47]   FMP-Fehler (HTTP 402) bei grades: b"Premium Query Parameter: 'Special Endpoint : This value set for 'symbol' is not available under your current subscription please visit our subscriptio"
[2026-10-04 11:37:47]   Finnhub (Empfehlungen)-Fehler (HTTP 403) bei stock/recommendation: b'{"error":"You don\'t have access to this resource."}'
[2026-10-04 11:37:48]   FMP-Fehler (HTTP 402) bei news/stock: b'Restricted Endpoint: This endpoint is not available under your current subscription please visit our subscription page to upgrade your plan at https:/'
[2026-10-04 11:37:48]   Finnhub (News)-Fehler (HTTP 403) bei company-news: b'{"error":"You don\'t have access to this resource."}'
[2026-10-04 11:37:48]   FMP-Fehler (HTTP 402) bei grades: b"Premium Query Parameter: 'Special Endpoint : This value set for 'symbol' is not available under your current subscription please visit our subscriptio"
[2026-10-04 11:37:48]   Finnhub (Empfehlungen)-Fehler (HTTP 403) bei stock/recommendation: b'{"error":"You don\'t have access to this resource."}'
[2026-10-04 11:37:48]   FMP-Fehler (HTTP 402) bei news/stock: b'Restricted Endpoint: This endpoint is not available under your current subscription please visit our subscription page to upgrade your plan at https:/'
[2026-10-04 11:37:49]   Finnhub (News)-Fehler (HTTP 403) bei company-news: b'{"error":"You don\'t have access to this resource."}'
[2026-10-04 11:37:49]   FMP-Fehler (HTTP 402) bei grades: b"Premium Query Parameter: 'Special Endpoint : This value set for 'symbol' is not available under your current subscription please visit our subscriptio"
[2026-10-04 11:37:49]   Finnhub (Empfehlungen)-Fehler (HTTP 403) bei stock/recommendation: b'{"error":"You don\'t have access to this resource."}'
[2026-10-04 11:37:49]   FMP-Fehler (HTTP 402) bei news/stock: b'Restricted Endpoint: This endpoint is not available under your current subscription please visit our subscription page to upgrade your plan at https:/'
[2026-10-04 11:37:49]     -> News via Finnhub ergaenzt
[2026-10-04 11:37:49]   FMP-Fehler (HTTP 402) bei grades: b"Premium Query Parameter: 'Special Endpoint : This value set for 'symbol' is not available under your current subscription please visit our subscriptio"
[2026-10-04 11:37:49]     -> Analysten-Konsens via Finnhub ergaenzt
[2026-10-04 11:37:50]   FMP-Fehler (HTTP 402) bei news/stock: b'Restricted Endpoint: This endpoint is not available under your current subscription please visit our subscription page to upgrade your plan at https:/'
[2026-10-04 11:37:50]   Finnhub (News)-Fehler (HTTP 403) bei company-news: b'{"error":"You don\'t have access to this resource."}'
[2026-10-04 11:37:50]   FMP-Fehler (HTTP 402) bei grades: b"Premium Query Parameter: 'Special Endpoint : This value set for 'symbol' is not available under your current subscription please visit our subscriptio"
[2026-10-04 11:37:50]   Finnhub (Empfehlungen)-Fehler (HTTP 403) bei stock/recommendation: b'{"error":"You don\'t have access to this resource."}'
[2026-10-04 11:37:50]   FMP-Fehler (HTTP 402) bei news/stock: b'Restricted Endpoint: This endpoint is not available under your current subscription please visit our subscription page to upgrade your plan at https:/'
[2026-10-04 11:37:51]   Finnhub (News)-Fehler (HTTP 403) bei company-news: b'{"error":"You don\'t have access to this resource."}'
[2026-10-04 11:37:51]   FMP-Fehler (HTTP 402) bei grades: b"Premium Query Parameter: 'Special Endpoint : This value set for 'symbol' is not available under your current subscription please visit our subscriptio"
[2026-10-04 11:37:51]   Finnhub (Empfehlungen)-Fehler (HTTP 403) bei stock/recommendation: b'{"error":"You don\'t have access to this resource."}'
[2026-10-04 11:37:51]   FMP-Fehler (HTTP 402) bei news/stock: b'Restricted Endpoint: This endpoint is not available under your current subscription please visit our subscription page to upgrade your plan at https:/'
[2026-10-04 11:37:51]   Finnhub (News)-Fehler (HTTP 403) bei company-news: b'{"error":"You don\'t have access to this resource."}'
[2026-10-04 11:37:51]   FMP-Fehler (HTTP 402) bei grades: b"Premium Query Parameter: 'Special Endpoint : This value set for 'symbol' is not available under your current subscription please visit our subscriptio"
[2026-10-04 11:37:51]   Finnhub (Empfehlungen)-Fehler (HTTP 403) bei stock/recommendation: b'{"error":"You don\'t have access to this resource."}'
[2026-10-04 11:37:52]   FMP-Fehler (HTTP 402) bei news/stock: b'Restricted Endpoint: This endpoint is not available under your current subscription please visit our subscription page to upgrade your plan at https:/'
[2026-10-04 11:37:52]   Finnhub (News)-Fehler (HTTP 403) bei company-news: b'{"error":"You don\'t have access to this resource."}'
[2026-10-04 11:37:52]   FMP-Fehler (HTTP 402) bei grades: b"Premium Query Parameter: 'Special Endpoint : This value set for 'symbol' is not available under your current subscription please visit our subscriptio"
[2026-10-04 11:37:52]   Finnhub (Empfehlungen)-Fehler (HTTP 403) bei stock/recommendation: b'{"error":"You don\'t have access to this resource."}'
[2026-10-04 11:37:53]   FMP-Fehler (HTTP 402) bei news/stock: b'Restricted Endpoint: This endpoint is not available under your current subscription please visit our subscription page to upgrade your plan at https:/'
[2026-10-04 11:37:53]     -> News via Finnhub ergaenzt
[2026-10-04 11:37:53]   FMP-Fehler (HTTP 402) bei grades: b"Premium Query Parameter: 'Special Endpoint : This value set for 'symbol' is not available under your current subscription please visit our subscriptio"
[2026-10-04 11:37:53]     -> Analysten-Konsens via Finnhub ergaenzt
[2026-10-04 11:37:53]   FMP-Fehler (HTTP 402) bei news/stock: b'Restricted Endpoint: This endpoint is not available under your current subscription please visit our subscription page to upgrade your plan at https:/'
[2026-10-04 11:37:53]     -> News via Finnhub ergaenzt
[2026-10-04 11:37:54]   FMP-Fehler (HTTP 402) bei grades: b"Premium Query Parameter: 'Special Endpoint : This value set for 'symbol' is not available under your current subscription please visit our subscriptio"
[2026-10-04 11:37:54]     -> Analysten-Konsens via Finnhub ergaenzt
[2026-10-04 11:37:54]   FMP-Fehler (HTTP 402) bei news/stock: b'Restricted Endpoint: This endpoint is not available under your current subscription please visit our subscription page to upgrade your plan at https:/'
[2026-10-04 11:37:54]   Finnhub (News)-Fehler (HTTP 403) bei company-news: b'{"error":"You don\'t have access to this resource."}'
[2026-10-04 11:37:54]   FMP-Fehler (HTTP 402) bei grades: b"Premium Query Parameter: 'Special Endpoint : This value set for 'symbol' is not available under your current subscription please visit our subscriptio"
[2026-10-04 11:37:55]   Finnhub (Empfehlungen)-Fehler (HTTP 403) bei stock/recommendation: b'{"error":"You don\'t have access to this resource."}'
[2026-10-04 11:37:55]   FMP-Fehler (HTTP 402) bei news/stock: b'Restricted Endpoint: This endpoint is not available under your current subscription please visit our subscription page to upgrade your plan at https:/'
[2026-10-04 11:37:55]   Finnhub (News)-Fehler (HTTP 403) bei company-news: b'{"error":"You don\'t have access to this resource."}'
[2026-10-04 11:37:55]   FMP-Fehler (HTTP 402) bei grades: b"Premium Query Parameter: 'Special Endpoint : This value set for 'symbol' is not available under your current subscription please visit our subscriptio"
[2026-10-04 11:37:55]   Finnhub (Empfehlungen)-Fehler (HTTP 403) bei stock/recommendation: b'{"error":"You don\'t have access to this resource."}'
[2026-10-04 11:37:56]   FMP-Fehler (HTTP 402) bei news/stock: b'Restricted Endpoint: This endpoint is not available under your current subscription please visit our subscription page to upgrade your plan at https:/'
[2026-10-04 11:37:56]     -> News via Finnhub ergaenzt
[2026-10-04 11:37:56]   FMP-Fehler (HTTP 402) bei grades: b"Premium Query Parameter: 'Special Endpoint : This value set for 'symbol' is not available under your current subscription please visit our subscriptio"
[2026-10-04 11:37:56]     -> Analysten-Konsens via Finnhub ergaenzt
[2026-10-04 11:37:56]   FMP-Fehler (HTTP 402) bei news/stock: b'Restricted Endpoint: This endpoint is not available under your current subscription please visit our subscription page to upgrade your plan at https:/'
[2026-10-04 11:37:56]   Finnhub (News)-Fehler (HTTP 403) bei company-news: b'{"error":"You don\'t have access to this resource."}'
[2026-10-04 11:37:56]   FMP-Fehler (HTTP 402) bei grades: b"Premium Query Parameter: 'Special Endpoint : This value set for 'symbol' is not available under your current subscription please visit our subscriptio"
[2026-10-04 11:37:57]   Finnhub (Empfehlungen)-Fehler (HTTP 403) bei stock/recommendation: b'{"error":"You don\'t have access to this resource."}'
[2026-10-04 11:37:57]   FMP-Fehler (HTTP 402) bei news/stock: b'Restricted Endpoint: This endpoint is not available under your current subscription please visit our subscription page to upgrade your plan at https:/'
[2026-10-04 11:37:57]   Finnhub (News)-Fehler (HTTP 403) bei company-news: b'{"error":"You don\'t have access to this resource."}'
[2026-10-04 11:37:57]   FMP-Fehler (HTTP 402) bei grades: b"Premium Query Parameter: 'Special Endpoint : This value set for 'symbol' is not available under your current subscription please visit our subscriptio"
[2026-10-04 11:37:57]   Finnhub (Empfehlungen)-Fehler (HTTP 403) bei stock/recommendation: b'{"error":"You don\'t have access to this resource."}'
[2026-10-04 11:37:58]   FMP-Fehler (HTTP 402) bei news/stock: b'Restricted Endpoint: This endpoint is not available under your current subscription please visit our subscription page to upgrade your plan at https:/'
[2026-10-04 11:37:58]   Finnhub (News)-Fehler (HTTP 403) bei company-news: b'{"error":"You don\'t have access to this resource."}'
[2026-10-04 11:37:58]   FMP-Fehler (HTTP 402) bei grades: b"Premium Query Parameter: 'Special Endpoint : This value set for 'symbol' is not available under your current subscription please visit our subscriptio"
[2026-10-04 11:37:58]   Finnhub (Empfehlungen)-Fehler (HTTP 403) bei stock/recommendation: b'{"error":"You don\'t have access to this resource."}'
[2026-10-04 11:37:58]   FMP-Fehler (HTTP 402) bei news/stock: b'Restricted Endpoint: This endpoint is not available under your current subscription please visit our subscription page to upgrade your plan at https:/'
[2026-10-04 11:37:58]   Finnhub (News)-Fehler (HTTP 403) bei company-news: b'{"error":"You don\'t have access to this resource."}'
[2026-10-04 11:37:58]   FMP-Fehler (HTTP 402) bei grades: b"Premium Query Parameter: 'Special Endpoint : This value set for 'symbol' is not available under your current subscription please visit our subscriptio"
[2026-10-04 11:37:59]   Finnhub (Empfehlungen)-Fehler (HTTP 403) bei stock/recommendation: b'{"error":"You don\'t have access to this resource."}'
[2026-10-04 11:37:59]   FMP-Fehler (HTTP 402) bei news/stock: b'Restricted Endpoint: This endpoint is not available under your current subscription please visit our subscription page to upgrade your plan at https:/'
[2026-10-04 11:37:59]     -> News via Finnhub ergaenzt
[2026-10-04 11:37:59]   FMP-Fehler (HTTP 402) bei grades: b"Premium Query Parameter: 'Special Endpoint : This value set for 'symbol' is not available under your current subscription please visit our subscriptio"
[2026-10-04 11:37:59]     -> Analysten-Konsens via Finnhub ergaenzt
[2026-10-04 11:38:00]   FMP-Fehler (HTTP 402) bei news/stock: b'Restricted Endpoint: This endpoint is not available under your current subscription please visit our subscription page to upgrade your plan at https:/'
[2026-10-04 11:38:00]   Finnhub (News)-Fehler (HTTP 403) bei company-news: b'{"error":"You don\'t have access to this resource."}'
[2026-10-04 11:38:00]   FMP-Fehler (HTTP 402) bei grades: b"Premium Query Parameter: 'Special Endpoint : This value set for 'symbol' is not available under your current subscription please visit our subscriptio"
[2026-10-04 11:38:00]   Finnhub (Empfehlungen)-Fehler (HTTP 403) bei stock/recommendation: b'{"error":"You don\'t have access to this resource."}'
[2026-10-04 11:38:00]   FMP-Fehler (HTTP 402) bei news/stock: b'Restricted Endpoint: This endpoint is not available under your current subscription please visit our subscription page to upgrade your plan at https:/'
[2026-10-04 11:38:00]   Finnhub (News)-Fehler (HTTP 403) bei company-news: b'{"error":"You don\'t have access to this resource."}'
[2026-10-04 11:38:01]   FMP-Fehler (HTTP 402) bei grades: b"Premium Query Parameter: 'Special Endpoint : This value set for 'symbol' is not available under your current subscription please visit our subscriptio"
[2026-10-04 11:38:01]   Finnhub (Empfehlungen)-Fehler (HTTP 403) bei stock/recommendation: b'{"error":"You don\'t have access to this resource."}'
[2026-10-04 11:38:01]   FMP-Fehler (HTTP 402) bei news/stock: b'Restricted Endpoint: This endpoint is not available under your current subscription please visit our subscription page to upgrade your plan at https:/'
[2026-10-04 11:38:01]   Finnhub (News)-Fehler (HTTP 403) bei company-news: b'{"error":"You don\'t have access to this resource."}'
[2026-10-04 11:38:01]   FMP-Fehler (HTTP 402) bei grades: b"Premium Query Parameter: 'Special Endpoint : This value set for 'symbol' is not available under your current subscription please visit our subscriptio"
[2026-10-04 11:38:01]   Finnhub (Empfehlungen)-Fehler (HTTP 403) bei stock/recommendation: b'{"error":"You don\'t have access to this resource."}'
[2026-10-04 11:38:02]   FMP-Fehler (HTTP 402) bei news/stock: b'Restricted Endpoint: This endpoint is not available under your current subscription please visit our subscription page to upgrade your plan at https:/'
[2026-10-04 11:38:02]   Finnhub (News)-Fehler (HTTP 403) bei company-news: b'{"error":"You don\'t have access to this resource."}'
[2026-10-04 11:38:02]   FMP-Fehler (HTTP 402) bei grades: b"Premium Query Parameter: 'Special Endpoint : This value set for 'symbol' is not available under your current subscription please visit our subscriptio"
[2026-10-04 11:38:02]   Finnhub (Empfehlungen)-Fehler (HTTP 403) bei stock/recommendation: b'{"error":"You don\'t have access to this resource."}'
[2026-10-04 11:38:02] Alle Titel ohne Fehler verarbeitet.
[2026-10-04 11:38:02] Fertig. Bericht aktualisiert: /home/runner/work/dividendenatlas/dividendenatlas/dividendenatlas.html
[2026-10-05 13:10:02] my_depot.json existierte nicht - Beispiel-Datei angelegt unter /home/runner/work/dividendenatlas/dividendenatlas/my_depot.json
[2026-10-05 13:10:02] Hole Kurse fuer 221 Ticker (0 im Depot, 221 in stammdaten.json) ...
[2026-10-05 13:10:02]   Live-Wechselkurse geholt: {'EUR': 1.0, 'USD': 0.890869, 'GBP': 1.176014, 'CHF': 1.077702, 'JPY': 0.00565, 'HKD': 0.113528, 'SGD': 0.696088, 'KRW': 0.000661, 'BRL': 0.170619}
[2026-10-05 13:10:02] Kennzahlen auffrischen: 35 Titel ueber stockanalysis (Ausschuettungsquote + Verschuldung, ein Abruf je Titel).
[2026-10-05 13:10:02] Davon 32 ETFs - fuer 1 werden Kostenquote, Fondsgroesse, Sektor- und Laendergewichte geholt.
[2026-10-05 13:10:02] Analysteneinstufungen auffrischen: 16 Titel (Konsens, Kursziel und die 12-Monats-Historie).
[2026-10-05 13:10:02]   Hole Kurs fuer DEQ.DE ...
[2026-10-05 13:10:02]     -> 1 Ausschuettung(en) in 12 Monaten (jaehrlich), Summe 1.0 EUR
[2026-10-05 13:10:02]     -> Hinweis: hinterlegte Verschuldung 1.3 weicht vom berechneten Wert 0.97 ab - Automatik hat Vorrang.
[2026-10-05 13:10:02]     -> Hinweis: geschaetzte Quote 69.25% weicht +58 Prozentpunkte vom echten Wert 127.72% ab - Automatik hat Vorrang.
[2026-10-05 13:10:03]   Hole Kurs fuer CS.PA ...
[2026-10-05 13:10:03]     -> 1 Ausschuettung(en) in 12 Monaten (jaehrlich), Summe 2.32 EUR
[2026-10-05 13:10:05]   Leeway.tech-Fehler (HTTP 404) bei fundamentals/CS.XPAR: b'{"msg":"Fundamentals for code and exchange not found"}'
[2026-10-05 13:10:05]   Leeway lieferte keine verwertbare Antwort fuer CS.XPAR
[2026-10-05 13:10:05]   Hole Kurs fuer AFL ...
[2026-10-05 13:10:05]     -> 4 Ausschuettung(en) in 12 Monaten (quartalsweise), Summe 2.41 USD
[2026-10-05 13:10:05]   Hole Kurs fuer DOV ...
[2026-10-05 13:10:06]     -> 4 Ausschuettung(en) in 12 Monaten (quartalsweise), Summe 2.085 USD
[2026-10-05 13:10:06]   Hole Kurs fuer EC ...
[2026-10-05 13:10:06]     -> 1 Ausschuettung(en) in 12 Monaten (halbjaehrlich), Summe 0.661 USD [unvollstaendig]
[2026-10-05 13:10:06]   Hole Kurs fuer MO ...
[2026-10-05 13:10:07]     -> 4 Ausschuettung(en) in 12 Monaten (quartalsweise), Summe 4.29 USD
[2026-10-05 13:10:07]     -> Hinweis: geschaetzte Quote 78% weicht +16 Prozentpunkte vom echten Wert 93.55% ab - Automatik hat Vorrang.
[2026-10-05 13:10:07]   Hole Kurs fuer PFE ...
[2026-10-05 13:10:07]     -> 4 Ausschuettung(en) in 12 Monaten (quartalsweise), Summe 1.72 USD
[2026-10-05 13:10:07]     -> Hinweis: geschaetzte Quote 131% weicht +95 Prozentpunkte vom echten Wert 226.35% ab - Automatik hat Vorrang.
[2026-10-05 13:10:07]   Hole Kurs fuer BBAS3.SA ...
[2026-10-05 13:10:08]     -> 6 Ausschuettung(en) in 12 Monaten (quartalsweise), Summe 0.654951 BRL
[2026-10-05 13:10:08]   Hole Kurs fuer EN.PA ...
[2026-10-05 13:10:08]     -> 1 Ausschuettung(en) in 12 Monaten (jaehrlich), Summe 2.1 EUR
[2026-10-05 13:10:09]   Leeway.tech-Fehler (HTTP 404) bei fundamentals/EN.XPAR: b'{"msg":"Fundamentals for code and exchange not found"}'
[2026-10-05 13:10:09]   Leeway lieferte keine verwertbare Antwort fuer EN.XPAR
[2026-10-05 13:10:09]     -> Hinweis: geschaetzte Quote 45% weicht +20 Prozentpunkte vom echten Wert 64.7% ab - Automatik hat Vorrang.
[2026-10-05 13:10:09]   Hole Kurs fuer NG.L ...
[2026-10-05 13:10:09]     -> Hinweis: hinterlegte Dividende 0.52 weicht +9225% von den tatsaechlich gezahlten 48.49 ab - Automatik hat Vorrang.
[2026-10-05 13:10:09]     -> 2 Ausschuettung(en) in 12 Monaten (halbjaehrlich), Summe 48.49 GBp
[2026-10-05 13:10:10]   Leeway.tech-Fehler (HTTP 404) bei fundamentals/NG.XLON: b'{"msg":"Fundamentals for code and exchange not found"}'
[2026-10-05 13:10:10]   Leeway lieferte keine verwertbare Antwort fuer NG.XLON
[2026-10-05 13:10:10]   Hole Kurs fuer PBA ...
[2026-10-05 13:10:10]     -> 3 Ausschuettung(en) in 12 Monaten (quartalsweise), Summe 1.572 USD [unvollstaendig]
[2026-10-05 13:10:10]     -> keine Analystenabdeckung fuer PBA (Prognoseseite existiert nicht)
[2026-10-05 13:10:11]     -> Hinweis: hinterlegte Verschuldung 1.2 weicht vom berechneten Wert 0.81 ab - Automatik hat Vorrang.
[2026-10-05 13:10:11]   Hole Kurs fuer NUE ...
[2026-10-05 13:10:11]     -> 4 Ausschuettung(en) in 12 Monaten (quartalsweise), Summe 2.24 USD
[2026-10-05 13:10:11]   Hole Kurs fuer WPC ...
[2026-10-05 13:10:12]     -> 4 Ausschuettung(en) in 12 Monaten (quartalsweise), Summe 3.74 USD
[2026-10-05 13:10:12]     -> Hinweis: geschaetzte Quote 100% weicht +27 Prozentpunkte vom echten Wert 126.64% ab - Automatik hat Vorrang.
[2026-10-05 13:10:12]   Hole Kurs fuer DGE.L ...
[2026-10-05 13:10:12]     -> Hinweis: hinterlegte Dividende 0.825 weicht +7542% von den tatsaechlich gezahlten 63.0466 ab - Automatik hat Vorrang.
[2026-10-05 13:10:12]     -> 2 Ausschuettung(en) in 12 Monaten (halbjaehrlich), Summe 63.0466 GBp
[2026-10-05 13:10:13]   Leeway.tech-Fehler (HTTP 404) bei fundamentals/DGE.XLON: b'{"msg":"Fundamentals for code and exchange not found"}'
[2026-10-05 13:10:13]   Leeway lieferte keine verwertbare Antwort fuer DGE.XLON
[2026-10-05 13:10:13]   Hole Kurs fuer GUHY.DE ...
[2026-10-05 13:10:13]     -> 2 Ausschuettung(en) in 12 Monaten (halbjaehrlich), Summe 2.693664 EUR
[2026-10-05 13:10:14]   Leeway.tech-Fehler (HTTP 404) bei fundamentals/GUHY.XETRA: b'{"msg":"Fundamentals for code and exchange not found"}'
[2026-10-05 13:10:14]   Leeway lieferte keine verwertbare Antwort fuer GUHY.XETRA
[2026-10-05 13:10:14]   Hole Kurs fuer PPG ...
[2026-10-05 13:10:14]     -> 4 Ausschuettung(en) in 12 Monaten (quartalsweise), Summe 2.87 USD
[2026-10-05 13:10:15]   Hole Kurs fuer SHW ...
[2026-10-05 13:10:15]     -> 4 Ausschuettung(en) in 12 Monaten (quartalsweise), Summe 3.19 USD
[2026-10-05 13:10:15]   Hole Kurs fuer VNA.DE ...
[2026-10-05 13:10:15]     -> 1 Ausschuettung(en) in 12 Monaten (jaehrlich), Summe 1.25 EUR
[2026-10-05 13:10:15]     -> Hinweis: geschaetzte Quote 51.42% weicht -24 Prozentpunkte vom echten Wert 27.42% ab - Automatik hat Vorrang.
[2026-10-05 13:10:15]   Hole Kurs fuer DTG.DE ...
[2026-10-05 13:10:16]     -> 1 Ausschuettung(en) in 12 Monaten (jaehrlich), Summe 1.9 EUR
[2026-10-05 13:10:16]     -> Hinweis: hinterlegte Verschuldung 0.8 weicht vom berechneten Wert 1.27 ab - Automatik hat Vorrang.
[2026-10-05 13:10:16]     -> Hinweis: geschaetzte Quote 100% weicht -43 Prozentpunkte vom echten Wert 56.87% ab - Automatik hat Vorrang.
[2026-10-05 13:10:16]   Hole Kurs fuer PBR ...
[2026-10-05 13:10:16]     -> 3 Ausschuettung(en) in 12 Monaten (quartalsweise), Summe 0.797 USD [unvollstaendig]
[2026-10-05 13:10:16]     -> Hinweis: hinterlegte Verschuldung 1.2 weicht vom berechneten Wert 0.76 ab - Automatik hat Vorrang.
[2026-10-05 13:10:16]   Hole Kurs fuer 5938.T ...
[2026-10-05 13:10:16]     -> 2 Ausschuettung(en) in 12 Monaten (halbjaehrlich), Summe 90.0 JPY
[2026-10-05 13:10:17]   Leeway.tech-Fehler (HTTP 404) bei fundamentals/5938.XTKS: b'{"msg":"Fundamentals for code and exchange not found"}'
[2026-10-05 13:10:17]   Leeway lieferte keine verwertbare Antwort fuer 5938.XTKS
[2026-10-05 13:10:17]     -> Hinweis: geschaetzte Quote 35% weicht +432 Prozentpunkte vom echten Wert 466.55% ab - Automatik hat Vorrang.
[2026-10-05 13:10:17]   Hole Kurs fuer ABBV ...
[2026-10-05 13:10:17]     -> 4 Ausschuettung(en) in 12 Monaten (quartalsweise), Summe 6.83 USD
[2026-10-05 13:10:18]   Hole Kurs fuer BP.L ...
[2026-10-05 13:10:18]     -> Hinweis: hinterlegte Dividende 0.32 weicht +7730% von den tatsaechlich gezahlten 25.055699 ab - Automatik hat Vorrang.
[2026-10-05 13:10:18]     -> 4 Ausschuettung(en) in 12 Monaten (quartalsweise), Summe 25.055699 GBp
[2026-10-05 13:10:19]   Leeway.tech-Fehler (HTTP 404) bei fundamentals/BP.XLON: b'{"msg":"Fundamentals for code and exchange not found"}'
[2026-10-05 13:10:19]   Leeway lieferte keine verwertbare Antwort fuer BP.XLON
[2026-10-05 13:10:19]   Hole Kurs fuer MMM ...
[2026-10-05 13:10:19]     -> 4 Ausschuettung(en) in 12 Monaten (quartalsweise), Summe 3.07 USD
[2026-10-05 13:10:20]   Hole Kurs fuer 1833.T ...
[2026-10-05 13:10:20]     -> 2 Ausschuettung(en) in 12 Monaten (halbjaehrlich), Summe 337.0 JPY
[2026-10-05 13:10:20]     -> keine Analystenabdeckung fuer 1833.T (Prognoseseite existiert nicht)
[2026-10-05 13:10:21]   Leeway.tech-Fehler (HTTP 404) bei fundamentals/1833.XTKS: b'{"msg":"Fundamentals for code and exchange not found"}'
[2026-10-05 13:10:21]   Leeway lieferte keine verwertbare Antwort fuer 1833.XTKS
[2026-10-05 13:10:21]     -> Hinweis: hinterlegte Verschuldung 0.8 weicht vom berechneten Wert 0.35 ab - Automatik hat Vorrang.
[2026-10-05 13:10:21]   Hole Kurs fuer ENEL.MI ...
[2026-10-05 13:10:22]     -> 2 Ausschuettung(en) in 12 Monaten (halbjaehrlich), Summe 0.49 EUR
[2026-10-05 13:10:22]   Leeway.tech-Fehler (HTTP 404) bei fundamentals/ENEL.XMIL: b'{"msg":"Fundamentals for code and exchange not found"}'
[2026-10-05 13:10:22]   Leeway lieferte keine verwertbare Antwort fuer ENEL.XMIL
[2026-10-05 13:10:22]   Hole Kurs fuer SAN.PA ...
[2026-10-05 13:10:22]     -> 1 Ausschuettung(en) in 12 Monaten (jaehrlich), Summe 4.12 EUR
[2026-10-05 13:10:23]   Leeway.tech-Fehler (HTTP 404) bei fundamentals/SAN.XPAR: b'{"msg":"Fundamentals for code and exchange not found"}'
[2026-10-05 13:10:23]   Leeway lieferte keine verwertbare Antwort fuer SAN.XPAR
[2026-10-05 13:10:23]   Hole Kurs fuer 8150.T ...
[2026-10-05 13:10:24]     -> 2 Ausschuettung(en) in 12 Monaten (halbjaehrlich), Summe 190.0 JPY
[2026-10-05 13:10:24]     -> keine Analystenabdeckung fuer 8150.T (Prognoseseite existiert nicht)
[2026-10-05 13:10:25]   Leeway.tech-Fehler (HTTP 404) bei fundamentals/8150.XTKS: b'{"msg":"Fundamentals for code and exchange not found"}'
[2026-10-05 13:10:25]   Leeway lieferte keine verwertbare Antwort fuer 8150.XTKS
[2026-10-05 13:10:25]     -> Hinweis: hinterlegte Verschuldung 0.8 weicht vom berechneten Wert 0.32 ab - Automatik hat Vorrang.
[2026-10-05 13:10:25]   Hole Kurs fuer BCE ...
[2026-10-05 13:10:25]     -> 4 Ausschuettung(en) in 12 Monaten (quartalsweise), Summe 1.262 USD
[2026-10-05 13:10:25]     -> Hinweis: hinterlegte Verschuldung 0.8 weicht vom berechneten Wert 1.73 ab - Automatik hat Vorrang.
[2026-10-05 13:10:26]   Hole Kurs fuer CTAS ...
[2026-10-05 13:10:26]     -> Hinweis: hinterlegte Dividende 6.2 weicht -70% von den tatsaechlich gezahlten 1.87 ab - Automatik hat Vorrang.
[2026-10-05 13:10:26]     -> 4 Ausschuettung(en) in 12 Monaten (quartalsweise), Summe 1.87 USD
[2026-10-05 13:10:26]   Hole Kurs fuer IMB.L ...
[2026-10-05 13:10:26]     -> Hinweis: hinterlegte Dividende 1.6 weicht +10120% von den tatsaechlich gezahlten 163.519996 ab - Automatik hat Vorrang.
[2026-10-05 13:10:26]     -> 4 Ausschuettung(en) in 12 Monaten (quartalsweise), Summe 163.519996 GBp
[2026-10-05 13:10:27]   Leeway.tech-Fehler (HTTP 404) bei fundamentals/IMB.XLON: b'{"msg":"Fundamentals for code and exchange not found"}'
[2026-10-05 13:10:27]   Leeway lieferte keine verwertbare Antwort fuer IMB.XLON
[2026-10-05 13:10:27]   Hole Kurs fuer LTC ...
[2026-10-05 13:10:27]     -> 12 Ausschuettung(en) in 12 Monaten (monatlich), Summe 2.28 USD
[2026-10-05 13:10:27]     -> Hinweis: hinterlegte Verschuldung 1.3 weicht vom berechneten Wert 0.58 ab - Automatik hat Vorrang.
[2026-10-05 13:10:28]   Hole Kurs fuer MDT ...
[2026-10-05 13:10:28]     -> 4 Ausschuettung(en) in 12 Monaten (quartalsweise), Summe 2.86 USD
[2026-10-05 13:10:28]   Hole Kurs fuer CL ...
[2026-10-05 13:10:28]     -> 4 Ausschuettung(en) in 12 Monaten (quartalsweise), Summe 2.1 USD
[2026-10-05 13:10:28]   Hole Kurs fuer IBC2.DE ...
[2026-10-05 13:10:29]     -> 4 Ausschuettung(en) in 12 Monaten (halbjaehrlich), Summe 0.3018 EUR
[2026-10-05 13:10:29]   Leeway: keine Ausschuettungsquote fuer IBC2.XETRA (vorhandene Abschnitte: ETF_Data, General, Technicals)
[2026-10-05 13:10:29]   Hole Kurs fuer SPGI ...
[2026-10-05 13:10:30]     -> 4 Ausschuettung(en) in 12 Monaten (quartalsweise), Summe 3.713615 USD
[2026-10-05 13:10:30]   Hole Kurs fuer ME8U.SI ...
[2026-10-05 13:10:30]     -> Hinweis: hinterlegte Dividende 0.54 weicht -77% von den tatsaechlich gezahlten 0.1255 ab - Automatik hat Vorrang.
[2026-10-05 13:10:30]     -> 4 Ausschuettung(en) in 12 Monaten (quartalsweise), Summe 0.1255 SGD
[2026-10-05 13:10:31]   Leeway.tech-Fehler (HTTP 404) bei fundamentals/ME8U.XSES: b'{"msg":"Fundamentals for code and exchange not found"}'
[2026-10-05 13:10:31]   Leeway lieferte keine verwertbare Antwort fuer ME8U.XSES
[2026-10-05 13:10:31]   Hole Kurs fuer EMR ...
[2026-10-05 13:10:31]     -> 4 Ausschuettung(en) in 12 Monaten (quartalsweise), Summe 2.22 USD
[2026-10-05 13:10:31]   Hole Kurs fuer HSBA.L ...
[2026-10-05 13:10:32]     -> 4 Ausschuettung(en) in 12 Monaten (quartalsweise), Summe 55.6718 GBp
[2026-10-05 13:10:32]   Hole Kurs fuer LOW ...
[2026-10-05 13:10:32]     -> 4 Ausschuettung(en) in 12 Monaten (quartalsweise), Summe 4.85 USD
[2026-10-05 13:10:32]   Hole Kurs fuer MAIN ...
[2026-10-05 13:10:32]     -> 16 Ausschuettung(en) in 12 Monaten (monatlich), Summe 4.32 USD
[2026-10-05 13:10:33]   Hole Kurs fuer PM ...
[2026-10-05 13:10:33]     -> 4 Ausschuettung(en) in 12 Monaten (quartalsweise), Summe 6.01 USD
[2026-10-05 13:10:33]   Hole Kurs fuer TROW ...
[2026-10-05 13:10:33]     -> 4 Ausschuettung(en) in 12 Monaten (quartalsweise), Summe 5.17 USD
[2026-10-05 13:10:34]   Hole Kurs fuer SIX2.DE ...
[2026-10-05 13:10:34]     -> 1 Ausschuettung(en) in 12 Monaten (jaehrlich), Summe 3.2 EUR
[2026-10-05 13:10:34]     -> Hinweis: hinterlegte Verschuldung 0.8 weicht vom berechneten Wert 2.12 ab - Automatik hat Vorrang.
[2026-10-05 13:10:34]   Hole Kurs fuer BDX ...
[2026-10-05 13:10:34]     -> 4 Ausschuettung(en) in 12 Monaten (quartalsweise), Summe 3.975472 USD
[2026-10-05 13:10:34]   Hole Kurs fuer IS3K.DE ...
[2026-10-05 13:10:35]     -> 4 Ausschuettung(en) in 12 Monaten (halbjaehrlich), Summe 6.238143 EUR
[2026-10-05 13:10:36]   Leeway: keine Ausschuettungsquote fuer IS3K.XETRA (vorhandene Abschnitte: ETF_Data, General, Technicals)
[2026-10-05 13:10:36]   Hole Kurs fuer BATS.L ...
[2026-10-05 13:10:36]     -> Hinweis: hinterlegte Dividende 2.36 weicht +10232% von den tatsaechlich gezahlten 243.840006 ab - Automatik hat Vorrang.
[2026-10-05 13:10:36]     -> 4 Ausschuettung(en) in 12 Monaten (quartalsweise), Summe 243.840006 GBp
[2026-10-05 13:10:37]   Leeway.tech-Fehler (HTTP 404) bei fundamentals/BATS.XLON: b'{"msg":"Fundamentals for code and exchange not found"}'
[2026-10-05 13:10:37]   Leeway lieferte keine verwertbare Antwort fuer BATS.XLON
[2026-10-05 13:10:37]   Hole Kurs fuer M44U.SI ...
[2026-10-05 13:10:37]     -> Hinweis: hinterlegte Dividende 0.32 weicht -77% von den tatsaechlich gezahlten 0.07266 ab - Automatik hat Vorrang.
[2026-10-05 13:10:37]     -> 4 Ausschuettung(en) in 12 Monaten (quartalsweise), Summe 0.07266 SGD
[2026-10-05 13:10:38]   Leeway.tech-Fehler (HTTP 404) bei fundamentals/M44U.XSES: b'{"msg":"Fundamentals for code and exchange not found"}'
[2026-10-05 13:10:38]   Leeway lieferte keine verwertbare Antwort fuer M44U.XSES
[2026-10-05 13:10:38]   Hole Kurs fuer BCH ...
[2026-10-05 13:10:38]     -> 1 Ausschuettung(en) in 12 Monaten (jaehrlich), Summe 2.183 USD
[2026-10-05 13:10:38]   Hole Kurs fuer JST.DE ...
[2026-10-05 13:10:39]     -> 1 Ausschuettung(en) in 12 Monaten (jaehrlich), Summe 1.5 EUR
[2026-10-05 13:10:40]     -> Ausschuettungsquote 33.6% via Leeway
[2026-10-05 13:10:40]     -> isin, market_cap via Leeway.tech ergaenzt
[2026-10-05 13:10:40]   Hole Kurs fuer TIGR.DE ...
[2026-10-05 13:10:40]     -> 2 Ausschuettung(en) in 12 Monaten (halbjaehrlich), Summe 0.39894 EUR
[2026-10-05 13:10:41]   Leeway: keine Ausschuettungsquote fuer TIGR.XETRA (vorhandene Abschnitte: ETF_Data, General, Technicals)
[2026-10-05 13:10:41]   Hole Kurs fuer 11ZN.MU ...
[2026-10-05 13:10:41]     -> 12 Ausschuettung(en) in 12 Monaten (monatlich), Summe 1.517333 EUR
[2026-10-05 13:10:41]     -> keine stockanalysis-Adresse fuer ETF 11ZN.MU
[2026-10-05 13:10:42]   Hole Kurs fuer QYLE.DE ...
[2026-10-05 13:10:42]     -> 11 Ausschuettung(en) in 12 Monaten (monatlich), Summe 1.562642 EUR [unvollstaendig]
[2026-10-05 13:10:42]   Leeway: keine Ausschuettungsquote fuer QYLE.XETRA (vorhandene Abschnitte: ETF_Data, General, Technicals)
[2026-10-05 13:10:43]   Hole Kurs fuer WCP.TO ...
[2026-10-05 13:10:43]     -> 12 Ausschuettung(en) in 12 Monaten (monatlich), Summe 0.732 CAD
[2026-10-05 13:10:43]     -> Hinweis: hinterlegte Verschuldung 1.2 weicht vom berechneten Wert 0.24 ab - Automatik hat Vorrang.
[2026-10-05 13:10:43]   Hole Kurs fuer SDF.DE ...
[2026-10-05 13:10:43]     -> 1 Ausschuettung(en) in 12 Monaten (jaehrlich), Summe 0.07 EUR
[2026-10-05 13:10:43]   Hole Kurs fuer CPFE3.SA ...
[2026-10-05 13:10:44]     -> 1 Ausschuettung(en) in 12 Monaten (jaehrlich), Summe 3.731536 BRL
[2026-10-05 13:10:44]     -> Hinweis: hinterlegte Verschuldung 1.2 weicht vom berechneten Wert 1.55 ab - Automatik hat Vorrang.
[2026-10-05 13:10:44]     -> Hinweis: geschaetzte Quote 65% weicht -25 Prozentpunkte vom echten Wert 39.97% ab - Automatik hat Vorrang.
[2026-10-05 13:10:44]   Hole Kurs fuer SWED-A.ST ...
[2026-10-05 13:10:44]     -> 1 Ausschuettung(en) in 12 Monaten (jaehrlich), Summe 29.8 SEK
[2026-10-05 13:10:44]     -> Hinweis: geschaetzte Quote 55% weicht +52 Prozentpunkte vom echten Wert 107.26% ab - Automatik hat Vorrang.
[2026-10-05 13:10:44]   Hole Kurs fuer TTE.PA ...
[2026-10-05 13:10:45]     -> 4 Ausschuettung(en) in 12 Monaten (quartalsweise), Summe 3.45 EUR
[2026-10-05 13:10:45]     -> Hinweis: hinterlegte Verschuldung 1.2 weicht vom berechneten Wert 0.48 ab - Automatik hat Vorrang.
[2026-10-05 13:10:45]     -> Hinweis: geschaetzte Quote 70.14% weicht -20 Prozentpunkte vom echten Wert 50.09% ab - Automatik hat Vorrang.
[2026-10-05 13:10:45]   Hole Kurs fuer ADM ...
[2026-10-05 13:10:45]     -> 4 Ausschuettung(en) in 12 Monaten (quartalsweise), Summe 2.07 USD
[2026-10-05 13:10:45]   Hole Kurs fuer KEY ...
[2026-10-05 13:10:45]     -> 4 Ausschuettung(en) in 12 Monaten (quartalsweise), Summe 0.82 USD
[2026-10-05 13:10:46]   Hole Kurs fuer BAS.DE ...
[2026-10-05 13:10:46]     -> Hinweis: hinterlegte Dividende 3.4 weicht -34% von den tatsaechlich gezahlten 2.25 ab - Automatik hat Vorrang.
[2026-10-05 13:10:46]     -> 1 Ausschuettung(en) in 12 Monaten (jaehrlich), Summe 2.25 EUR
[2026-10-05 13:10:46]   Hole Kurs fuer UCG.MI ...
[2026-10-05 13:10:46]     -> 2 Ausschuettung(en) in 12 Monaten (jaehrlich), Summe 3.149 EUR
[2026-10-05 13:10:46]   Hole Kurs fuer NWX.DE ...
[2026-10-05 13:10:47]   Yahoo-Fehler bei NWX.DE: HTTP 404, Antwort-Anfang: b'{"chart":{"result":null,"error":{"code":"Not Found","description":"No data found, symbol may be delisted"}}}'
[2026-10-05 13:10:47]   Twelve Data (Kursverlauf)-Fehler (HTTP 404) bei time_series: b'{"code":404,"message":"**symbol** or **figi** parameter is missing or invalid. Please provide a valid symbol according to API documentation: https://t'
[2026-10-05 13:10:47]   Twelve Data (Kursverlauf) lieferte keine verwertbaren Daten fuer NWX:XETRA
[2026-10-05 13:10:47]   Stooq lieferte keine verwertbaren Kursdaten fuer nwx.de (HTTP 200), Antwort-Anfang: '<!DOCTYPE html><html><head><meta charset="utf-8"><meta name="robots" content="noindex,nofollow"></head><body><noscript>This site requires JavaScript t'
[2026-10-05 13:10:47]     -> kein Kurs erhalten (Yahoo/Twelve Data/Stooq scheiterten alle) - zeige NWX.DE trotzdem mit den Stammdaten, aber OHNE (veralteten) Kurs an.
[2026-10-05 13:10:47]     -> WARNUNG: weder Boersen-Ausschuettungen noch dividend_per_share verfuegbar - Rendite 6% ist ein EINGEFRORENER Startwert (Stand 2026-08), NICHT tagesaktuell.
[2026-10-05 13:10:47]     -> stockanalysis: HTTP 404 fuer NWX.DE (https://stockanalysis.com/quote/etr/NWX/statistics/)
[2026-10-05 13:10:48]     -> keine Analystenabdeckung fuer NWX.DE (Prognoseseite existiert nicht)
[2026-10-05 13:10:49]   Hole Kurs fuer WMT ...
[2026-10-05 13:10:50]     -> 4 Ausschuettung(en) in 12 Monaten (quartalsweise), Summe 0.979 USD
[2026-10-05 13:10:50]   Hole Kurs fuer 7177.T ...
[2026-10-05 13:10:50]     -> 4 Ausschuettung(en) in 12 Monaten (quartalsweise), Summe 51.07 JPY
[2026-10-05 13:10:50]     -> keine Analystenabdeckung fuer 7177.T (Prognoseseite existiert nicht)
[2026-10-05 13:10:51]   Hole Kurs fuer 004990.KS ...
[2026-10-05 13:10:51]     -> 1 Ausschuettung(en) in 12 Monaten (jaehrlich), Summe 1250.0 KRW
[2026-10-05 13:10:51]   Hole Kurs fuer ASWK.DE ...
[2026-10-05 13:10:52]     -> 11 Ausschuettung(en) in 12 Monaten (monatlich), Summe 4.961004 EUR [unvollstaendig]
[2026-10-05 13:10:52]   Hole Kurs fuer SJM ...
[2026-10-05 13:10:52]     -> 4 Ausschuettung(en) in 12 Monaten (quartalsweise), Summe 4.42 USD
[2026-10-05 13:10:52]   Hole Kurs fuer DOW ...
[2026-10-05 13:10:53]     -> 4 Ausschuettung(en) in 12 Monaten (quartalsweise), Summe 1.4 USD
[2026-10-05 13:10:53]     -> Hinweis: hinterlegte Verschuldung 0.8 weicht vom berechneten Wert 1.12 ab - Automatik hat Vorrang.
[2026-10-05 13:10:53]   Hole Kurs fuer SAX.DE ...
[2026-10-05 13:10:53]     -> 1 Ausschuettung(en) in 12 Monaten (jaehrlich), Summe 1.85 EUR
[2026-10-05 13:10:53]     -> Hinweis: hinterlegte Verschuldung 0.8 weicht vom berechneten Wert 4.71 ab - Automatik hat Vorrang.
[2026-10-05 13:10:53]   Hole Kurs fuer KMB ...
[2026-10-05 13:10:53]     -> 4 Ausschuettung(en) in 12 Monaten (quartalsweise), Summe 5.1 USD
[2026-10-05 13:10:54]   Hole Kurs fuer TRN.MI ...
[2026-10-05 13:10:54]     -> 2 Ausschuettung(en) in 12 Monaten (halbjaehrlich), Summe 0.3962 EUR
[2026-10-05 13:10:54]     -> Hinweis: hinterlegte Verschuldung 1.2 weicht vom berechneten Wert 1.72 ab - Automatik hat Vorrang.
[2026-10-05 13:10:54]   Hole Kurs fuer DUK ...
[2026-10-05 13:10:54]     -> 4 Ausschuettung(en) in 12 Monaten (quartalsweise), Summe 4.28 USD
[2026-10-05 13:10:54]   Hole Kurs fuer LIN ...
[2026-10-05 13:10:55]     -> 4 Ausschuettung(en) in 12 Monaten (quartalsweise), Summe 6.3 USD
[2026-10-05 13:10:55]   Hole Kurs fuer UEFS.DE ...
[2026-10-05 13:10:55]     -> 2 Ausschuettung(en) in 12 Monaten (halbjaehrlich), Summe 0.536458 EUR
[2026-10-05 13:10:55]   Hole Kurs fuer AGNC ...
[2026-10-05 13:10:55]     -> 12 Ausschuettung(en) in 12 Monaten (monatlich), Summe 1.44 USD
[2026-10-05 13:10:56]   Hole Kurs fuer EVK.DE ...
[2026-10-05 13:10:56]     -> 1 Ausschuettung(en) in 12 Monaten (jaehrlich), Summe 1.0 EUR
[2026-10-05 13:10:56]     -> Hinweis: geschaetzte Quote 180% weicht +205 Prozentpunkte vom echten Wert 385.12% ab - Automatik hat Vorrang.
[2026-10-05 13:10:56]   Hole Kurs fuer 36B1.DE ...
[2026-10-05 13:10:56]     -> 4 Ausschuettung(en) in 12 Monaten (halbjaehrlich), Summe 0.270085 EUR
[2026-10-05 13:10:57]   Hole Kurs fuer VOW3.DE ...
[2026-10-05 13:10:57]     -> 1 Ausschuettung(en) in 12 Monaten (jaehrlich), Summe 5.26 EUR
[2026-10-05 13:10:57]     -> Hinweis: hinterlegte Verschuldung 0.8 weicht vom berechneten Wert 1.39 ab - Automatik hat Vorrang.
[2026-10-05 13:10:57]     -> Hinweis: geschaetzte Quote 31.37% weicht +26 Prozentpunkte vom echten Wert 57.0% ab - Automatik hat Vorrang.
[2026-10-05 13:10:57]   Hole Kurs fuer GWW ...
[2026-10-05 13:10:57]     -> 4 Ausschuettung(en) in 12 Monaten (quartalsweise), Summe 9.5 USD
[2026-10-05 13:10:57]   Hole Kurs fuer NLY ...
[2026-10-05 13:10:58]     -> 4 Ausschuettung(en) in 12 Monaten (quartalsweise), Summe 2.9 USD
[2026-10-05 13:10:58]     -> Hinweis: hinterlegte Verschuldung 1.3 weicht vom berechneten Wert 7.38 ab - Automatik hat Vorrang.
[2026-10-05 13:10:58]   Hole Kurs fuer TGT ...
[2026-10-05 13:10:58]     -> 4 Ausschuettung(en) in 12 Monaten (quartalsweise), Summe 4.58 USD
[2026-10-05 13:10:58]   Hole Kurs fuer ELE.MC ...
[2026-10-05 13:10:59]     -> 2 Ausschuettung(en) in 12 Monaten (halbjaehrlich), Summe 1.584 EUR
[2026-10-05 13:10:59]     -> Hinweis: geschaetzte Quote 75% weicht -23 Prozentpunkte vom echten Wert 52.49% ab - Automatik hat Vorrang.
[2026-10-05 13:10:59]   Hole Kurs fuer WINC.DE ...
[2026-10-05 13:10:59]     -> 5 Ausschuettung(en) in 12 Monaten (quartalsweise), Summe 0.568645 EUR
[2026-10-05 13:10:59]   Hole Kurs fuer SMLD.DE ...
[2026-10-05 13:10:59]     -> 4 Ausschuettung(en) in 12 Monaten (quartalsweise), Summe 3.852161 EUR
[2026-10-05 13:11:00]   Hole Kurs fuer EUNW.DE ...
[2026-10-05 13:11:00]     -> 3 Ausschuettung(en) in 12 Monaten (halbjaehrlich), Summe 4.7012 EUR
[2026-10-05 13:11:00]   Hole Kurs fuer JEQP.DE ...
[2026-10-05 13:11:00]     -> 12 Ausschuettung(en) in 12 Monaten (monatlich), Summe 2.523495 EUR
[2026-10-05 13:11:00]   Hole Kurs fuer MFC ...
[2026-10-05 13:11:01]     -> 3 Ausschuettung(en) in 12 Monaten (quartalsweise), Summe 1.058 USD [unvollstaendig]
[2026-10-05 13:11:01]     -> keine Analystenabdeckung fuer MFC (Prognoseseite existiert nicht)
[2026-10-05 13:11:01]   Hole Kurs fuer WCH.DE ...
[2026-10-05 13:11:02]     -> 0 Ausschuettung(en) in 12 Monaten (jaehrlich), Summe None EUR [unvollstaendig]
[2026-10-05 13:11:02]     -> WARNUNG: weder Boersen-Ausschuettungen noch dividend_per_share verfuegbar - Rendite 2.6% ist ein EINGEFRORENER Startwert (Stand 2026-08), NICHT tagesaktuell.
[2026-10-05 13:11:02]   Hole Kurs fuer LYB ...
[2026-10-05 13:11:02]     -> 4 Ausschuettung(en) in 12 Monaten (quartalsweise), Summe 3.44 USD
[2026-10-05 13:11:02]     -> Hinweis: hinterlegte Verschuldung 0.8 weicht vom berechneten Wert 1.33 ab - Automatik hat Vorrang.
[2026-10-05 13:11:02]   Hole Kurs fuer FAHY.DE ...
[2026-10-05 13:11:03]     -> 4 Ausschuettung(en) in 12 Monaten (quartalsweise), Summe 1.208557 EUR
[2026-10-05 13:11:03]   Hole Kurs fuer ECL ...
[2026-10-05 13:11:03]     -> Hinweis: hinterlegte Dividende 2.3 weicht +27% von den tatsaechlich gezahlten 2.92 ab - Automatik hat Vorrang.
[2026-10-05 13:11:03]     -> 4 Ausschuettung(en) in 12 Monaten (quartalsweise), Summe 2.92 USD
[2026-10-05 13:11:03]   Hole Kurs fuer ATO ...
[2026-10-05 13:11:03]     -> 4 Ausschuettung(en) in 12 Monaten (quartalsweise), Summe 4.0 USD
[2026-10-05 13:11:04]   Hole Kurs fuer FNTN.DE ...
[2026-10-05 13:11:04]     -> 1 Ausschuettung(en) in 12 Monaten (jaehrlich), Summe 2.07 EUR
[2026-10-05 13:11:04]   Hole Kurs fuer T ...
[2026-10-05 13:11:04]     -> 4 Ausschuettung(en) in 12 Monaten (quartalsweise), Summe 1.112 USD
[2026-10-05 13:11:04]   Hole Kurs fuer HAW.DE ...
[2026-10-05 13:11:05]     -> 1 Ausschuettung(en) in 12 Monaten (jaehrlich), Summe 1.0 EUR
[2026-10-05 13:11:05]     -> keine Analystenabdeckung fuer HAW.DE (Prognoseseite existiert nicht)
[2026-10-05 13:11:05]     -> Hinweis: hinterlegte Verschuldung 0.8 weicht vom berechneten Wert 1.57 ab - Automatik hat Vorrang.
[2026-10-05 13:11:06]   Hole Kurs fuer SHEL.L ...
[2026-10-05 13:11:06]     -> Hinweis: hinterlegte Dividende 0.86 weicht +13019% von den tatsaechlich gezahlten 112.819997 ab - Automatik hat Vorrang.
[2026-10-05 13:11:06]     -> 4 Ausschuettung(en) in 12 Monaten (quartalsweise), Summe 112.819997 GBp
[2026-10-05 13:11:06]   Hole Kurs fuer BIJ.DE ...
[2026-10-05 13:11:06]     -> 1 Ausschuettung(en) in 12 Monaten (jaehrlich), Summe 6.0 EUR
[2026-10-05 13:11:06]     -> keine Analystenabdeckung fuer BIJ.DE (Prognoseseite existiert nicht)
[2026-10-05 13:11:07]   Hole Kurs fuer VZ ...
[2026-10-05 13:11:07]     -> 4 Ausschuettung(en) in 12 Monaten (quartalsweise), Summe 2.796 USD
[2026-10-05 13:11:07]   Hole Kurs fuer 8616.T ...
[2026-10-05 13:11:08]     -> 2 Ausschuettung(en) in 12 Monaten (halbjaehrlich), Summe 53.0 JPY
[2026-10-05 13:11:08]     -> keine Analystenabdeckung fuer 8616.T (Prognoseseite existiert nicht)
[2026-10-05 13:11:08]   Hole Kurs fuer CCI ...
[2026-10-05 13:11:09]     -> 4 Ausschuettung(en) in 12 Monaten (quartalsweise), Summe 4.252 USD
[2026-10-05 13:11:09]   Hole Kurs fuer CVX ...
[2026-10-05 13:11:09]     -> 4 Ausschuettung(en) in 12 Monaten (quartalsweise), Summe 7.05 USD
[2026-10-05 13:11:09]   Hole Kurs fuer LGEN.L ...
[2026-10-05 13:11:09]     -> 2 Ausschuettung(en) in 12 Monaten (halbjaehrlich), Summe 21.91 GBp
[2026-10-05 13:11:09]     -> Hinweis: geschaetzte Quote 150% weicht -91 Prozentpunkte vom echten Wert 59.24% ab - Automatik hat Vorrang.
[2026-10-05 13:11:10]   Hole Kurs fuer 8963.T ...
[2026-10-05 13:11:10]     -> 2 Ausschuettung(en) in 12 Monaten (halbjaehrlich), Summe 4116.0 JPY
[2026-10-05 13:11:10]     -> Hinweis: hinterlegte Verschuldung 1.3 weicht vom berechneten Wert 0.99 ab - Automatik hat Vorrang.
[2026-10-05 13:11:10]   Hole Kurs fuer CB ...
[2026-10-05 13:11:10]     -> Hinweis: hinterlegte Dividende 3.8 weicht -21% von den tatsaechlich gezahlten 3.01 ab - Automatik hat Vorrang.
[2026-10-05 13:11:10]     -> 3 Ausschuettung(en) in 12 Monaten (quartalsweise), Summe 3.01 USD [unvollstaendig]
[2026-10-05 13:11:11]   Hole Kurs fuer ABT ...
[2026-10-05 13:11:11]     -> 4 Ausschuettung(en) in 12 Monaten (quartalsweise), Summe 2.48 USD
[2026-10-05 13:11:11]   Hole Kurs fuer KIM ...
[2026-10-05 13:11:11]     -> 4 Ausschuettung(en) in 12 Monaten (quartalsweise), Summe 1.06 USD
[2026-10-05 13:11:11]     -> Hinweis: hinterlegte Verschuldung 1.3 weicht vom berechneten Wert 0.85 ab - Automatik hat Vorrang.
[2026-10-05 13:11:11]   Hole Kurs fuer 9364.T ...
[2026-10-05 13:11:12]     -> 2 Ausschuettung(en) in 12 Monaten (halbjaehrlich), Summe 215.0 JPY
[2026-10-05 13:11:12]     -> Hinweis: hinterlegte Verschuldung 0.8 weicht vom berechneten Wert 0.15 ab - Automatik hat Vorrang.
[2026-10-05 13:11:12]   Hole Kurs fuer ITW ...
[2026-10-05 13:11:12]     -> 4 Ausschuettung(en) in 12 Monaten (quartalsweise), Summe 6.55 USD
[2026-10-05 13:11:12]   Hole Kurs fuer ARCC ...
[2026-10-05 13:11:12]     -> 4 Ausschuettung(en) in 12 Monaten (quartalsweise), Summe 1.92 USD
[2026-10-05 13:11:13]   Hole Kurs fuer SYY ...
[2026-10-05 13:11:13]     -> 4 Ausschuettung(en) in 12 Monaten (quartalsweise), Summe 2.18 USD
[2026-10-05 13:11:13]   Hole Kurs fuer BIP ...
[2026-10-05 13:11:13]     -> Hinweis: hinterlegte Dividende 1.84 weicht -26% von den tatsaechlich gezahlten 1.365 ab - Automatik hat Vorrang.
[2026-10-05 13:11:13]     -> 3 Ausschuettung(en) in 12 Monaten (quartalsweise), Summe 1.365 USD [unvollstaendig]
[2026-10-05 13:11:13]     -> Hinweis: hinterlegte Verschuldung 1.2 weicht vom berechneten Wert 2.05 ab - Automatik hat Vorrang.
[2026-10-05 13:11:13]     -> Hinweis: geschaetzte Quote 190% weicht +102 Prozentpunkte vom echten Wert 291.87% ab - Automatik hat Vorrang.
[2026-10-05 13:11:14]   Hole Kurs fuer JGPI.DE ...
[2026-10-05 13:11:14]     -> 13 Ausschuettung(en) in 12 Monaten (monatlich), Summe 1.983044 EUR
[2026-10-05 13:11:14]   Hole Kurs fuer M12.DE ...
[2026-10-05 13:11:14]     -> 1 Ausschuettung(en) in 12 Monaten (jaehrlich), Summe 1.2 EUR
[2026-10-05 13:11:14]     -> keine Analystenabdeckung fuer M12.DE (Prognoseseite existiert nicht)
[2026-10-05 13:11:15]     -> Hinweis: hinterlegte Verschuldung 0.8 weicht vom berechneten Wert 0.04 ab - Automatik hat Vorrang.
[2026-10-05 13:11:15]   Hole Kurs fuer XOM ...
[2026-10-05 13:11:15]     -> 4 Ausschuettung(en) in 12 Monaten (quartalsweise), Summe 4.12 USD
[2026-10-05 13:11:15]   Hole Kurs fuer NDA-FI.HE ...
[2026-10-05 13:11:16]     -> 2 Ausschuettung(en) in 12 Monaten (jaehrlich), Summe 1.3 EUR
[2026-10-05 13:11:16]   Hole Kurs fuer MUV2.DE ...
[2026-10-05 13:11:16]     -> 1 Ausschuettung(en) in 12 Monaten (jaehrlich), Summe 24.0 EUR
[2026-10-05 13:11:16]   Hole Kurs fuer IBE.MC ...
[2026-10-05 13:11:17]     -> 3 Ausschuettung(en) in 12 Monaten (quartalsweise), Summe 0.685 EUR [unvollstaendig]
[2026-10-05 13:11:17]   Hole Kurs fuer MB.MI ...
[2026-10-05 13:11:17]     -> 2 Ausschuettung(en) in 12 Monaten (halbjaehrlich), Summe 1.22 EUR
[2026-10-05 13:11:17]   Hole Kurs fuer MCD ...
[2026-10-05 13:11:18]     -> 4 Ausschuettung(en) in 12 Monaten (quartalsweise), Summe 7.44 USD
[2026-10-05 13:11:18]   Hole Kurs fuer ULVR.L ...
[2026-10-05 13:11:18]     -> Hinweis: hinterlegte Dividende 1.72 weicht +9492% von den tatsaechlich gezahlten 164.990002 ab - Automatik hat Vorrang.
[2026-10-05 13:11:18]     -> 4 Ausschuettung(en) in 12 Monaten (quartalsweise), Summe 164.990002 GBp
[2026-10-05 13:11:18]   Hole Kurs fuer WSU.DE ...
[2026-10-05 13:11:18]     -> 1 Ausschuettung(en) in 12 Monaten (jaehrlich), Summe 2.5 EUR
[2026-10-05 13:11:18]     -> Hinweis: hinterlegte Verschuldung 0.8 weicht vom berechneten Wert 1.59 ab - Automatik hat Vorrang.
[2026-10-05 13:11:19]   Hole Kurs fuer STG.CO ...
[2026-10-05 13:11:19]     -> 1 Ausschuettung(en) in 12 Monaten (jaehrlich), Summe 4.5 DKK
[2026-10-05 13:11:19]   Hole Kurs fuer XY7D.DE ...
[2026-10-05 13:11:19]     -> 13 Ausschuettung(en) in 12 Monaten (monatlich), Summe 1.528404 EUR
[2026-10-05 13:11:19]   Hole Kurs fuer EDL.DE ...
[2026-10-05 13:11:20]     -> 1 Ausschuettung(en) in 12 Monaten (jaehrlich), Summe 0.3 EUR
[2026-10-05 13:11:20]     -> keine Analystenabdeckung fuer EDL.DE (Prognoseseite existiert nicht)
[2026-10-05 13:11:20]     -> Hinweis: hinterlegte Verschuldung 0.8 weicht vom berechneten Wert 1.42 ab - Automatik hat Vorrang.
[2026-10-05 13:11:20]   Hole Kurs fuer PEP ...
[2026-10-05 13:11:21]     -> 4 Ausschuettung(en) in 12 Monaten (quartalsweise), Summe 5.806 USD
[2026-10-05 13:11:21]   Hole Kurs fuer SY7D.DE ...
[2026-10-05 13:11:21]     -> 12 Ausschuettung(en) in 12 Monaten (monatlich), Summe 1.655107 EUR
[2026-10-05 13:11:21]   Hole Kurs fuer PWO.DE ...
[2026-10-05 13:11:21]     -> 1 Ausschuettung(en) in 12 Monaten (jaehrlich), Summe 1.65 EUR
[2026-10-05 13:11:22]     -> keine Analystenabdeckung fuer PWO.DE (Prognoseseite existiert nicht)
[2026-10-05 13:11:22]   Hole Kurs fuer 0857.HK ...
[2026-10-05 13:11:22]     -> Hinweis: hinterlegte Dividende 0.35 weicht +68% von den tatsaechlich gezahlten 0.58777 ab - Automatik hat Vorrang.
[2026-10-05 13:11:22]     -> 2 Ausschuettung(en) in 12 Monaten (halbjaehrlich), Summe 0.58777 HKD
[2026-10-05 13:11:23]   Hole Kurs fuer EPD ...
[2026-10-05 13:11:23]     -> 4 Ausschuettung(en) in 12 Monaten (quartalsweise), Summe 2.205 USD
[2026-10-05 13:11:23]   Hole Kurs fuer BBSE3.SA ...
[2026-10-05 13:11:23]     -> 2 Ausschuettung(en) in 12 Monaten (halbjaehrlich), Summe 4.590092 BRL
[2026-10-05 13:11:23]     -> Hinweis: geschaetzte Quote 70% weicht +26 Prozentpunkte vom echten Wert 96.09% ab - Automatik hat Vorrang.
[2026-10-05 13:11:24]   Hole Kurs fuer 4183.T ...
[2026-10-05 13:11:24]     -> 2 Ausschuettung(en) in 12 Monaten (halbjaehrlich), Summe 75.0 JPY
[2026-10-05 13:11:24]   Hole Kurs fuer MKC ...
[2026-10-05 13:11:24]     -> 4 Ausschuettung(en) in 12 Monaten (quartalsweise), Summe 1.89 USD
[2026-10-05 13:11:24]   Hole Kurs fuer SO ...
[2026-10-05 13:11:25]     -> 4 Ausschuettung(en) in 12 Monaten (quartalsweise), Summe 3.0 USD
[2026-10-05 13:11:25]   Hole Kurs fuer 0010.HK ...
[2026-10-05 13:11:25]     -> 2 Ausschuettung(en) in 12 Monaten (halbjaehrlich), Summe 0.86 HKD
[2026-10-05 13:11:25]     -> keine Analystenabdeckung fuer 0010.HK (Prognoseseite existiert nicht)
[2026-10-05 13:11:26]     -> Hinweis: hinterlegte Verschuldung 1.3 weicht vom berechneten Wert 0.35 ab - Automatik hat Vorrang.
[2026-10-05 13:11:26]     -> Hinweis: geschaetzte Quote 65% weicht +18 Prozentpunkte vom echten Wert 82.52% ab - Automatik hat Vorrang.
[2026-10-05 13:11:26]   Hole Kurs fuer CINF ...
[2026-10-05 13:11:26]     -> 4 Ausschuettung(en) in 12 Monaten (quartalsweise), Summe 3.69 USD
[2026-10-05 13:11:26]   Hole Kurs fuer UVV ...
[2026-10-05 13:11:27]     -> 4 Ausschuettung(en) in 12 Monaten (quartalsweise), Summe 3.29 USD
[2026-10-05 13:11:27]     -> keine Analystenabdeckung fuer UVV (Prognoseseite existiert nicht)
[2026-10-05 13:11:27]     -> Hinweis: geschaetzte Quote 96% weicht +340 Prozentpunkte vom echten Wert 435.91% ab - Automatik hat Vorrang.
[2026-10-05 13:11:27]   Hole Kurs fuer CHD ...
[2026-10-05 13:11:28]     -> 4 Ausschuettung(en) in 12 Monaten (quartalsweise), Summe 1.219 USD
[2026-10-05 13:11:28]   Hole Kurs fuer 7240.T ...
[2026-10-05 13:11:28]     -> 2 Ausschuettung(en) in 12 Monaten (halbjaehrlich), Summe 135.0 JPY
[2026-10-05 13:11:28]   Hole Kurs fuer PG ...
[2026-10-05 13:11:29]     -> 4 Ausschuettung(en) in 12 Monaten (quartalsweise), Summe 4.292 USD
[2026-10-05 13:11:29]   Hole Kurs fuer 035250.KS ...
[2026-10-05 13:11:29]     -> 1 Ausschuettung(en) in 12 Monaten (jaehrlich), Summe 950.0 KRW
[2026-10-05 13:11:29]     -> Hinweis: hinterlegte Verschuldung 0.8 weicht vom berechneten Wert 0.01 ab - Automatik hat Vorrang.
[2026-10-05 13:11:29]   Hole Kurs fuer O ...
[2026-10-05 13:11:30]     -> 12 Ausschuettung(en) in 12 Monaten (monatlich), Summe 3.248 USD
[2026-10-05 13:11:30]     -> Hinweis: hinterlegte Verschuldung 1.3 weicht vom berechneten Wert 0.75 ab - Automatik hat Vorrang.
[2026-10-05 13:11:30]     -> Hinweis: geschaetzte Quote 75% weicht +162 Prozentpunkte vom echten Wert 237.14% ab - Automatik hat Vorrang.
[2026-10-05 13:11:30]   Hole Kurs fuer TU ...
[2026-10-05 13:11:30]     -> 3 Ausschuettung(en) in 12 Monaten (quartalsweise), Summe 0.744 USD [unvollstaendig]
[2026-10-05 13:11:30]     -> Hinweis: hinterlegte Verschuldung 0.8 weicht vom berechneten Wert 2.24 ab - Automatik hat Vorrang.
[2026-10-05 13:11:30]   Hole Kurs fuer SYBK.DE ...
[2026-10-05 13:11:30]     -> 2 Ausschuettung(en) in 12 Monaten (halbjaehrlich), Summe 2.46725 EUR
[2026-10-05 13:11:31]   Hole Kurs fuer TRP ...
[2026-10-05 13:11:31]     -> 3 Ausschuettung(en) in 12 Monaten (quartalsweise), Summe 1.867 USD [unvollstaendig]
[2026-10-05 13:11:31]     -> Hinweis: hinterlegte Verschuldung 1.2 weicht vom berechneten Wert 1.7 ab - Automatik hat Vorrang.
[2026-10-05 13:11:31]   Hole Kurs fuer ZURN.SW ...
[2026-10-05 13:11:31]     -> 1 Ausschuettung(en) in 12 Monaten (jaehrlich), Summe 30.0 CHF
[2026-10-05 13:11:32]   Hole Kurs fuer DOC ...
[2026-10-05 13:11:32]     -> Hinweis: hinterlegte Dividende 0.92 weicht +33% von den tatsaechlich gezahlten 1.224 ab - Automatik hat Vorrang.
[2026-10-05 13:11:32]     -> 12 Ausschuettung(en) in 12 Monaten (quartalsweise), Summe 1.224 USD
[2026-10-05 13:11:32]   Hole Kurs fuer 3002.T ...
[2026-10-05 13:11:32]     -> 1 Ausschuettung(en) in 12 Monaten (jaehrlich), Summe 216.0 JPY
[2026-10-05 13:11:32]     -> Hinweis: hinterlegte Verschuldung 0.8 weicht vom berechneten Wert 0.18 ab - Automatik hat Vorrang.
[2026-10-05 13:11:32]   Hole Kurs fuer ENGI.PA ...
[2026-10-05 13:11:33]     -> 1 Ausschuettung(en) in 12 Monaten (jaehrlich), Summe 1.35 EUR
[2026-10-05 13:11:33]   Hole Kurs fuer MBG.DE ...
[2026-10-05 13:11:33]     -> 1 Ausschuettung(en) in 12 Monaten (jaehrlich), Summe 3.5 EUR
[2026-10-05 13:11:33]     -> Hinweis: hinterlegte Verschuldung 0.8 weicht vom berechneten Wert 1.1 ab - Automatik hat Vorrang.
[2026-10-05 13:11:33]   Hole Kurs fuer MUX.DE ...
[2026-10-05 13:11:34]     -> 1 Ausschuettung(en) in 12 Monaten (jaehrlich), Summe 2.0 EUR
[2026-10-05 13:11:34]     -> Hinweis: hinterlegte Verschuldung 0.8 weicht vom berechneten Wert 2.22 ab - Automatik hat Vorrang.
[2026-10-05 13:11:34]   Hole Kurs fuer ESS ...
[2026-10-05 13:11:34]     -> 4 Ausschuettung(en) in 12 Monaten (quartalsweise), Summe 10.34 USD
[2026-10-05 13:11:34]   Hole Kurs fuer OHI ...
[2026-10-05 13:11:34]     -> 4 Ausschuettung(en) in 12 Monaten (quartalsweise), Summe 2.69 USD
[2026-10-05 13:11:34]     -> Hinweis: hinterlegte Verschuldung 1.3 weicht vom berechneten Wert 0.71 ab - Automatik hat Vorrang.
[2026-10-05 13:11:35]   Hole Kurs fuer YYYY.DE ...
[2026-10-05 13:11:35]     -> 12 Ausschuettung(en) in 12 Monaten (monatlich), Summe 9.529651 EUR
[2026-10-05 13:11:35]   Hole Kurs fuer HNR1.DE ...
[2026-10-05 13:11:35]     -> 1 Ausschuettung(en) in 12 Monaten (jaehrlich), Summe 12.5 EUR
[2026-10-05 13:11:35]   Hole Kurs fuer INCU.DE ...
[2026-10-05 13:11:36]     -> 4 Ausschuettung(en) in 12 Monaten (quartalsweise), Summe 0.355591 EUR
[2026-10-05 13:11:36]   Hole Kurs fuer ISP.MI ...
[2026-10-05 13:11:36]     -> 2 Ausschuettung(en) in 12 Monaten (halbjaehrlich), Summe 0.376 EUR
[2026-10-05 13:11:36]   Hole Kurs fuer PFLT ...
[2026-10-05 13:11:37]     -> Hinweis: hinterlegte Dividende 0.96 weicht +20% von den tatsaechlich gezahlten 1.156 ab - Automatik hat Vorrang.
[2026-10-05 13:11:37]     -> 12 Ausschuettung(en) in 12 Monaten (monatlich), Summe 1.156 USD
[2026-10-05 13:11:37]   Hole Kurs fuer RO.SW ...
[2026-10-05 13:11:37]     -> 1 Ausschuettung(en) in 12 Monaten (jaehrlich), Summe 10.799 CHF
[2026-10-05 13:11:37]     -> stockanalysis: HTTP 404 fuer RO.SW (https://stockanalysis.com/quote/swx/RO/statistics/)
[2026-10-05 13:11:38]     -> keine Analystenabdeckung fuer RO.SW (Prognoseseite existiert nicht)
[2026-10-05 13:11:38]   Hole Kurs fuer DX ...
[2026-10-05 13:11:39]     -> 12 Ausschuettung(en) in 12 Monaten (monatlich), Summe 2.04 USD
[2026-10-05 13:11:39]   Hole Kurs fuer CAT ...
[2026-10-05 13:11:39]     -> 4 Ausschuettung(en) in 12 Monaten (quartalsweise), Summe 6.16 USD
[2026-10-05 13:11:39]   Hole Kurs fuer UDHY.DE ...
[2026-10-05 13:11:39]     -> 2 Ausschuettung(en) in 12 Monaten (halbjaehrlich), Summe 0.142216 EUR
[2026-10-05 13:11:40]   Hole Kurs fuer ED ...
[2026-10-05 13:11:40]     -> 4 Ausschuettung(en) in 12 Monaten (quartalsweise), Summe 3.514 USD
[2026-10-05 13:11:40]   Hole Kurs fuer NESN.SW ...
[2026-10-05 13:11:40]     -> 1 Ausschuettung(en) in 12 Monaten (jaehrlich), Summe 3.1 CHF
[2026-10-05 13:11:41]   Hole Kurs fuer LEG.DE ...
[2026-10-05 13:11:41]     -> 1 Ausschuettung(en) in 12 Monaten (jaehrlich), Summe 2.92 EUR
[2026-10-05 13:11:41]   Hole Kurs fuer JEIP.DE ...
[2026-10-05 13:11:41]     -> 12 Ausschuettung(en) in 12 Monaten (monatlich), Summe 1.572168 EUR
[2026-10-05 13:11:41]   Hole Kurs fuer GD ...
[2026-10-05 13:11:42]     -> 4 Ausschuettung(en) in 12 Monaten (quartalsweise), Summe 6.18 USD
[2026-10-05 13:11:42]   Hole Kurs fuer UDIV.DE ...
[2026-10-05 13:11:42]     -> 12 Ausschuettung(en) in 12 Monaten (monatlich), Summe 0.828541 EUR
[2026-10-05 13:11:42]   Hole Kurs fuer IBCA.DE ...
[2026-10-05 13:11:42]     -> 2 Ausschuettung(en) in 12 Monaten (halbjaehrlich), Summe 3.024 EUR
[2026-10-05 13:11:43]   Hole Kurs fuer VOD.L ...
[2026-10-05 13:11:43]     -> Hinweis: hinterlegte Dividende 0.09 weicht +4294% von den tatsaechlich gezahlten 3.954576 ab - Automatik hat Vorrang.
[2026-10-05 13:11:43]     -> 2 Ausschuettung(en) in 12 Monaten (halbjaehrlich), Summe 3.954576 GBp
[2026-10-05 13:11:43]   Hole Kurs fuer HRL ...
[2026-10-05 13:11:43]     -> 4 Ausschuettung(en) in 12 Monaten (quartalsweise), Summe 1.169 USD
[2026-10-05 13:11:44]   Hole Kurs fuer 5401.T ...
[2026-10-05 13:11:44]     -> 2 Ausschuettung(en) in 12 Monaten (halbjaehrlich), Summe 24.0 JPY
[2026-10-05 13:11:44]   Hole Kurs fuer AV.L ...
[2026-10-05 13:11:44]     -> 2 Ausschuettung(en) in 12 Monaten (halbjaehrlich), Summe 40.199999 GBp
[2026-10-05 13:11:44]     -> Hinweis: geschaetzte Quote 60% weicht +141 Prozentpunkte vom echten Wert 201.11% ab - Automatik hat Vorrang.
[2026-10-05 13:11:44]   Hole Kurs fuer DWNI.DE ...
[2026-10-05 13:11:45]     -> 1 Ausschuettung(en) in 12 Monaten (jaehrlich), Summe 0.04 EUR
[2026-10-05 13:11:45]     -> Hinweis: hinterlegte Verschuldung 1.3 weicht vom berechneten Wert 0.51 ab - Automatik hat Vorrang.
[2026-10-05 13:11:45]     -> Hinweis: geschaetzte Quote 46.17% weicht -45 Prozentpunkte vom echten Wert 1.06% ab - Automatik hat Vorrang.
[2026-10-05 13:11:45]   Hole Kurs fuer ISPA.DE ...
[2026-10-05 13:11:45]     -> 4 Ausschuettung(en) in 12 Monaten (quartalsweise), Summe 1.524521 EUR
[2026-10-05 13:11:45]   Hole Kurs fuer SRG.MI ...
[2026-10-05 13:11:46]     -> 2 Ausschuettung(en) in 12 Monaten (halbjaehrlich), Summe 0.3021 EUR
[2026-10-05 13:11:46]     -> Hinweis: hinterlegte Verschuldung 1.2 weicht vom berechneten Wert 2.34 ab - Automatik hat Vorrang.
[2026-10-05 13:11:46]   Hole Kurs fuer PAH3.DE ...
[2026-10-05 13:11:46]     -> 1 Ausschuettung(en) in 12 Monaten (jaehrlich), Summe 1.51 EUR
[2026-10-05 13:11:46]     -> Hinweis: hinterlegte Verschuldung 0.8 weicht vom berechneten Wert 0.19 ab - Automatik hat Vorrang.
[2026-10-05 13:11:46]     -> Hinweis: geschaetzte Quote 22.65% weicht +464 Prozentpunkte vom echten Wert 486.32% ab - Automatik hat Vorrang.
[2026-10-05 13:11:46]   Hole Kurs fuer TFC ...
[2026-10-05 13:11:47]     -> 4 Ausschuettung(en) in 12 Monaten (quartalsweise), Summe 2.08 USD
[2026-10-05 13:11:47]   Hole Kurs fuer SREN.SW ...
[2026-10-05 13:11:47]     -> 1 Ausschuettung(en) in 12 Monaten (jaehrlich), Summe 6.64984 CHF
[2026-10-05 13:11:47]   Hole Kurs fuer CLX ...
[2026-10-05 13:11:47]     -> 4 Ausschuettung(en) in 12 Monaten (quartalsweise), Summe 4.97 USD
[2026-10-05 13:11:48]   Hole Kurs fuer TRYG.CO ...
[2026-10-05 13:11:48]     -> 4 Ausschuettung(en) in 12 Monaten (quartalsweise), Summe 8.4 DKK
[2026-10-05 13:11:48]   Hole Kurs fuer FRT ...
[2026-10-05 13:11:48]     -> 4 Ausschuettung(en) in 12 Monaten (quartalsweise), Summe 4.55 USD
[2026-10-05 13:11:49]   Hole Kurs fuer 8960.T ...
[2026-10-05 13:11:49]     -> 2 Ausschuettung(en) in 12 Monaten (halbjaehrlich), Summe 8734.0 JPY
[2026-10-05 13:11:49]     -> Hinweis: hinterlegte Verschuldung 1.3 weicht vom berechneten Wert 0.88 ab - Automatik hat Vorrang.
[2026-10-05 13:11:49]   Hole Kurs fuer STAG ...
[2026-10-05 13:11:49]     -> 6 Ausschuettung(en) in 12 Monaten (monatlich), Summe 1.536 USD [unvollstaendig]
[2026-10-05 13:11:49]   Hole Kurs fuer UIMB.DE ...
[2026-10-05 13:11:50]     -> 2 Ausschuettung(en) in 12 Monaten (halbjaehrlich), Summe 0.577284 EUR
[2026-10-05 13:11:50]   Hole Kurs fuer GSK.L ...
[2026-10-05 13:11:50]     -> Hinweis: hinterlegte Dividende 0.63 weicht +10694% von den tatsaechlich gezahlten 68.0 ab - Automatik hat Vorrang.
[2026-10-05 13:11:50]     -> 4 Ausschuettung(en) in 12 Monaten (quartalsweise), Summe 68.0 GBp
[2026-10-05 13:11:50]   Hole Kurs fuer 8395.T ...
[2026-10-05 13:11:50]     -> 2 Ausschuettung(en) in 12 Monaten (halbjaehrlich), Summe 115.0 JPY
[2026-10-05 13:11:51]     -> stockanalysis: weder Quote noch Verschuldung fuer 8395.T gefunden (Seite erreichbar, Layout evtl. geaendert)
[2026-10-05 13:11:51]     -> keine Analystenabdeckung fuer 8395.T (Prognoseseite existiert nicht)
[2026-10-05 13:11:52]   Hole Kurs fuer ENB ...
[2026-10-05 13:11:52]     -> Hinweis: hinterlegte Dividende 3.55 weicht -40% von den tatsaechlich gezahlten 2.115 ab - Automatik hat Vorrang.
[2026-10-05 13:11:52]     -> 3 Ausschuettung(en) in 12 Monaten (quartalsweise), Summe 2.115 USD [unvollstaendig]
[2026-10-05 13:11:52]   Hole Kurs fuer 8972.T ...
[2026-10-05 13:11:53]     -> 2 Ausschuettung(en) in 12 Monaten (halbjaehrlich), Summe 8271.0 JPY
[2026-10-05 13:11:53]     -> Hinweis: hinterlegte Verschuldung 1.3 weicht vom berechneten Wert 0.92 ab - Automatik hat Vorrang.
[2026-10-05 13:11:53]   Hole Kurs fuer EVSD.DE ...
[2026-10-05 13:11:53]     -> 12 Ausschuettung(en) in 12 Monaten (monatlich), Summe 1.377 EUR
[2026-10-05 13:11:53]   Hole Kurs fuer ET ...
[2026-10-05 13:11:53]     -> 4 Ausschuettung(en) in 12 Monaten (quartalsweise), Summe 1.346 USD
[2026-10-05 13:11:53]     -> Hinweis: geschaetzte Quote 60% weicht +32 Prozentpunkte vom echten Wert 92.11% ab - Automatik hat Vorrang.
[2026-10-05 13:11:53]   Hole Kurs fuer DTE.DE ...
[2026-10-05 13:11:54]     -> 1 Ausschuettung(en) in 12 Monaten (jaehrlich), Summe 1.0 EUR
[2026-10-05 13:11:54]   Hole Kurs fuer KO ...
[2026-10-05 13:11:54]     -> 4 Ausschuettung(en) in 12 Monaten (quartalsweise), Summe 2.1 USD
[2026-10-05 13:11:55]   Hole Kurs fuer GLEN.L ...
[2026-10-05 13:11:55]     -> 2 Ausschuettung(en) in 12 Monaten (halbjaehrlich), Summe 12.5647 GBp
[2026-10-05 13:11:55]   Hole Kurs fuer AGS.BR ...
[2026-10-05 13:11:55]     -> 2 Ausschuettung(en) in 12 Monaten (halbjaehrlich), Summe 3.75 EUR
[2026-10-05 13:11:55]   Hole Kurs fuer 8985.T ...
[2026-10-05 13:11:56]     -> 1 Ausschuettung(en) in 12 Monaten (jaehrlich), Summe 5061.0 JPY
[2026-10-05 13:11:56]     -> Hinweis: hinterlegte Verschuldung 1.3 weicht vom berechneten Wert 0.98 ab - Automatik hat Vorrang.
[2026-10-05 13:11:56]   Hole Kurs fuer JNJ ...
[2026-10-05 13:11:56]     -> 4 Ausschuettung(en) in 12 Monaten (quartalsweise), Summe 5.28 USD
[2026-10-05 13:11:56]   Hole Kurs fuer BNS ...
[2026-10-05 13:11:57]     -> 2 Ausschuettung(en) in 12 Monaten (quartalsweise), Summe 1.595 USD [unvollstaendig]
[2026-10-05 13:11:57]   Hole Kurs fuer KMI ...
[2026-10-05 13:11:57]     -> 4 Ausschuettung(en) in 12 Monaten (quartalsweise), Summe 1.182 USD
[2026-10-05 13:11:57]   Hole Kurs fuer NTGY.MC ...
[2026-10-05 13:11:57]     -> Hinweis: hinterlegte Dividende 1.4 weicht +26% von den tatsaechlich gezahlten 1.77 ab - Automatik hat Vorrang.
[2026-10-05 13:11:57]     -> 3 Ausschuettung(en) in 12 Monaten (halbjaehrlich), Summe 1.77 EUR
[2026-10-05 13:11:58]   Hole Kurs fuer XUHY.DE ...
[2026-10-05 13:11:58]     -> 4 Ausschuettung(en) in 12 Monaten (quartalsweise), Summe 0.750012 EUR
[2026-10-05 13:11:58]   Hole Kurs fuer 030000.KS ...
[2026-10-05 13:11:58]     -> 1 Ausschuettung(en) in 12 Monaten (jaehrlich), Summe 1230.0 KRW
[2026-10-05 13:11:58]     -> Hinweis: hinterlegte Verschuldung 0.8 weicht vom berechneten Wert 0.2 ab - Automatik hat Vorrang.
[2026-10-05 13:11:58]   Hole Kurs fuer IS0Q.DE ...
[2026-10-05 13:11:59]     -> 4 Ausschuettung(en) in 12 Monaten (halbjaehrlich), Summe 5.458615 EUR
[2026-10-05 13:11:59]   Hole Kurs fuer SYBY.DE ...
[2026-10-05 13:11:59]     -> 2 Ausschuettung(en) in 12 Monaten (halbjaehrlich), Summe 1.447219 EUR
[2026-10-05 13:11:59]   Hole Kurs fuer B7E.DE ...
[2026-10-05 13:12:00]     -> 1 Ausschuettung(en) in 12 Monaten (jaehrlich), Summe 1.6 EUR
[2026-10-05 13:12:00]     -> Hinweis: hinterlegte Verschuldung 0.8 weicht vom berechneten Wert 0.43 ab - Automatik hat Vorrang.
[2026-10-05 13:12:00]   Hole Kurs fuer ALV.DE ...
[2026-10-05 13:12:00]     -> 1 Ausschuettung(en) in 12 Monaten (jaehrlich), Summe 17.1 EUR
[2026-10-05 13:12:00]   Hole Kurs fuer HABA.DE ...
[2026-10-05 13:12:00]     -> 1 Ausschuettung(en) in 12 Monaten (jaehrlich), Summe 0.39 EUR
[2026-10-05 13:12:00]     -> Hinweis: hinterlegte Verschuldung 1.3 weicht vom berechneten Wert 1.86 ab - Automatik hat Vorrang.
[2026-10-05 13:12:00]     -> Hinweis: geschaetzte Quote 200% weicht -145 Prozentpunkte vom echten Wert 55.22% ab - Automatik hat Vorrang.
[2026-10-05 13:12:01]   Hole Kurs fuer LEI.DE ...
[2026-10-05 13:12:01]     -> 1 Ausschuettung(en) in 12 Monaten (jaehrlich), Summe 1.2 EUR
[2026-10-05 13:12:01]   Hole Kurs fuer MNG.L ...
[2026-10-05 13:12:01]     -> 2 Ausschuettung(en) in 12 Monaten (halbjaehrlich), Summe 20.599999 GBp
[2026-10-05 13:12:01]   Hole Kurs fuer EPR ...
[2026-10-05 13:12:02]     -> 12 Ausschuettung(en) in 12 Monaten (monatlich), Summe 3.645 USD
[2026-10-05 13:12:02]   Hole Kurs fuer ORA.PA ...
[2026-10-05 13:12:02]     -> 2 Ausschuettung(en) in 12 Monaten (halbjaehrlich), Summe 0.75 EUR
[2026-10-05 13:12:03]   Hole Kurs fuer ADP ...
[2026-10-05 13:12:03]     -> 4 Ausschuettung(en) in 12 Monaten (quartalsweise), Summe 6.8 USD
[2026-10-05 13:12:03]   Hole Kurs fuer QDVQ.DE ...
[2026-10-05 13:12:03]     -> 4 Ausschuettung(en) in 12 Monaten (halbjaehrlich), Summe 0.332901 EUR
[2026-10-05 13:12:03]   Hole Kurs fuer XAT1.DE ...
[2026-10-05 13:12:04]     -> 4 Ausschuettung(en) in 12 Monaten (quartalsweise), Summe 0.9842 EUR
[2026-10-05 13:12:04]   Hole Kurs fuer HOT.DE ...
[2026-10-05 13:12:04]     -> 1 Ausschuettung(en) in 12 Monaten (jaehrlich), Summe 6.6 EUR
[2026-10-05 13:12:04]     -> Hinweis: hinterlegte Verschuldung 0.8 weicht vom berechneten Wert 7.16 ab - Automatik hat Vorrang.
[2026-10-05 13:12:04]   Hole Kurs fuer BMW.DE ...
[2026-10-05 13:12:05]     -> 1 Ausschuettung(en) in 12 Monaten (jaehrlich), Summe 4.4 EUR
[2026-10-05 13:12:05]     -> Hinweis: hinterlegte Verschuldung 0.8 weicht vom berechneten Wert 1.2 ab - Automatik hat Vorrang.
[2026-10-05 13:12:05]   Hole Kurs fuer GPC ...
[2026-10-05 13:12:05]     -> 4 Ausschuettung(en) in 12 Monaten (quartalsweise), Summe 4.219 USD
[2026-10-05 13:12:05]   Hole Kurs fuer OKE ...
[2026-10-05 13:12:05]     -> 4 Ausschuettung(en) in 12 Monaten (quartalsweise), Summe 4.24 USD
[2026-10-05 13:12:06]   Hole Kurs fuer TW.L ...
[2026-10-05 13:12:06]     -> 2 Ausschuettung(en) in 12 Monaten (halbjaehrlich), Summe 7.62 GBp
[2026-10-05 13:12:06]     -> Hinweis: hinterlegte Verschuldung 1.3 weicht vom berechneten Wert 0.03 ab - Automatik hat Vorrang.
[2026-10-05 13:12:06]     -> Hinweis: geschaetzte Quote 55% weicht +53 Prozentpunkte vom echten Wert 108.28% ab - Automatik hat Vorrang.
[2026-10-05 13:12:06]   Hole Kurs fuer CON.DE ...
[2026-10-05 13:12:06]     -> 1 Ausschuettung(en) in 12 Monaten (jaehrlich), Summe 2.7 EUR
[2026-10-05 13:12:06]     -> Hinweis: hinterlegte Verschuldung 0.8 weicht vom berechneten Wert 1.57 ab - Automatik hat Vorrang.
[2026-10-05 13:12:07]   Hole Kurs fuer ROP ...
[2026-10-05 13:12:07]     -> Hinweis: hinterlegte Dividende 2.98 weicht +22% von den tatsaechlich gezahlten 3.64 ab - Automatik hat Vorrang.
[2026-10-05 13:12:07]     -> 4 Ausschuettung(en) in 12 Monaten (quartalsweise), Summe 3.64 USD
[2026-10-05 13:12:07] Anreicherung (News/Analysten-Grades) fuer 30 Top-Kandidaten + Depot (von 115 qualifizierten) ...
[2026-10-05 13:12:07]   FMP-Fehler (HTTP 402) bei news/stock: b'Restricted Endpoint: This endpoint is not available under your current subscription please visit our subscription page to upgrade your plan at https:/'
[2026-10-05 13:12:08]   Finnhub (News)-Fehler (HTTP 403) bei company-news: b'{"error":"You don\'t have access to this resource."}'
[2026-10-05 13:12:08]   FMP-Fehler (HTTP 402) bei grades: b"Premium Query Parameter: 'Special Endpoint : This value set for 'symbol' is not available under your current subscription please visit our subscriptio"
[2026-10-05 13:12:08]   Finnhub (Empfehlungen)-Fehler (HTTP 403) bei stock/recommendation: b'{"error":"You don\'t have access to this resource."}'
[2026-10-05 13:12:08]   FMP-Fehler (HTTP 402) bei news/stock: b'Restricted Endpoint: This endpoint is not available under your current subscription please visit our subscription page to upgrade your plan at https:/'
[2026-10-05 13:12:09]   Finnhub (News)-Fehler (HTTP 403) bei company-news: b'{"error":"You don\'t have access to this resource."}'
[2026-10-05 13:12:09]   FMP-Fehler (HTTP 402) bei grades: b"Premium Query Parameter: 'Special Endpoint : This value set for 'symbol' is not available under your current subscription please visit our subscriptio"
[2026-10-05 13:12:09]   Finnhub (Empfehlungen)-Fehler (HTTP 403) bei stock/recommendation: b'{"error":"You don\'t have access to this resource."}'
[2026-10-05 13:12:09]   FMP-Fehler (HTTP 402) bei news/stock: b'Restricted Endpoint: This endpoint is not available under your current subscription please visit our subscription page to upgrade your plan at https:/'
[2026-10-05 13:12:10]   Finnhub (News)-Fehler (HTTP 403) bei company-news: b'{"error":"You don\'t have access to this resource."}'
[2026-10-05 13:12:10]   FMP-Fehler (HTTP 402) bei grades: b"Premium Query Parameter: 'Special Endpoint : This value set for 'symbol' is not available under your current subscription please visit our subscriptio"
[2026-10-05 13:12:10]   Finnhub (Empfehlungen)-Fehler (HTTP 403) bei stock/recommendation: b'{"error":"You don\'t have access to this resource."}'
[2026-10-05 13:12:10]   FMP-Fehler (HTTP 402) bei news/stock: b'Restricted Endpoint: This endpoint is not available under your current subscription please visit our subscription page to upgrade your plan at https:/'
[2026-10-05 13:12:11]   Finnhub (News)-Fehler (HTTP 403) bei company-news: b'{"error":"You don\'t have access to this resource."}'
[2026-10-05 13:12:11]   FMP-Fehler (HTTP 402) bei grades: b"Premium Query Parameter: 'Special Endpoint : This value set for 'symbol' is not available under your current subscription please visit our subscriptio"
[2026-10-05 13:12:11]   Finnhub (Empfehlungen)-Fehler (HTTP 403) bei stock/recommendation: b'{"error":"You don\'t have access to this resource."}'
[2026-10-05 13:12:11]   FMP-Fehler (HTTP 402) bei news/stock: b'Restricted Endpoint: This endpoint is not available under your current subscription please visit our subscription page to upgrade your plan at https:/'
[2026-10-05 13:12:12]   Finnhub (News)-Fehler (HTTP 403) bei company-news: b'{"error":"You don\'t have access to this resource."}'
[2026-10-05 13:12:12]   FMP-Fehler (HTTP 402) bei grades: b"Premium Query Parameter: 'Special Endpoint : This value set for 'symbol' is not available under your current subscription please visit our subscriptio"
[2026-10-05 13:12:12]   Finnhub (Empfehlungen)-Fehler (HTTP 403) bei stock/recommendation: b'{"error":"You don\'t have access to this resource."}'
[2026-10-05 13:12:12]   FMP-Fehler (HTTP 402) bei news/stock: b'Restricted Endpoint: This endpoint is not available under your current subscription please visit our subscription page to upgrade your plan at https:/'
[2026-10-05 13:12:13]   Finnhub (News)-Fehler (HTTP 403) bei company-news: b'{"error":"You don\'t have access to this resource."}'
[2026-10-05 13:12:13]   FMP-Fehler (HTTP 402) bei grades: b"Premium Query Parameter: 'Special Endpoint : This value set for 'symbol' is not available under your current subscription please visit our subscriptio"
[2026-10-05 13:12:13]   Finnhub (Empfehlungen)-Fehler (HTTP 403) bei stock/recommendation: b'{"error":"You don\'t have access to this resource."}'
[2026-10-05 13:12:13]   FMP-Fehler (HTTP 402) bei news/stock: b'Restricted Endpoint: This endpoint is not available under your current subscription please visit our subscription page to upgrade your plan at https:/'
[2026-10-05 13:12:14]   Finnhub (News)-Fehler (HTTP 403) bei company-news: b'{"error":"You don\'t have access to this resource."}'
[2026-10-05 13:12:14]   FMP-Fehler (HTTP 402) bei grades: b"Premium Query Parameter: 'Special Endpoint : This value set for 'symbol' is not available under your current subscription please visit our subscriptio"
[2026-10-05 13:12:14]   Finnhub (Empfehlungen)-Fehler (HTTP 403) bei stock/recommendation: b'{"error":"You don\'t have access to this resource."}'
[2026-10-05 13:12:14]   FMP-Fehler (HTTP 402) bei news/stock: b'Restricted Endpoint: This endpoint is not available under your current subscription please visit our subscription page to upgrade your plan at https:/'
[2026-10-05 13:12:15]   Finnhub (News)-Fehler (HTTP 403) bei company-news: b'{"error":"You don\'t have access to this resource."}'
[2026-10-05 13:12:15]   FMP-Fehler (HTTP 402) bei grades: b"Premium Query Parameter: 'Special Endpoint : This value set for 'symbol' is not available under your current subscription please visit our subscriptio"
[2026-10-05 13:12:15]   Finnhub (Empfehlungen)-Fehler (HTTP 403) bei stock/recommendation: b'{"error":"You don\'t have access to this resource."}'
[2026-10-05 13:12:15]   FMP-Fehler (HTTP 402) bei news/stock: b'Restricted Endpoint: This endpoint is not available under your current subscription please visit our subscription page to upgrade your plan at https:/'
[2026-10-05 13:12:16]   Finnhub (News)-Fehler (HTTP 403) bei company-news: b'{"error":"You don\'t have access to this resource."}'
[2026-10-05 13:12:16]   FMP-Fehler (HTTP 402) bei grades: b"Premium Query Parameter: 'Special Endpoint : This value set for 'symbol' is not available under your current subscription please visit our subscriptio"
[2026-10-05 13:12:16]   Finnhub (Empfehlungen)-Fehler (HTTP 403) bei stock/recommendation: b'{"error":"You don\'t have access to this resource."}'
[2026-10-05 13:12:16]   FMP-Fehler (HTTP 402) bei news/stock: b'Restricted Endpoint: This endpoint is not available under your current subscription please visit our subscription page to upgrade your plan at https:/'
[2026-10-05 13:12:17]   Finnhub (News)-Fehler (HTTP 403) bei company-news: b'{"error":"You don\'t have access to this resource."}'
[2026-10-05 13:12:17]   FMP-Fehler (HTTP 402) bei grades: b"Premium Query Parameter: 'Special Endpoint : This value set for 'symbol' is not available under your current subscription please visit our subscriptio"
[2026-10-05 13:12:17]   Finnhub (Empfehlungen)-Fehler (HTTP 403) bei stock/recommendation: b'{"error":"You don\'t have access to this resource."}'
[2026-10-05 13:12:18]   FMP-Fehler (HTTP 402) bei news/stock: b'Restricted Endpoint: This endpoint is not available under your current subscription please visit our subscription page to upgrade your plan at https:/'
[2026-10-05 13:12:18]   Finnhub (News)-Fehler (HTTP 403) bei company-news: b'{"error":"You don\'t have access to this resource."}'
[2026-10-05 13:12:18]   FMP-Fehler (HTTP 402) bei grades: b"Premium Query Parameter: 'Special Endpoint : This value set for 'symbol' is not available under your current subscription please visit our subscriptio"
[2026-10-05 13:12:18]   Finnhub (Empfehlungen)-Fehler (HTTP 403) bei stock/recommendation: b'{"error":"You don\'t have access to this resource."}'
[2026-10-05 13:12:19]   FMP-Fehler (HTTP 402) bei news/stock: b'Restricted Endpoint: This endpoint is not available under your current subscription please visit our subscription page to upgrade your plan at https:/'
[2026-10-05 13:12:19]     -> News via Finnhub ergaenzt
[2026-10-05 13:12:19]   FMP-Fehler (HTTP 402) bei grades: b"Premium Query Parameter: 'Special Endpoint : This value set for 'symbol' is not available under your current subscription please visit our subscriptio"
[2026-10-05 13:12:19]     -> Analysten-Konsens via Finnhub ergaenzt
[2026-10-05 13:12:20]   FMP-Fehler (HTTP 402) bei news/stock: b'Restricted Endpoint: This endpoint is not available under your current subscription please visit our subscription page to upgrade your plan at https:/'
[2026-10-05 13:12:20]   Finnhub (News)-Fehler (HTTP 403) bei company-news: b'{"error":"You don\'t have access to this resource."}'
[2026-10-05 13:12:21]   FMP-Fehler (HTTP 402) bei grades: b"Premium Query Parameter: 'Special Endpoint : This value set for 'symbol' is not available under your current subscription please visit our subscriptio"
[2026-10-05 13:12:21]   Finnhub (Empfehlungen)-Fehler (HTTP 403) bei stock/recommendation: b'{"error":"You don\'t have access to this resource."}'
[2026-10-05 13:12:21]   FMP-Fehler (HTTP 402) bei news/stock: b'Restricted Endpoint: This endpoint is not available under your current subscription please visit our subscription page to upgrade your plan at https:/'
[2026-10-05 13:12:21]   Finnhub (News)-Fehler (HTTP 403) bei company-news: b'{"error":"You don\'t have access to this resource."}'
[2026-10-05 13:12:22]   FMP-Fehler (HTTP 402) bei grades: b"Premium Query Parameter: 'Special Endpoint : This value set for 'symbol' is not available under your current subscription please visit our subscriptio"
[2026-10-05 13:12:22]   Finnhub (Empfehlungen)-Fehler (HTTP 403) bei stock/recommendation: b'{"error":"You don\'t have access to this resource."}'
[2026-10-05 13:12:22]   FMP-Fehler (HTTP 402) bei news/stock: b'Restricted Endpoint: This endpoint is not available under your current subscription please visit our subscription page to upgrade your plan at https:/'
[2026-10-05 13:12:22]   Finnhub (News)-Fehler (HTTP 403) bei company-news: b'{"error":"You don\'t have access to this resource."}'
[2026-10-05 13:12:23]   FMP-Fehler (HTTP 402) bei grades: b"Premium Query Parameter: 'Special Endpoint : This value set for 'symbol' is not available under your current subscription please visit our subscriptio"
[2026-10-05 13:12:23]   Finnhub (Empfehlungen)-Fehler (HTTP 403) bei stock/recommendation: b'{"error":"You don\'t have access to this resource."}'
[2026-10-05 13:12:23]   FMP-Fehler (HTTP 402) bei news/stock: b'Restricted Endpoint: This endpoint is not available under your current subscription please visit our subscription page to upgrade your plan at https:/'
[2026-10-05 13:12:23]   Finnhub (News)-Fehler (HTTP 403) bei company-news: b'{"error":"You don\'t have access to this resource."}'
[2026-10-05 13:12:24]   FMP-Fehler (HTTP 402) bei grades: b"Premium Query Parameter: 'Special Endpoint : This value set for 'symbol' is not available under your current subscription please visit our subscriptio"
[2026-10-05 13:12:24]   Finnhub (Empfehlungen)-Fehler (HTTP 403) bei stock/recommendation: b'{"error":"You don\'t have access to this resource."}'
[2026-10-05 13:12:24]   FMP-Fehler (HTTP 402) bei news/stock: b'Restricted Endpoint: This endpoint is not available under your current subscription please visit our subscription page to upgrade your plan at https:/'
[2026-10-05 13:12:24]     -> News via Finnhub ergaenzt
[2026-10-05 13:12:25]   FMP-Fehler (HTTP 402) bei grades: b"Premium Query Parameter: 'Special Endpoint : This value set for 'symbol' is not available under your current subscription please visit our subscriptio"
[2026-10-05 13:12:25]     -> Analysten-Konsens via Finnhub ergaenzt
[2026-10-05 13:12:25]   FMP-Fehler (HTTP 402) bei news/stock: b'Restricted Endpoint: This endpoint is not available under your current subscription please visit our subscription page to upgrade your plan at https:/'
[2026-10-05 13:12:26]   Finnhub (News)-Fehler (HTTP 403) bei company-news: b'{"error":"You don\'t have access to this resource."}'
[2026-10-05 13:12:26]   FMP-Fehler (HTTP 402) bei grades: b"Premium Query Parameter: 'Special Endpoint : This value set for 'symbol' is not available under your current subscription please visit our subscriptio"
[2026-10-05 13:12:26]   Finnhub (Empfehlungen)-Fehler (HTTP 403) bei stock/recommendation: b'{"error":"You don\'t have access to this resource."}'
[2026-10-05 13:12:26]   FMP-Fehler (HTTP 402) bei news/stock: b'Restricted Endpoint: This endpoint is not available under your current subscription please visit our subscription page to upgrade your plan at https:/'
[2026-10-05 13:12:27]     -> News via Finnhub ergaenzt
[2026-10-05 13:12:27]   FMP-Fehler (HTTP 402) bei grades: b"Premium Query Parameter: 'Special Endpoint : This value set for 'symbol' is not available under your current subscription please visit our subscriptio"
[2026-10-05 13:12:27]     -> Analysten-Konsens via Finnhub ergaenzt
[2026-10-05 13:12:27]   FMP-Fehler (HTTP 402) bei news/stock: b'Restricted Endpoint: This endpoint is not available under your current subscription please visit our subscription page to upgrade your plan at https:/'
[2026-10-05 13:12:28]   Finnhub (News)-Fehler (HTTP 403) bei company-news: b'{"error":"You don\'t have access to this resource."}'
[2026-10-05 13:12:28]   FMP-Fehler (HTTP 402) bei grades: b"Premium Query Parameter: 'Special Endpoint : This value set for 'symbol' is not available under your current subscription please visit our subscriptio"
[2026-10-05 13:12:28]   Finnhub (Empfehlungen)-Fehler (HTTP 403) bei stock/recommendation: b'{"error":"You don\'t have access to this resource."}'
[2026-10-05 13:12:28]   FMP-Fehler (HTTP 402) bei news/stock: b'Restricted Endpoint: This endpoint is not available under your current subscription please visit our subscription page to upgrade your plan at https:/'
[2026-10-05 13:12:28]   Finnhub (News)-Fehler (HTTP 403) bei company-news: b'{"error":"You don\'t have access to this resource."}'
[2026-10-05 13:12:29]   FMP-Fehler (HTTP 402) bei grades: b"Premium Query Parameter: 'Special Endpoint : This value set for 'symbol' is not available under your current subscription please visit our subscriptio"
[2026-10-05 13:12:29]   Finnhub (Empfehlungen)-Fehler (HTTP 403) bei stock/recommendation: b'{"error":"You don\'t have access to this resource."}'
[2026-10-05 13:12:29]   FMP-Fehler (HTTP 402) bei news/stock: b'Restricted Endpoint: This endpoint is not available under your current subscription please visit our subscription page to upgrade your plan at https:/'
[2026-10-05 13:12:29]     -> News via Finnhub ergaenzt
[2026-10-05 13:12:30]   FMP-Fehler (HTTP 402) bei grades: b"Premium Query Parameter: 'Special Endpoint : This value set for 'symbol' is not available under your current subscription please visit our subscriptio"
[2026-10-05 13:12:30]     -> Analysten-Konsens via Finnhub ergaenzt
[2026-10-05 13:12:30]   FMP-Fehler (HTTP 402) bei news/stock: b'Restricted Endpoint: This endpoint is not available under your current subscription please visit our subscription page to upgrade your plan at https:/'
[2026-10-05 13:12:31]   Finnhub (News)-Fehler (HTTP 403) bei company-news: b'{"error":"You don\'t have access to this resource."}'
[2026-10-05 13:12:31]   FMP-Fehler (HTTP 402) bei grades: b"Premium Query Parameter: 'Special Endpoint : This value set for 'symbol' is not available under your current subscription please visit our subscriptio"
[2026-10-05 13:12:31]   Finnhub (Empfehlungen)-Fehler (HTTP 403) bei stock/recommendation: b'{"error":"You don\'t have access to this resource."}'
[2026-10-05 13:12:31]   FMP-Fehler (HTTP 402) bei news/stock: b'Restricted Endpoint: This endpoint is not available under your current subscription please visit our subscription page to upgrade your plan at https:/'
[2026-10-05 13:12:32]   Finnhub (News)-Fehler (HTTP 403) bei company-news: b'{"error":"You don\'t have access to this resource."}'
[2026-10-05 13:12:32]   FMP-Fehler (HTTP 402) bei grades: b"Premium Query Parameter: 'Special Endpoint : This value set for 'symbol' is not available under your current subscription please visit our subscriptio"
[2026-10-05 13:12:32]   Finnhub (Empfehlungen)-Fehler (HTTP 403) bei stock/recommendation: b'{"error":"You don\'t have access to this resource."}'
[2026-10-05 13:12:33]   FMP-Fehler (HTTP 402) bei news/stock: b'Restricted Endpoint: This endpoint is not available under your current subscription please visit our subscription page to upgrade your plan at https:/'
[2026-10-05 13:12:33]   Finnhub (News)-Fehler (HTTP 403) bei company-news: b'{"error":"You don\'t have access to this resource."}'
[2026-10-05 13:12:33]   FMP-Fehler (HTTP 402) bei grades: b"Premium Query Parameter: 'Special Endpoint : This value set for 'symbol' is not available under your current subscription please visit our subscriptio"
[2026-10-05 13:12:33]   Finnhub (Empfehlungen)-Fehler (HTTP 403) bei stock/recommendation: b'{"error":"You don\'t have access to this resource."}'
[2026-10-05 13:12:34]   FMP-Fehler (HTTP 402) bei news/stock: b'Restricted Endpoint: This endpoint is not available under your current subscription please visit our subscription page to upgrade your plan at https:/'
[2026-10-05 13:12:34]     -> News via Finnhub ergaenzt
[2026-10-05 13:12:34]   FMP-Fehler (HTTP 402) bei grades: b"Premium Query Parameter: 'Special Endpoint : This value set for 'symbol' is not available under your current subscription please visit our subscriptio"
[2026-10-05 13:12:34]     -> Analysten-Konsens via Finnhub ergaenzt
[2026-10-05 13:12:35]   FMP-Fehler (HTTP 402) bei news/stock: b'Restricted Endpoint: This endpoint is not available under your current subscription please visit our subscription page to upgrade your plan at https:/'
[2026-10-05 13:12:35]   Finnhub (News)-Fehler (HTTP 403) bei company-news: b'{"error":"You don\'t have access to this resource."}'
[2026-10-05 13:12:36]   FMP-Fehler (HTTP 402) bei grades: b"Premium Query Parameter: 'Special Endpoint : This value set for 'symbol' is not available under your current subscription please visit our subscriptio"
[2026-10-05 13:12:36]   Finnhub (Empfehlungen)-Fehler (HTTP 403) bei stock/recommendation: b'{"error":"You don\'t have access to this resource."}'
[2026-10-05 13:12:36]   FMP-Fehler (HTTP 402) bei news/stock: b'Restricted Endpoint: This endpoint is not available under your current subscription please visit our subscription page to upgrade your plan at https:/'
[2026-10-05 13:12:36]   Finnhub (News)-Fehler (HTTP 403) bei company-news: b'{"error":"You don\'t have access to this resource."}'
[2026-10-05 13:12:37]   FMP-Fehler (HTTP 402) bei grades: b"Premium Query Parameter: 'Special Endpoint : This value set for 'symbol' is not available under your current subscription please visit our subscriptio"
[2026-10-05 13:12:37]   Finnhub (Empfehlungen)-Fehler (HTTP 403) bei stock/recommendation: b'{"error":"You don\'t have access to this resource."}'
[2026-10-05 13:12:37]   FMP-Fehler (HTTP 402) bei news/stock: b'Restricted Endpoint: This endpoint is not available under your current subscription please visit our subscription page to upgrade your plan at https:/'
[2026-10-05 13:12:37]   Finnhub (News)-Fehler (HTTP 403) bei company-news: b'{"error":"You don\'t have access to this resource."}'
[2026-10-05 13:12:38]   FMP-Fehler (HTTP 402) bei grades: b"Premium Query Parameter: 'Special Endpoint : This value set for 'symbol' is not available under your current subscription please visit our subscriptio"
[2026-10-05 13:12:38]   Finnhub (Empfehlungen)-Fehler (HTTP 403) bei stock/recommendation: b'{"error":"You don\'t have access to this resource."}'
[2026-10-05 13:12:38]   FMP-Fehler (HTTP 402) bei news/stock: b'Restricted Endpoint: This endpoint is not available under your current subscription please visit our subscription page to upgrade your plan at https:/'
[2026-10-05 13:12:38]   Finnhub (News)-Fehler (HTTP 403) bei company-news: b'{"error":"You don\'t have access to this resource."}'
[2026-10-05 13:12:39]   FMP-Fehler (HTTP 402) bei grades: b"Premium Query Parameter: 'Special Endpoint : This value set for 'symbol' is not available under your current subscription please visit our subscriptio"
[2026-10-05 13:12:39]   Finnhub (Empfehlungen)-Fehler (HTTP 403) bei stock/recommendation: b'{"error":"You don\'t have access to this resource."}'
[2026-10-05 13:12:39] Alle Titel ohne Fehler verarbeitet.
[2026-10-05 13:12:39] Fertig. Bericht aktualisiert: /home/runner/work/dividendenatlas/dividendenatlas/dividendenatlas.html
[2026-10-06 12:30:32] my_depot.json existierte nicht - Beispiel-Datei angelegt unter /home/runner/work/dividendenatlas/dividendenatlas/my_depot.json
[2026-10-06 12:30:32] Hole Kurse fuer 221 Ticker (0 im Depot, 221 in stammdaten.json) ...
[2026-10-06 12:30:33]   Live-Wechselkurse geholt: {'EUR': 1.0, 'USD': 0.892538, 'GBP': 1.180359, 'CHF': 1.073998, 'JPY': 0.005641, 'HKD': 0.113733, 'SGD': 0.697156, 'KRW': 0.000664, 'BRL': 0.179054}
[2026-10-06 12:30:33] Kennzahlen auffrischen: 36 Titel ueber stockanalysis (Ausschuettungsquote + Verschuldung, ein Abruf je Titel).
[2026-10-06 12:30:33] Davon 32 ETFs - fuer 1 werden Kostenquote, Fondsgroesse, Sektor- und Laendergewichte geholt.
[2026-10-06 12:30:33] Analysteneinstufungen auffrischen: 16 Titel (Konsens, Kursziel und die 12-Monats-Historie).
[2026-10-06 12:30:33]   Hole Kurs fuer 8395.T ...
[2026-10-06 12:30:33]     -> 2 Ausschuettung(en) in 12 Monaten (halbjaehrlich), Summe 115.0 JPY
[2026-10-06 12:30:33]     -> stockanalysis: weder Quote noch Verschuldung fuer 8395.T gefunden (Seite erreichbar, Layout evtl. geaendert)
[2026-10-06 12:30:33]     -> keine Analystenabdeckung fuer 8395.T (Prognoseseite existiert nicht)
[2026-10-06 12:30:35]   Leeway.tech-Fehler (HTTP 404) bei fundamentals/8395.XTKS: b'{"msg":"Fundamentals for code and exchange not found"}'
[2026-10-06 12:30:35]   Leeway lieferte keine verwertbare Antwort fuer 8395.XTKS
[2026-10-06 12:30:35]   Hole Kurs fuer UCG.MI ...
[2026-10-06 12:30:35]     -> 2 Ausschuettung(en) in 12 Monaten (jaehrlich), Summe 3.149 EUR
[2026-10-06 12:30:36]   Leeway.tech-Fehler (HTTP 404) bei fundamentals/UCG.XMIL: b'{"msg":"Fundamentals for code and exchange not found"}'
[2026-10-06 12:30:36]   Leeway lieferte keine verwertbare Antwort fuer UCG.XMIL
[2026-10-06 12:30:36]   Hole Kurs fuer MKC ...
[2026-10-06 12:30:37]     -> 4 Ausschuettung(en) in 12 Monaten (quartalsweise), Summe 1.89 USD
[2026-10-06 12:30:37]   Hole Kurs fuer ESS ...
[2026-10-06 12:30:37]     -> 4 Ausschuettung(en) in 12 Monaten (quartalsweise), Summe 10.34 USD
[2026-10-06 12:30:37]   Hole Kurs fuer GLEN.L ...
[2026-10-06 12:30:37]     -> 2 Ausschuettung(en) in 12 Monaten (halbjaehrlich), Summe 12.5647 GBp
[2026-10-06 12:30:38]   Leeway.tech-Fehler (HTTP 404) bei fundamentals/GLEN.XLON: b'{"msg":"Fundamentals for code and exchange not found"}'
[2026-10-06 12:30:38]   Leeway lieferte keine verwertbare Antwort fuer GLEN.XLON
[2026-10-06 12:30:38]   Hole Kurs fuer CINF ...
[2026-10-06 12:30:38]     -> 4 Ausschuettung(en) in 12 Monaten (quartalsweise), Summe 3.69 USD
[2026-10-06 12:30:39]   Hole Kurs fuer GUHY.DE ...
[2026-10-06 12:30:39]     -> 2 Ausschuettung(en) in 12 Monaten (halbjaehrlich), Summe 2.693664 EUR
[2026-10-06 12:30:39]   Leeway.tech-Fehler (HTTP 404) bei fundamentals/GUHY.XETRA: b'{"msg":"Fundamentals for code and exchange not found"}'
[2026-10-06 12:30:39]   Leeway lieferte keine verwertbare Antwort fuer GUHY.XETRA
[2026-10-06 12:30:40]   Hole Kurs fuer 8972.T ...
[2026-10-06 12:30:40]     -> 2 Ausschuettung(en) in 12 Monaten (halbjaehrlich), Summe 8271.0 JPY
[2026-10-06 12:30:40]   Leeway.tech-Fehler (HTTP 404) bei fundamentals/8972.XTKS: b'{"msg":"Fundamentals for code and exchange not found"}'
[2026-10-06 12:30:40]   Leeway lieferte keine verwertbare Antwort fuer 8972.XTKS
[2026-10-06 12:30:40]     -> Hinweis: hinterlegte Verschuldung 1.3 weicht vom berechneten Wert 0.92 ab - Automatik hat Vorrang.
[2026-10-06 12:30:41]   Hole Kurs fuer KMB ...
[2026-10-06 12:30:41]     -> 4 Ausschuettung(en) in 12 Monaten (quartalsweise), Summe 5.1 USD
[2026-10-06 12:30:41]   Hole Kurs fuer STAG ...
[2026-10-06 12:30:41]     -> 6 Ausschuettung(en) in 12 Monaten (monatlich), Summe 1.536 USD [unvollstaendig]
[2026-10-06 12:30:41]   Hole Kurs fuer EC ...
[2026-10-06 12:30:42]     -> 1 Ausschuettung(en) in 12 Monaten (halbjaehrlich), Summe 0.661 USD [unvollstaendig]
[2026-10-06 12:30:42]   Hole Kurs fuer ECL ...
[2026-10-06 12:30:42]     -> Hinweis: hinterlegte Dividende 2.3 weicht +27% von den tatsaechlich gezahlten 2.92 ab - Automatik hat Vorrang.
[2026-10-06 12:30:42]     -> 4 Ausschuettung(en) in 12 Monaten (quartalsweise), Summe 2.92 USD
[2026-10-06 12:30:42]   Hole Kurs fuer FAHY.DE ...
[2026-10-06 12:30:42]     -> 4 Ausschuettung(en) in 12 Monaten (quartalsweise), Summe 1.208557 EUR
[2026-10-06 12:30:43]   Leeway: keine Ausschuettungsquote fuer FAHY.XETRA (vorhandene Abschnitte: ETF_Data, General, Technicals)
[2026-10-06 12:30:43]   Hole Kurs fuer GPC ...
[2026-10-06 12:30:43]     -> 4 Ausschuettung(en) in 12 Monaten (quartalsweise), Summe 4.219 USD
[2026-10-06 12:30:43]   Hole Kurs fuer LEG.DE ...
[2026-10-06 12:30:44]     -> 1 Ausschuettung(en) in 12 Monaten (jaehrlich), Summe 2.92 EUR
[2026-10-06 12:30:44]   Hole Kurs fuer MB.MI ...
[2026-10-06 12:30:44]     -> 2 Ausschuettung(en) in 12 Monaten (halbjaehrlich), Summe 1.22 EUR
[2026-10-06 12:30:45]   Leeway.tech-Fehler (HTTP 404) bei fundamentals/MB.XMIL: b'{"msg":"Fundamentals for code and exchange not found"}'
[2026-10-06 12:30:45]   Leeway lieferte keine verwertbare Antwort fuer MB.XMIL
[2026-10-06 12:30:45]   Hole Kurs fuer CS.PA ...
[2026-10-06 12:30:45]     -> 1 Ausschuettung(en) in 12 Monaten (jaehrlich), Summe 2.32 EUR
[2026-10-06 12:30:45]   Leeway.tech-Fehler (HTTP 404) bei fundamentals/CS.XPAR: b'{"msg":"Fundamentals for code and exchange not found"}'
[2026-10-06 12:30:45]   Leeway lieferte keine verwertbare Antwort fuer CS.XPAR
[2026-10-06 12:30:46]   Hole Kurs fuer SREN.SW ...
[2026-10-06 12:30:46]     -> 1 Ausschuettung(en) in 12 Monaten (jaehrlich), Summe 6.64824 CHF
[2026-10-06 12:30:46]   Leeway.tech-Fehler (HTTP 404) bei fundamentals/SREN.XSWX: b'{"msg":"Fundamentals for code and exchange not found"}'
[2026-10-06 12:30:46]   Leeway lieferte keine verwertbare Antwort fuer SREN.XSWX
[2026-10-06 12:30:46]   Hole Kurs fuer SIX2.DE ...
[2026-10-06 12:30:47]     -> 1 Ausschuettung(en) in 12 Monaten (jaehrlich), Summe 3.2 EUR
[2026-10-06 12:30:47]     -> Hinweis: hinterlegte Verschuldung 0.8 weicht vom berechneten Wert 2.12 ab - Automatik hat Vorrang.
[2026-10-06 12:30:47]   Hole Kurs fuer HRL ...
[2026-10-06 12:30:47]     -> 4 Ausschuettung(en) in 12 Monaten (quartalsweise), Summe 1.169 USD
[2026-10-06 12:30:47]   Hole Kurs fuer WMT ...
[2026-10-06 12:30:47]     -> 4 Ausschuettung(en) in 12 Monaten (quartalsweise), Summe 0.979 USD
[2026-10-06 12:30:48]   Hole Kurs fuer PBA ...
[2026-10-06 12:30:48]     -> 3 Ausschuettung(en) in 12 Monaten (quartalsweise), Summe 1.572 USD [unvollstaendig]
[2026-10-06 12:30:48]     -> keine Analystenabdeckung fuer PBA (Prognoseseite existiert nicht)
[2026-10-06 12:30:48]     -> Hinweis: hinterlegte Verschuldung 1.2 weicht vom berechneten Wert 0.81 ab - Automatik hat Vorrang.
[2026-10-06 12:30:48]   Hole Kurs fuer LTC ...
[2026-10-06 12:30:49]     -> 12 Ausschuettung(en) in 12 Monaten (monatlich), Summe 2.28 USD
[2026-10-06 12:30:49]     -> Hinweis: hinterlegte Verschuldung 1.3 weicht vom berechneten Wert 0.58 ab - Automatik hat Vorrang.
[2026-10-06 12:30:49]   Hole Kurs fuer EPR ...
[2026-10-06 12:30:49]     -> 12 Ausschuettung(en) in 12 Monaten (monatlich), Summe 3.645 USD
[2026-10-06 12:30:49]   Hole Kurs fuer ZURN.SW ...
[2026-10-06 12:30:49]     -> 1 Ausschuettung(en) in 12 Monaten (jaehrlich), Summe 30.0 CHF
[2026-10-06 12:30:50]   Leeway.tech-Fehler (HTTP 404) bei fundamentals/ZURN.XSWX: b'{"msg":"Fundamentals for code and exchange not found"}'
[2026-10-06 12:30:50]   Leeway lieferte keine verwertbare Antwort fuer ZURN.XSWX
[2026-10-06 12:30:50]   Hole Kurs fuer EMR ...
[2026-10-06 12:30:50]     -> 4 Ausschuettung(en) in 12 Monaten (quartalsweise), Summe 2.22 USD
[2026-10-06 12:30:50]   Hole Kurs fuer ISP.MI ...
[2026-10-06 12:30:51]     -> 2 Ausschuettung(en) in 12 Monaten (halbjaehrlich), Summe 0.376 EUR
[2026-10-06 12:30:51]   Leeway.tech-Fehler (HTTP 404) bei fundamentals/ISP.XMIL: b'{"msg":"Fundamentals for code and exchange not found"}'
[2026-10-06 12:30:51]   Leeway lieferte keine verwertbare Antwort fuer ISP.XMIL
[2026-10-06 12:30:51]   Hole Kurs fuer DX ...
[2026-10-06 12:30:52]     -> 12 Ausschuettung(en) in 12 Monaten (monatlich), Summe 2.04 USD
[2026-10-06 12:30:52]   Hole Kurs fuer UDIV.DE ...
[2026-10-06 12:30:52]     -> 12 Ausschuettung(en) in 12 Monaten (monatlich), Summe 0.828541 EUR
[2026-10-06 12:30:52]   Leeway: keine Ausschuettungsquote fuer UDIV.XETRA (vorhandene Abschnitte: ETF_Data, General, Technicals)
[2026-10-06 12:30:53]   Hole Kurs fuer DEQ.DE ...
[2026-10-06 12:30:53]     -> 1 Ausschuettung(en) in 12 Monaten (jaehrlich), Summe 1.0 EUR
[2026-10-06 12:30:53]     -> Hinweis: hinterlegte Verschuldung 1.3 weicht vom berechneten Wert 0.97 ab - Automatik hat Vorrang.
[2026-10-06 12:30:53]     -> Hinweis: geschaetzte Quote 69.25% weicht +58 Prozentpunkte vom echten Wert 127.72% ab - Automatik hat Vorrang.
[2026-10-06 12:30:53]   Hole Kurs fuer PAH3.DE ...
[2026-10-06 12:30:53]     -> 1 Ausschuettung(en) in 12 Monaten (jaehrlich), Summe 1.51 EUR
[2026-10-06 12:30:53]     -> Hinweis: hinterlegte Verschuldung 0.8 weicht vom berechneten Wert 0.19 ab - Automatik hat Vorrang.
[2026-10-06 12:30:53]     -> Hinweis: geschaetzte Quote 22.65% weicht +464 Prozentpunkte vom echten Wert 486.32% ab - Automatik hat Vorrang.
[2026-10-06 12:30:53]   Hole Kurs fuer IBCA.DE ...
[2026-10-06 12:30:53]     -> 2 Ausschuettung(en) in 12 Monaten (halbjaehrlich), Summe 3.024 EUR
[2026-10-06 12:30:54]   Leeway: keine Ausschuettungsquote fuer IBCA.XETRA (vorhandene Abschnitte: ETF_Data, General, Technicals)
[2026-10-06 12:30:54]   Hole Kurs fuer INCU.DE ...
[2026-10-06 12:30:54]     -> 4 Ausschuettung(en) in 12 Monaten (quartalsweise), Summe 0.355591 EUR
[2026-10-06 12:30:55]   Leeway: keine Ausschuettungsquote fuer INCU.XETRA (vorhandene Abschnitte: ETF_Data, General, Technicals)
[2026-10-06 12:30:55]   Hole Kurs fuer ENEL.MI ...
[2026-10-06 12:30:55]     -> 2 Ausschuettung(en) in 12 Monaten (halbjaehrlich), Summe 0.49 EUR
[2026-10-06 12:30:56]   Leeway.tech-Fehler (HTTP 404) bei fundamentals/ENEL.XMIL: b'{"msg":"Fundamentals for code and exchange not found"}'
[2026-10-06 12:30:56]   Leeway lieferte keine verwertbare Antwort fuer ENEL.XMIL
[2026-10-06 12:30:56]   Hole Kurs fuer ELE.MC ...
[2026-10-06 12:30:56]     -> 2 Ausschuettung(en) in 12 Monaten (halbjaehrlich), Summe 1.584 EUR
[2026-10-06 12:30:57]   Leeway.tech-Fehler (HTTP 404) bei fundamentals/ELE.XMAD: b'{"msg":"Fundamentals for code and exchange not found"}'
[2026-10-06 12:30:57]   Leeway lieferte keine verwertbare Antwort fuer ELE.XMAD
[2026-10-06 12:30:57]     -> Hinweis: geschaetzte Quote 75% weicht -23 Prozentpunkte vom echten Wert 52.49% ab - Automatik hat Vorrang.
[2026-10-06 12:30:57]   Hole Kurs fuer SHW ...
[2026-10-06 12:30:57]     -> 4 Ausschuettung(en) in 12 Monaten (quartalsweise), Summe 3.19 USD
[2026-10-06 12:30:57]   Hole Kurs fuer VNA.DE ...
[2026-10-06 12:30:57]     -> 1 Ausschuettung(en) in 12 Monaten (jaehrlich), Summe 1.25 EUR
[2026-10-06 12:30:57]     -> Hinweis: geschaetzte Quote 51.42% weicht -24 Prozentpunkte vom echten Wert 27.42% ab - Automatik hat Vorrang.
[2026-10-06 12:30:58]   Hole Kurs fuer NDA-FI.HE ...
[2026-10-06 12:30:58]     -> 2 Ausschuettung(en) in 12 Monaten (jaehrlich), Summe 1.3 EUR
[2026-10-06 12:30:58]   Hole Kurs fuer FRT ...
[2026-10-06 12:30:58]     -> 4 Ausschuettung(en) in 12 Monaten (quartalsweise), Summe 4.55 USD
[2026-10-06 12:30:58]   Hole Kurs fuer DOV ...
[2026-10-06 12:30:58]     -> 4 Ausschuettung(en) in 12 Monaten (quartalsweise), Summe 2.085 USD
[2026-10-06 12:30:59]   Hole Kurs fuer MMM ...
[2026-10-06 12:30:59]     -> 4 Ausschuettung(en) in 12 Monaten (quartalsweise), Summe 3.07 USD
[2026-10-06 12:30:59]   Hole Kurs fuer PWO.DE ...
[2026-10-06 12:30:59]     -> 1 Ausschuettung(en) in 12 Monaten (jaehrlich), Summe 1.65 EUR
[2026-10-06 12:30:59]     -> keine Analystenabdeckung fuer PWO.DE (Prognoseseite existiert nicht)
[2026-10-06 12:31:01]     -> Ausschuettungsquote 1.9% via Leeway
[2026-10-06 12:31:01]     -> isin, market_cap, payout_ratio_pct via Leeway.tech ergaenzt
[2026-10-06 12:31:01]   Hole Kurs fuer PFE ...
[2026-10-06 12:31:01]     -> 4 Ausschuettung(en) in 12 Monaten (quartalsweise), Summe 1.72 USD
[2026-10-06 12:31:01]     -> Hinweis: geschaetzte Quote 131% weicht +95 Prozentpunkte vom echten Wert 226.35% ab - Automatik hat Vorrang.
[2026-10-06 12:31:01]   Hole Kurs fuer KIM ...
[2026-10-06 12:31:02]     -> 4 Ausschuettung(en) in 12 Monaten (quartalsweise), Summe 1.06 USD
[2026-10-06 12:31:02]     -> Hinweis: hinterlegte Verschuldung 1.3 weicht vom berechneten Wert 0.85 ab - Automatik hat Vorrang.
[2026-10-06 12:31:02]   Hole Kurs fuer CB ...
[2026-10-06 12:31:02]     -> Hinweis: hinterlegte Dividende 3.8 weicht -21% von den tatsaechlich gezahlten 3.01 ab - Automatik hat Vorrang.
[2026-10-06 12:31:02]     -> 3 Ausschuettung(en) in 12 Monaten (quartalsweise), Summe 3.01 USD [unvollstaendig]
[2026-10-06 12:31:02]   Hole Kurs fuer DWNI.DE ...
[2026-10-06 12:31:02]     -> 1 Ausschuettung(en) in 12 Monaten (jaehrlich), Summe 0.04 EUR
[2026-10-06 12:31:02]     -> Hinweis: hinterlegte Verschuldung 1.3 weicht vom berechneten Wert 0.51 ab - Automatik hat Vorrang.
[2026-10-06 12:31:02]     -> Hinweis: geschaetzte Quote 46.17% weicht -45 Prozentpunkte vom echten Wert 1.06% ab - Automatik hat Vorrang.
[2026-10-06 12:31:02]   Hole Kurs fuer IMB.L ...
[2026-10-06 12:31:03]     -> Hinweis: hinterlegte Dividende 1.6 weicht +10120% von den tatsaechlich gezahlten 163.519996 ab - Automatik hat Vorrang.
[2026-10-06 12:31:03]     -> 4 Ausschuettung(en) in 12 Monaten (quartalsweise), Summe 163.519996 GBp
[2026-10-06 12:31:03]   Leeway.tech-Fehler (HTTP 429) bei fundamentals/IMB.XLON: b'Your limit of 50 requests per day has been reached.'
[2026-10-06 12:31:03]   Leeway lieferte keine verwertbare Antwort fuer IMB.XLON
[2026-10-06 12:31:03]   Hole Kurs fuer CPFE3.SA ...
[2026-10-06 12:31:03]     -> 1 Ausschuettung(en) in 12 Monaten (jaehrlich), Summe 3.731536 BRL
[2026-10-06 12:31:03]     -> Hinweis: hinterlegte Verschuldung 1.2 weicht vom berechneten Wert 1.55 ab - Automatik hat Vorrang.
[2026-10-06 12:31:03]     -> Hinweis: geschaetzte Quote 65% weicht -25 Prozentpunkte vom echten Wert 39.97% ab - Automatik hat Vorrang.
[2026-10-06 12:31:04]   Hole Kurs fuer EVSD.DE ...
[2026-10-06 12:31:04]     -> 12 Ausschuettung(en) in 12 Monaten (monatlich), Summe 1.377 EUR
[2026-10-06 12:31:04]   Leeway.tech-Fehler (HTTP 429) bei fundamentals/EVSD.XETRA: b'Your limit of 50 requests per day has been reached.'
[2026-10-06 12:31:04]   Leeway lieferte keine verwertbare Antwort fuer EVSD.XETRA
[2026-10-06 12:31:04]   Hole Kurs fuer QYLE.DE ...
[2026-10-06 12:31:04]     -> 11 Ausschuettung(en) in 12 Monaten (monatlich), Summe 1.562642 EUR [unvollstaendig]
[2026-10-06 12:31:05]   Leeway.tech-Fehler (HTTP 429) bei fundamentals/QYLE.XETRA: b'Your limit of 50 requests per day has been reached.'
[2026-10-06 12:31:05]   Leeway lieferte keine verwertbare Antwort fuer QYLE.XETRA
[2026-10-06 12:31:05]   Hole Kurs fuer SHEL.L ...
[2026-10-06 12:31:05]     -> Hinweis: hinterlegte Dividende 0.86 weicht +13019% von den tatsaechlich gezahlten 112.819997 ab - Automatik hat Vorrang.
[2026-10-06 12:31:05]     -> 4 Ausschuettung(en) in 12 Monaten (quartalsweise), Summe 112.819997 GBp
[2026-10-06 12:31:05]   Hole Kurs fuer KMI ...
[2026-10-06 12:31:06]     -> 4 Ausschuettung(en) in 12 Monaten (quartalsweise), Summe 1.182 USD
[2026-10-06 12:31:06]   Hole Kurs fuer 8616.T ...
[2026-10-06 12:31:06]     -> 2 Ausschuettung(en) in 12 Monaten (halbjaehrlich), Summe 53.0 JPY
[2026-10-06 12:31:06]     -> keine Analystenabdeckung fuer 8616.T (Prognoseseite existiert nicht)
[2026-10-06 12:31:07]   Hole Kurs fuer LOW ...
[2026-10-06 12:31:07]     -> 4 Ausschuettung(en) in 12 Monaten (quartalsweise), Summe 4.85 USD
[2026-10-06 12:31:07]   Hole Kurs fuer NESN.SW ...
[2026-10-06 12:31:07]     -> 1 Ausschuettung(en) in 12 Monaten (jaehrlich), Summe 3.1 CHF
[2026-10-06 12:31:07]   Hole Kurs fuer CLX ...
[2026-10-06 12:31:08]     -> 4 Ausschuettung(en) in 12 Monaten (quartalsweise), Summe 4.97 USD
[2026-10-06 12:31:08]   Hole Kurs fuer XAT1.DE ...
[2026-10-06 12:31:08]     -> 4 Ausschuettung(en) in 12 Monaten (quartalsweise), Summe 0.9842 EUR
[2026-10-06 12:31:08]   Hole Kurs fuer SWED-A.ST ...
[2026-10-06 12:31:08]     -> 1 Ausschuettung(en) in 12 Monaten (jaehrlich), Summe 29.8 SEK
[2026-10-06 12:31:08]     -> Hinweis: geschaetzte Quote 55% weicht +52 Prozentpunkte vom echten Wert 107.26% ab - Automatik hat Vorrang.
[2026-10-06 12:31:09]   Hole Kurs fuer ABBV ...
[2026-10-06 12:31:09]     -> 4 Ausschuettung(en) in 12 Monaten (quartalsweise), Summe 6.83 USD
[2026-10-06 12:31:09]   Hole Kurs fuer AFL ...
[2026-10-06 12:31:09]     -> 4 Ausschuettung(en) in 12 Monaten (quartalsweise), Summe 2.41 USD
[2026-10-06 12:31:09]   Hole Kurs fuer MFC ...
[2026-10-06 12:31:10]     -> 3 Ausschuettung(en) in 12 Monaten (quartalsweise), Summe 1.058 USD [unvollstaendig]
[2026-10-06 12:31:10]     -> keine Analystenabdeckung fuer MFC (Prognoseseite existiert nicht)
[2026-10-06 12:31:10]   Hole Kurs fuer 8960.T ...
[2026-10-06 12:31:11]     -> 2 Ausschuettung(en) in 12 Monaten (halbjaehrlich), Summe 8734.0 JPY
[2026-10-06 12:31:11]     -> Hinweis: hinterlegte Verschuldung 1.3 weicht vom berechneten Wert 0.88 ab - Automatik hat Vorrang.
[2026-10-06 12:31:11]   Hole Kurs fuer BMW.DE ...
[2026-10-06 12:31:11]     -> 1 Ausschuettung(en) in 12 Monaten (jaehrlich), Summe 4.4 EUR
[2026-10-06 12:31:11]     -> Hinweis: hinterlegte Verschuldung 0.8 weicht vom berechneten Wert 1.2 ab - Automatik hat Vorrang.
[2026-10-06 12:31:11]   Hole Kurs fuer NUE ...
[2026-10-06 12:31:11]     -> 4 Ausschuettung(en) in 12 Monaten (quartalsweise), Summe 2.24 USD
[2026-10-06 12:31:11]   Hole Kurs fuer FNTN.DE ...
[2026-10-06 12:31:12]     -> 1 Ausschuettung(en) in 12 Monaten (jaehrlich), Summe 2.07 EUR
[2026-10-06 12:31:12]   Hole Kurs fuer PFLT ...
[2026-10-06 12:31:12]     -> Hinweis: hinterlegte Dividende 0.96 weicht +20% von den tatsaechlich gezahlten 1.156 ab - Automatik hat Vorrang.
[2026-10-06 12:31:12]     -> 12 Ausschuettung(en) in 12 Monaten (monatlich), Summe 1.156 USD
[2026-10-06 12:31:12]   Hole Kurs fuer MDT ...
[2026-10-06 12:31:12]     -> 4 Ausschuettung(en) in 12 Monaten (quartalsweise), Summe 2.86 USD
[2026-10-06 12:31:13]   Hole Kurs fuer ALV.DE ...
[2026-10-06 12:31:13]     -> 1 Ausschuettung(en) in 12 Monaten (jaehrlich), Summe 17.1 EUR
[2026-10-06 12:31:13]   Hole Kurs fuer TRYG.CO ...
[2026-10-06 12:31:13]     -> 4 Ausschuettung(en) in 12 Monaten (quartalsweise), Summe 8.4 DKK
[2026-10-06 12:31:13]   Hole Kurs fuer BDX ...
[2026-10-06 12:31:13]     -> 4 Ausschuettung(en) in 12 Monaten (quartalsweise), Summe 3.975472 USD
[2026-10-06 12:31:14]   Hole Kurs fuer SYBY.DE ...
[2026-10-06 12:31:14]     -> 2 Ausschuettung(en) in 12 Monaten (halbjaehrlich), Summe 1.447219 EUR
[2026-10-06 12:31:14]   Hole Kurs fuer CCI ...
[2026-10-06 12:31:14]     -> 4 Ausschuettung(en) in 12 Monaten (quartalsweise), Summe 4.252 USD
[2026-10-06 12:31:14]   Hole Kurs fuer UEFS.DE ...
[2026-10-06 12:31:14]     -> 2 Ausschuettung(en) in 12 Monaten (halbjaehrlich), Summe 0.536458 EUR
[2026-10-06 12:31:15]   Hole Kurs fuer LIN ...
[2026-10-06 12:31:15]     -> 4 Ausschuettung(en) in 12 Monaten (quartalsweise), Summe 6.3 USD
[2026-10-06 12:31:15]   Hole Kurs fuer 8985.T ...
[2026-10-06 12:31:15]     -> 1 Ausschuettung(en) in 12 Monaten (jaehrlich), Summe 5061.0 JPY
[2026-10-06 12:31:15]     -> Hinweis: hinterlegte Verschuldung 1.3 weicht vom berechneten Wert 0.98 ab - Automatik hat Vorrang.
[2026-10-06 12:31:15]   Hole Kurs fuer 4183.T ...
[2026-10-06 12:31:15]     -> 2 Ausschuettung(en) in 12 Monaten (halbjaehrlich), Summe 75.0 JPY
[2026-10-06 12:31:16]   Hole Kurs fuer OKE ...
[2026-10-06 12:31:16]     -> 4 Ausschuettung(en) in 12 Monaten (quartalsweise), Summe 4.24 USD
[2026-10-06 12:31:16]   Hole Kurs fuer DGE.L ...
[2026-10-06 12:31:16]     -> Hinweis: hinterlegte Dividende 0.825 weicht +7534% von den tatsaechlich gezahlten 62.9792 ab - Automatik hat Vorrang.
[2026-10-06 12:31:16]     -> 2 Ausschuettung(en) in 12 Monaten (halbjaehrlich), Summe 62.9792 GBp
[2026-10-06 12:31:16]   Hole Kurs fuer 035250.KS ...
[2026-10-06 12:31:16]     -> 1 Ausschuettung(en) in 12 Monaten (jaehrlich), Summe 950.0 KRW
[2026-10-06 12:31:16]     -> Hinweis: hinterlegte Verschuldung 0.8 weicht vom berechneten Wert 0.01 ab - Automatik hat Vorrang.
[2026-10-06 12:31:17]   Hole Kurs fuer TW.L ...
[2026-10-06 12:31:17]     -> 2 Ausschuettung(en) in 12 Monaten (halbjaehrlich), Summe 7.62 GBp
[2026-10-06 12:31:17]     -> Hinweis: hinterlegte Verschuldung 1.3 weicht vom berechneten Wert 0.03 ab - Automatik hat Vorrang.
[2026-10-06 12:31:17]     -> Hinweis: geschaetzte Quote 55% weicht +53 Prozentpunkte vom echten Wert 108.28% ab - Automatik hat Vorrang.
[2026-10-06 12:31:17]   Hole Kurs fuer ATO ...
[2026-10-06 12:31:17]     -> 4 Ausschuettung(en) in 12 Monaten (quartalsweise), Summe 4.0 USD
[2026-10-06 12:31:17]   Hole Kurs fuer HSBA.L ...
[2026-10-06 12:31:18]     -> 4 Ausschuettung(en) in 12 Monaten (quartalsweise), Summe 55.6718 GBp
[2026-10-06 12:31:18]   Hole Kurs fuer VOW3.DE ...
[2026-10-06 12:31:18]     -> 1 Ausschuettung(en) in 12 Monaten (jaehrlich), Summe 5.26 EUR
[2026-10-06 12:31:18]     -> Hinweis: hinterlegte Verschuldung 0.8 weicht vom berechneten Wert 1.39 ab - Automatik hat Vorrang.
[2026-10-06 12:31:18]     -> Hinweis: geschaetzte Quote 31.37% weicht +26 Prozentpunkte vom echten Wert 57.0% ab - Automatik hat Vorrang.
[2026-10-06 12:31:18]   Hole Kurs fuer JEQP.DE ...
[2026-10-06 12:31:18]     -> 12 Ausschuettung(en) in 12 Monaten (monatlich), Summe 2.523495 EUR
[2026-10-06 12:31:18]   Hole Kurs fuer SRG.MI ...
[2026-10-06 12:31:19]     -> 2 Ausschuettung(en) in 12 Monaten (halbjaehrlich), Summe 0.3021 EUR
[2026-10-06 12:31:19]     -> Hinweis: hinterlegte Verschuldung 1.2 weicht vom berechneten Wert 2.34 ab - Automatik hat Vorrang.
[2026-10-06 12:31:19]   Hole Kurs fuer IBC2.DE ...
[2026-10-06 12:31:19]     -> 4 Ausschuettung(en) in 12 Monaten (halbjaehrlich), Summe 0.3018 EUR
[2026-10-06 12:31:19]   Hole Kurs fuer UIMB.DE ...
[2026-10-06 12:31:19]     -> 2 Ausschuettung(en) in 12 Monaten (halbjaehrlich), Summe 0.577284 EUR
[2026-10-06 12:31:20]   Hole Kurs fuer RO.SW ...
[2026-10-06 12:31:20]     -> 1 Ausschuettung(en) in 12 Monaten (jaehrlich), Summe 10.799 CHF
[2026-10-06 12:31:20]     -> stockanalysis: HTTP 404 fuer RO.SW (https://stockanalysis.com/quote/swx/RO/statistics/)
[2026-10-06 12:31:20]     -> keine Analystenabdeckung fuer RO.SW (Prognoseseite existiert nicht)
[2026-10-06 12:31:21]   Hole Kurs fuer PG ...
[2026-10-06 12:31:21]     -> 4 Ausschuettung(en) in 12 Monaten (quartalsweise), Summe 4.292 USD
[2026-10-06 12:31:21]   Hole Kurs fuer STG.CO ...
[2026-10-06 12:31:21]     -> 1 Ausschuettung(en) in 12 Monaten (jaehrlich), Summe 4.5 DKK
[2026-10-06 12:31:22]   Hole Kurs fuer CTAS ...
[2026-10-06 12:31:22]     -> Hinweis: hinterlegte Dividende 6.2 weicht -70% von den tatsaechlich gezahlten 1.87 ab - Automatik hat Vorrang.
[2026-10-06 12:31:22]     -> 4 Ausschuettung(en) in 12 Monaten (quartalsweise), Summe 1.87 USD
[2026-10-06 12:31:22]   Hole Kurs fuer MAIN ...
[2026-10-06 12:31:22]     -> 16 Ausschuettung(en) in 12 Monaten (monatlich), Summe 4.32 USD
[2026-10-06 12:31:22]   Hole Kurs fuer XUHY.DE ...
[2026-10-06 12:31:23]     -> 4 Ausschuettung(en) in 12 Monaten (quartalsweise), Summe 0.750012 EUR
[2026-10-06 12:31:23]   Hole Kurs fuer 8963.T ...
[2026-10-06 12:31:23]     -> 2 Ausschuettung(en) in 12 Monaten (halbjaehrlich), Summe 4116.0 JPY
[2026-10-06 12:31:23]     -> Hinweis: hinterlegte Verschuldung 1.3 weicht vom berechneten Wert 0.99 ab - Automatik hat Vorrang.
[2026-10-06 12:31:23]   Hole Kurs fuer O ...
[2026-10-06 12:31:23]     -> 12 Ausschuettung(en) in 12 Monaten (monatlich), Summe 3.248 USD
[2026-10-06 12:31:23]     -> Hinweis: hinterlegte Verschuldung 1.3 weicht vom berechneten Wert 0.75 ab - Automatik hat Vorrang.
[2026-10-06 12:31:23]     -> Hinweis: geschaetzte Quote 75% weicht +162 Prozentpunkte vom echten Wert 237.14% ab - Automatik hat Vorrang.
[2026-10-06 12:31:24]   Hole Kurs fuer AV.L ...
[2026-10-06 12:31:24]     -> 2 Ausschuettung(en) in 12 Monaten (halbjaehrlich), Summe 40.199999 GBp
[2026-10-06 12:31:24]     -> Hinweis: geschaetzte Quote 60% weicht +141 Prozentpunkte vom echten Wert 201.11% ab - Automatik hat Vorrang.
[2026-10-06 12:31:24]   Hole Kurs fuer CHD ...
[2026-10-06 12:31:24]     -> 4 Ausschuettung(en) in 12 Monaten (quartalsweise), Summe 1.219 USD
[2026-10-06 12:31:24]   Hole Kurs fuer ET ...
[2026-10-06 12:31:24]     -> 1 Ausschuettung(en) in 12 Monaten (jaehrlich), Summe 0.34 USD
[2026-10-06 12:31:24]     -> Hinweis: geschaetzte Quote 60% weicht +32 Prozentpunkte vom echten Wert 92.11% ab - Automatik hat Vorrang.
[2026-10-06 12:31:25]   Hole Kurs fuer MUX.DE ...
[2026-10-06 12:31:25]     -> 1 Ausschuettung(en) in 12 Monaten (jaehrlich), Summe 2.0 EUR
[2026-10-06 12:31:25]     -> Hinweis: hinterlegte Verschuldung 0.8 weicht vom berechneten Wert 2.22 ab - Automatik hat Vorrang.
[2026-10-06 12:31:25]   Hole Kurs fuer NG.L ...
[2026-10-06 12:31:25]     -> Hinweis: hinterlegte Dividende 0.52 weicht +9225% von den tatsaechlich gezahlten 48.49 ab - Automatik hat Vorrang.
[2026-10-06 12:31:25]     -> 2 Ausschuettung(en) in 12 Monaten (halbjaehrlich), Summe 48.49 GBp
[2026-10-06 12:31:25]   Hole Kurs fuer SPGI ...
[2026-10-06 12:31:26]     -> 4 Ausschuettung(en) in 12 Monaten (quartalsweise), Summe 3.713615 USD
[2026-10-06 12:31:26]   Hole Kurs fuer TU ...
[2026-10-06 12:31:26]     -> 3 Ausschuettung(en) in 12 Monaten (quartalsweise), Summe 0.744 USD [unvollstaendig]
[2026-10-06 12:31:26]     -> Hinweis: hinterlegte Verschuldung 0.8 weicht vom berechneten Wert 2.24 ab - Automatik hat Vorrang.
[2026-10-06 12:31:26]   Hole Kurs fuer MCD ...
[2026-10-06 12:31:26]     -> 4 Ausschuettung(en) in 12 Monaten (quartalsweise), Summe 7.44 USD
[2026-10-06 12:31:27]   Hole Kurs fuer NWX.DE ...
[2026-10-06 12:31:27]   Yahoo-Fehler bei NWX.DE: HTTP 404, Antwort-Anfang: b'{"chart":{"result":null,"error":{"code":"Not Found","description":"No data found, symbol may be delisted"}}}'
[2026-10-06 12:31:27]   Twelve Data (Kursverlauf)-Fehler (HTTP 404) bei time_series: b'{"code":404,"message":"**symbol** or **figi** parameter is missing or invalid. Please provide a valid symbol according to API documentation: https://t'
[2026-10-06 12:31:27]   Twelve Data (Kursverlauf) lieferte keine verwertbaren Daten fuer NWX:XETRA
[2026-10-06 12:31:29]   Stooq lieferte keine verwertbaren Kursdaten fuer nwx.de (HTTP 200), Antwort-Anfang: '<!DOCTYPE html><html><head><meta charset="utf-8"><meta name="robots" content="noindex,nofollow"></head><body><noscript>This site requires JavaScript t'
[2026-10-06 12:31:29]     -> kein Kurs erhalten (Yahoo/Twelve Data/Stooq scheiterten alle) - zeige NWX.DE trotzdem mit den Stammdaten, aber OHNE (veralteten) Kurs an.
[2026-10-06 12:31:29]     -> WARNUNG: weder Boersen-Ausschuettungen noch dividend_per_share verfuegbar - Rendite 6% ist ein EINGEFRORENER Startwert (Stand 2026-08), NICHT tagesaktuell.
[2026-10-06 12:31:29]     -> stockanalysis: HTTP 404 fuer NWX.DE (https://stockanalysis.com/quote/etr/NWX/statistics/)
[2026-10-06 12:31:30]     -> keine Analystenabdeckung fuer NWX.DE (Prognoseseite existiert nicht)
[2026-10-06 12:31:30]   Hole Kurs fuer VZ ...
[2026-10-06 12:31:30]     -> 4 Ausschuettung(en) in 12 Monaten (quartalsweise), Summe 2.796 USD
[2026-10-06 12:31:31]   Hole Kurs fuer BAS.DE ...
[2026-10-06 12:31:31]     -> Hinweis: hinterlegte Dividende 3.4 weicht -34% von den tatsaechlich gezahlten 2.25 ab - Automatik hat Vorrang.
[2026-10-06 12:31:31]     -> 1 Ausschuettung(en) in 12 Monaten (jaehrlich), Summe 2.25 EUR
[2026-10-06 12:31:31]   Hole Kurs fuer 1833.T ...
[2026-10-06 12:31:31]     -> 2 Ausschuettung(en) in 12 Monaten (halbjaehrlich), Summe 337.0 JPY
[2026-10-06 12:31:31]     -> keine Analystenabdeckung fuer 1833.T (Prognoseseite existiert nicht)
[2026-10-06 12:31:32]     -> Hinweis: hinterlegte Verschuldung 0.8 weicht vom berechneten Wert 0.35 ab - Automatik hat Vorrang.
[2026-10-06 12:31:32]   Hole Kurs fuer MO ...
[2026-10-06 12:31:32]     -> 4 Ausschuettung(en) in 12 Monaten (quartalsweise), Summe 4.29 USD
[2026-10-06 12:31:32]     -> Hinweis: geschaetzte Quote 78% weicht +16 Prozentpunkte vom echten Wert 93.55% ab - Automatik hat Vorrang.
[2026-10-06 12:31:32]   Hole Kurs fuer QDVQ.DE ...
[2026-10-06 12:31:32]     -> 4 Ausschuettung(en) in 12 Monaten (halbjaehrlich), Summe 0.332901 EUR
[2026-10-06 12:31:32]   Hole Kurs fuer SAN.PA ...
[2026-10-06 12:31:33]     -> 1 Ausschuettung(en) in 12 Monaten (jaehrlich), Summe 4.12 EUR
[2026-10-06 12:31:33]   Hole Kurs fuer ISPA.DE ...
[2026-10-06 12:31:33]     -> 4 Ausschuettung(en) in 12 Monaten (quartalsweise), Summe 1.524521 EUR
[2026-10-06 12:31:33]   Hole Kurs fuer TTE.PA ...
[2026-10-06 12:31:33]     -> 4 Ausschuettung(en) in 12 Monaten (quartalsweise), Summe 3.45 EUR
[2026-10-06 12:31:33]     -> Hinweis: hinterlegte Verschuldung 1.2 weicht vom berechneten Wert 0.48 ab - Automatik hat Vorrang.
[2026-10-06 12:31:33]     -> Hinweis: geschaetzte Quote 70.14% weicht -20 Prozentpunkte vom echten Wert 50.09% ab - Automatik hat Vorrang.
[2026-10-06 12:31:34]   Hole Kurs fuer BCE ...
[2026-10-06 12:31:34]     -> 4 Ausschuettung(en) in 12 Monaten (quartalsweise), Summe 1.262 USD
[2026-10-06 12:31:34]     -> Hinweis: hinterlegte Verschuldung 0.8 weicht vom berechneten Wert 1.73 ab - Automatik hat Vorrang.
[2026-10-06 12:31:34]   Hole Kurs fuer JST.DE ...
[2026-10-06 12:31:34]     -> 1 Ausschuettung(en) in 12 Monaten (jaehrlich), Summe 1.5 EUR
[2026-10-06 12:31:34]     -> Quote 22.4% / Verschuldung 1.4 via stockanalysis
[2026-10-06 12:31:35]     -> Hinweis: hinterlegte Verschuldung 0.8 weicht vom berechneten Wert 1.4 ab - Automatik hat Vorrang.
[2026-10-06 12:31:35]   Hole Kurs fuer EDL.DE ...
[2026-10-06 12:31:35]     -> 1 Ausschuettung(en) in 12 Monaten (jaehrlich), Summe 0.3 EUR
[2026-10-06 12:31:35]     -> keine Analystenabdeckung fuer EDL.DE (Prognoseseite existiert nicht)
[2026-10-06 12:31:35]     -> Hinweis: hinterlegte Verschuldung 0.8 weicht vom berechneten Wert 1.42 ab - Automatik hat Vorrang.
[2026-10-06 12:31:36]   Hole Kurs fuer BBSE3.SA ...
[2026-10-06 12:31:36]     -> 2 Ausschuettung(en) in 12 Monaten (halbjaehrlich), Summe 4.590092 BRL
[2026-10-06 12:31:36]     -> Hinweis: geschaetzte Quote 70% weicht +26 Prozentpunkte vom echten Wert 96.09% ab - Automatik hat Vorrang.
[2026-10-06 12:31:36]   Hole Kurs fuer XY7D.DE ...
[2026-10-06 12:31:36]     -> 13 Ausschuettung(en) in 12 Monaten (monatlich), Summe 1.528404 EUR
[2026-10-06 12:31:36]   Hole Kurs fuer M44U.SI ...
[2026-10-06 12:31:37]     -> Hinweis: hinterlegte Dividende 0.32 weicht -77% von den tatsaechlich gezahlten 0.07266 ab - Automatik hat Vorrang.
[2026-10-06 12:31:37]     -> 4 Ausschuettung(en) in 12 Monaten (quartalsweise), Summe 0.07266 SGD
[2026-10-06 12:31:37]   Hole Kurs fuer VOD.L ...
[2026-10-06 12:31:37]     -> Hinweis: hinterlegte Dividende 0.09 weicht +4295% von den tatsaechlich gezahlten 3.955876 ab - Automatik hat Vorrang.
[2026-10-06 12:31:37]     -> 2 Ausschuettung(en) in 12 Monaten (halbjaehrlich), Summe 3.955876 GBp
[2026-10-06 12:31:37]   Hole Kurs fuer WINC.DE ...
[2026-10-06 12:31:37]     -> 5 Ausschuettung(en) in 12 Monaten (quartalsweise), Summe 0.568645 EUR
[2026-10-06 12:31:38]   Hole Kurs fuer SJM ...
[2026-10-06 12:31:38]     -> 4 Ausschuettung(en) in 12 Monaten (quartalsweise), Summe 4.42 USD
[2026-10-06 12:31:38]   Hole Kurs fuer WCP.TO ...
[2026-10-06 12:31:38]     -> 12 Ausschuettung(en) in 12 Monaten (monatlich), Summe 0.732 CAD
[2026-10-06 12:31:38]     -> Hinweis: hinterlegte Verschuldung 1.2 weicht vom berechneten Wert 0.24 ab - Automatik hat Vorrang.
[2026-10-06 12:31:38]   Hole Kurs fuer DOC ...
[2026-10-06 12:31:38]     -> Hinweis: hinterlegte Dividende 0.92 weicht +33% von den tatsaechlich gezahlten 1.224 ab - Automatik hat Vorrang.
[2026-10-06 12:31:38]     -> 12 Ausschuettung(en) in 12 Monaten (quartalsweise), Summe 1.224 USD
[2026-10-06 12:31:39]   Hole Kurs fuer DOW ...
[2026-10-06 12:31:39]     -> 4 Ausschuettung(en) in 12 Monaten (quartalsweise), Summe 1.4 USD
[2026-10-06 12:31:39]     -> Hinweis: hinterlegte Verschuldung 0.8 weicht vom berechneten Wert 1.12 ab - Automatik hat Vorrang.
[2026-10-06 12:31:39]   Hole Kurs fuer SO ...
[2026-10-06 12:31:39]     -> 4 Ausschuettung(en) in 12 Monaten (quartalsweise), Summe 3.0 USD
[2026-10-06 12:31:39]   Hole Kurs fuer JGPI.DE ...
[2026-10-06 12:31:39]     -> 13 Ausschuettung(en) in 12 Monaten (monatlich), Summe 1.983044 EUR
[2026-10-06 12:31:40]   Hole Kurs fuer ED ...
[2026-10-06 12:31:40]     -> 4 Ausschuettung(en) in 12 Monaten (quartalsweise), Summe 3.514 USD
[2026-10-06 12:31:40]   Hole Kurs fuer ADM ...
[2026-10-06 12:31:40]     -> 4 Ausschuettung(en) in 12 Monaten (quartalsweise), Summe 2.07 USD
[2026-10-06 12:31:40]   Hole Kurs fuer B7E.DE ...
[2026-10-06 12:31:40]     -> 1 Ausschuettung(en) in 12 Monaten (jaehrlich), Summe 1.6 EUR
[2026-10-06 12:31:40]     -> Hinweis: hinterlegte Verschuldung 0.8 weicht vom berechneten Wert 0.43 ab - Automatik hat Vorrang.
[2026-10-06 12:31:41]   Hole Kurs fuer DUK ...
[2026-10-06 12:31:41]     -> 4 Ausschuettung(en) in 12 Monaten (quartalsweise), Summe 4.28 USD
[2026-10-06 12:31:41]   Hole Kurs fuer BNS ...
[2026-10-06 12:31:41]     -> 2 Ausschuettung(en) in 12 Monaten (quartalsweise), Summe 1.595 USD [unvollstaendig]
[2026-10-06 12:31:41]   Hole Kurs fuer NLY ...
[2026-10-06 12:31:42]     -> 4 Ausschuettung(en) in 12 Monaten (quartalsweise), Summe 2.9 USD
[2026-10-06 12:31:42]     -> Hinweis: hinterlegte Verschuldung 1.3 weicht vom berechneten Wert 7.38 ab - Automatik hat Vorrang.
[2026-10-06 12:31:42]   Hole Kurs fuer SDF.DE ...
[2026-10-06 12:31:42]     -> 1 Ausschuettung(en) in 12 Monaten (jaehrlich), Summe 0.07 EUR
[2026-10-06 12:31:42]   Hole Kurs fuer EPD ...
[2026-10-06 12:31:42]     -> 4 Ausschuettung(en) in 12 Monaten (quartalsweise), Summe 2.205 USD
[2026-10-06 12:31:43]   Hole Kurs fuer TRN.MI ...
[2026-10-06 12:31:43]     -> 2 Ausschuettung(en) in 12 Monaten (halbjaehrlich), Summe 0.3962 EUR
[2026-10-06 12:31:43]     -> Hinweis: hinterlegte Verschuldung 1.2 weicht vom berechneten Wert 1.72 ab - Automatik hat Vorrang.
[2026-10-06 12:31:43]   Hole Kurs fuer TGT ...
[2026-10-06 12:31:43]     -> 4 Ausschuettung(en) in 12 Monaten (quartalsweise), Summe 4.58 USD
[2026-10-06 12:31:43]   Hole Kurs fuer YYYY.DE ...
[2026-10-06 12:31:43]     -> 12 Ausschuettung(en) in 12 Monaten (monatlich), Summe 9.529651 EUR
[2026-10-06 12:31:44]   Hole Kurs fuer 030000.KS ...
[2026-10-06 12:31:44]     -> 1 Ausschuettung(en) in 12 Monaten (jaehrlich), Summe 1230.0 KRW
[2026-10-06 12:31:44]     -> Hinweis: hinterlegte Verschuldung 0.8 weicht vom berechneten Wert 0.2 ab - Automatik hat Vorrang.
[2026-10-06 12:31:44]   Hole Kurs fuer KO ...
[2026-10-06 12:31:44]     -> 4 Ausschuettung(en) in 12 Monaten (quartalsweise), Summe 2.1 USD
[2026-10-06 12:31:44]   Hole Kurs fuer XOM ...
[2026-10-06 12:31:44]     -> 4 Ausschuettung(en) in 12 Monaten (quartalsweise), Summe 4.12 USD
[2026-10-06 12:31:45]   Hole Kurs fuer HNR1.DE ...
[2026-10-06 12:31:45]     -> 1 Ausschuettung(en) in 12 Monaten (jaehrlich), Summe 12.5 EUR
[2026-10-06 12:31:45]   Hole Kurs fuer WSU.DE ...
[2026-10-06 12:31:45]     -> 1 Ausschuettung(en) in 12 Monaten (jaehrlich), Summe 2.5 EUR
[2026-10-06 12:31:45]     -> Hinweis: hinterlegte Verschuldung 0.8 weicht vom berechneten Wert 1.59 ab - Automatik hat Vorrang.
[2026-10-06 12:31:45]   Hole Kurs fuer BIP ...
[2026-10-06 12:31:46]     -> Hinweis: hinterlegte Dividende 1.84 weicht -26% von den tatsaechlich gezahlten 1.365 ab - Automatik hat Vorrang.
[2026-10-06 12:31:46]     -> 3 Ausschuettung(en) in 12 Monaten (quartalsweise), Summe 1.365 USD [unvollstaendig]
[2026-10-06 12:31:46]     -> Hinweis: hinterlegte Verschuldung 1.2 weicht vom berechneten Wert 2.05 ab - Automatik hat Vorrang.
[2026-10-06 12:31:46]     -> Hinweis: geschaetzte Quote 190% weicht +102 Prozentpunkte vom echten Wert 291.87% ab - Automatik hat Vorrang.
[2026-10-06 12:31:46]   Hole Kurs fuer PM ...
[2026-10-06 12:31:46]     -> 4 Ausschuettung(en) in 12 Monaten (quartalsweise), Summe 6.01 USD
[2026-10-06 12:31:46]   Hole Kurs fuer JEIP.DE ...
[2026-10-06 12:31:46]     -> 12 Ausschuettung(en) in 12 Monaten (monatlich), Summe 1.572168 EUR
[2026-10-06 12:31:46]   Hole Kurs fuer OHI ...
[2026-10-06 12:31:47]     -> 4 Ausschuettung(en) in 12 Monaten (quartalsweise), Summe 2.69 USD
[2026-10-06 12:31:47]     -> Hinweis: hinterlegte Verschuldung 1.3 weicht vom berechneten Wert 0.71 ab - Automatik hat Vorrang.
[2026-10-06 12:31:47]   Hole Kurs fuer 8150.T ...
[2026-10-06 12:31:47]     -> 2 Ausschuettung(en) in 12 Monaten (halbjaehrlich), Summe 190.0 JPY
[2026-10-06 12:31:47]     -> keine Analystenabdeckung fuer 8150.T (Prognoseseite existiert nicht)
[2026-10-06 12:31:48]     -> Hinweis: hinterlegte Verschuldung 0.8 weicht vom berechneten Wert 0.32 ab - Automatik hat Vorrang.
[2026-10-06 12:31:48]   Hole Kurs fuer IS3K.DE ...
[2026-10-06 12:31:48]     -> 4 Ausschuettung(en) in 12 Monaten (halbjaehrlich), Summe 6.238143 EUR
[2026-10-06 12:31:48]   Hole Kurs fuer AGS.BR ...
[2026-10-06 12:31:48]     -> 2 Ausschuettung(en) in 12 Monaten (halbjaehrlich), Summe 3.75 EUR
[2026-10-06 12:31:49]   Hole Kurs fuer 5401.T ...
[2026-10-06 12:31:49]     -> 2 Ausschuettung(en) in 12 Monaten (halbjaehrlich), Summe 24.0 JPY
[2026-10-06 12:31:49]   Hole Kurs fuer BCH ...
[2026-10-06 12:31:49]     -> 1 Ausschuettung(en) in 12 Monaten (jaehrlich), Summe 2.183 USD
[2026-10-06 12:31:49]   Hole Kurs fuer PEP ...
[2026-10-06 12:31:50]     -> 4 Ausschuettung(en) in 12 Monaten (quartalsweise), Summe 5.806 USD
[2026-10-06 12:31:50]   Hole Kurs fuer 3002.T ...
[2026-10-06 12:31:50]     -> 1 Ausschuettung(en) in 12 Monaten (jaehrlich), Summe 216.0 JPY
[2026-10-06 12:31:50]     -> Hinweis: hinterlegte Verschuldung 0.8 weicht vom berechneten Wert 0.18 ab - Automatik hat Vorrang.
[2026-10-06 12:31:50]   Hole Kurs fuer BIJ.DE ...
[2026-10-06 12:31:50]     -> 1 Ausschuettung(en) in 12 Monaten (jaehrlich), Summe 6.0 EUR
[2026-10-06 12:31:51]     -> keine Analystenabdeckung fuer BIJ.DE (Prognoseseite existiert nicht)
[2026-10-06 12:31:51]   Hole Kurs fuer CL ...
[2026-10-06 12:31:51]     -> 4 Ausschuettung(en) in 12 Monaten (quartalsweise), Summe 2.1 USD
[2026-10-06 12:31:51]   Hole Kurs fuer IS0Q.DE ...
[2026-10-06 12:31:52]     -> 4 Ausschuettung(en) in 12 Monaten (halbjaehrlich), Summe 5.458615 EUR
[2026-10-06 12:31:52]   Hole Kurs fuer ITW ...
[2026-10-06 12:31:52]     -> 4 Ausschuettung(en) in 12 Monaten (quartalsweise), Summe 6.55 USD
[2026-10-06 12:31:52]   Hole Kurs fuer DTG.DE ...
[2026-10-06 12:31:52]     -> 1 Ausschuettung(en) in 12 Monaten (jaehrlich), Summe 1.9 EUR
[2026-10-06 12:31:52]     -> Hinweis: hinterlegte Verschuldung 0.8 weicht vom berechneten Wert 1.27 ab - Automatik hat Vorrang.
[2026-10-06 12:31:52]     -> Hinweis: geschaetzte Quote 100% weicht -43 Prozentpunkte vom echten Wert 56.87% ab - Automatik hat Vorrang.
[2026-10-06 12:31:52]   Hole Kurs fuer JNJ ...
[2026-10-06 12:31:53]     -> 4 Ausschuettung(en) in 12 Monaten (quartalsweise), Summe 5.28 USD
[2026-10-06 12:31:53]   Hole Kurs fuer LYB ...
[2026-10-06 12:31:53]     -> 4 Ausschuettung(en) in 12 Monaten (quartalsweise), Summe 3.44 USD
[2026-10-06 12:31:53]     -> Hinweis: hinterlegte Verschuldung 0.8 weicht vom berechneten Wert 1.33 ab - Automatik hat Vorrang.
[2026-10-06 12:31:53]   Hole Kurs fuer TRP ...
[2026-10-06 12:31:53]     -> 3 Ausschuettung(en) in 12 Monaten (quartalsweise), Summe 1.867 USD [unvollstaendig]
[2026-10-06 12:31:53]     -> Hinweis: hinterlegte Verschuldung 1.2 weicht vom berechneten Wert 1.7 ab - Automatik hat Vorrang.
[2026-10-06 12:31:54]   Hole Kurs fuer UDHY.DE ...
[2026-10-06 12:31:54]     -> 2 Ausschuettung(en) in 12 Monaten (halbjaehrlich), Summe 0.142216 EUR
[2026-10-06 12:31:54]   Hole Kurs fuer PBR ...
[2026-10-06 12:31:54]     -> 3 Ausschuettung(en) in 12 Monaten (quartalsweise), Summe 0.797 USD [unvollstaendig]
[2026-10-06 12:31:54]     -> Hinweis: hinterlegte Verschuldung 1.2 weicht vom berechneten Wert 0.76 ab - Automatik hat Vorrang.
[2026-10-06 12:31:54]   Hole Kurs fuer EN.PA ...
[2026-10-06 12:31:55]     -> 1 Ausschuettung(en) in 12 Monaten (jaehrlich), Summe 2.1 EUR
[2026-10-06 12:31:55]     -> Hinweis: geschaetzte Quote 45% weicht +20 Prozentpunkte vom echten Wert 64.7% ab - Automatik hat Vorrang.
[2026-10-06 12:31:55]   Hole Kurs fuer 7240.T ...
[2026-10-06 12:31:55]     -> 2 Ausschuettung(en) in 12 Monaten (halbjaehrlich), Summe 135.0 JPY
[2026-10-06 12:31:55]   Hole Kurs fuer 36B1.DE ...
[2026-10-06 12:31:55]     -> 4 Ausschuettung(en) in 12 Monaten (halbjaehrlich), Summe 0.270085 EUR
[2026-10-06 12:31:55]   Hole Kurs fuer ADP ...
[2026-10-06 12:31:56]     -> 4 Ausschuettung(en) in 12 Monaten (quartalsweise), Summe 6.8 USD
[2026-10-06 12:31:56]   Hole Kurs fuer 0857.HK ...
[2026-10-06 12:31:56]     -> Hinweis: hinterlegte Dividende 0.35 weicht +68% von den tatsaechlich gezahlten 0.58777 ab - Automatik hat Vorrang.
[2026-10-06 12:31:56]     -> 2 Ausschuettung(en) in 12 Monaten (halbjaehrlich), Summe 0.58777 HKD
[2026-10-06 12:31:56]   Hole Kurs fuer HABA.DE ...
[2026-10-06 12:31:56]     -> 1 Ausschuettung(en) in 12 Monaten (jaehrlich), Summe 0.39 EUR
[2026-10-06 12:31:56]     -> Hinweis: hinterlegte Verschuldung 1.3 weicht vom berechneten Wert 1.86 ab - Automatik hat Vorrang.
[2026-10-06 12:31:56]     -> Hinweis: geschaetzte Quote 200% weicht -145 Prozentpunkte vom echten Wert 55.22% ab - Automatik hat Vorrang.
[2026-10-06 12:31:56]   Hole Kurs fuer M12.DE ...
[2026-10-06 12:31:57]     -> 1 Ausschuettung(en) in 12 Monaten (jaehrlich), Summe 1.2 EUR
[2026-10-06 12:31:57]     -> keine Analystenabdeckung fuer M12.DE (Prognoseseite existiert nicht)
[2026-10-06 12:31:57]     -> Hinweis: hinterlegte Verschuldung 0.8 weicht vom berechneten Wert 0.04 ab - Automatik hat Vorrang.
[2026-10-06 12:31:57]   Hole Kurs fuer SYY ...
[2026-10-06 12:31:57]     -> 4 Ausschuettung(en) in 12 Monaten (quartalsweise), Summe 2.18 USD
[2026-10-06 12:31:58]   Hole Kurs fuer SYBK.DE ...
[2026-10-06 12:31:58]     -> 2 Ausschuettung(en) in 12 Monaten (halbjaehrlich), Summe 2.46725 EUR
[2026-10-06 12:31:58]   Hole Kurs fuer 9364.T ...
[2026-10-06 12:31:58]     -> 2 Ausschuettung(en) in 12 Monaten (halbjaehrlich), Summe 215.0 JPY
[2026-10-06 12:31:58]     -> Hinweis: hinterlegte Verschuldung 0.8 weicht vom berechneten Wert 0.15 ab - Automatik hat Vorrang.
[2026-10-06 12:31:58]   Hole Kurs fuer ME8U.SI ...
[2026-10-06 12:31:59]     -> Hinweis: hinterlegte Dividende 0.54 weicht -77% von den tatsaechlich gezahlten 0.1255 ab - Automatik hat Vorrang.
[2026-10-06 12:31:59]     -> 4 Ausschuettung(en) in 12 Monaten (quartalsweise), Summe 0.1255 SGD
[2026-10-06 12:31:59]   Hole Kurs fuer BBAS3.SA ...
[2026-10-06 12:31:59]     -> 6 Ausschuettung(en) in 12 Monaten (quartalsweise), Summe 0.654951 BRL
[2026-10-06 12:31:59]   Hole Kurs fuer GWW ...
[2026-10-06 12:31:59]     -> 4 Ausschuettung(en) in 12 Monaten (quartalsweise), Summe 9.5 USD
[2026-10-06 12:31:59]   Hole Kurs fuer ABT ...
[2026-10-06 12:32:00]     -> 4 Ausschuettung(en) in 12 Monaten (quartalsweise), Summe 2.48 USD
[2026-10-06 12:32:00]   Hole Kurs fuer WCH.DE ...
[2026-10-06 12:32:00]     -> 0 Ausschuettung(en) in 12 Monaten (jaehrlich), Summe None EUR [unvollstaendig]
[2026-10-06 12:32:00]     -> WARNUNG: weder Boersen-Ausschuettungen noch dividend_per_share verfuegbar - Rendite 2.6% ist ein EINGEFRORENER Startwert (Stand 2026-08), NICHT tagesaktuell.
[2026-10-06 12:32:00]   Hole Kurs fuer IBE.MC ...
[2026-10-06 12:32:00]     -> 3 Ausschuettung(en) in 12 Monaten (quartalsweise), Summe 0.685 EUR [unvollstaendig]
[2026-10-06 12:32:01]   Hole Kurs fuer EUNW.DE ...
[2026-10-06 12:32:01]     -> 3 Ausschuettung(en) in 12 Monaten (halbjaehrlich), Summe 4.7012 EUR
[2026-10-06 12:32:01]   Hole Kurs fuer CON.DE ...
[2026-10-06 12:32:01]     -> 1 Ausschuettung(en) in 12 Monaten (jaehrlich), Summe 2.7 EUR
[2026-10-06 12:32:01]     -> Hinweis: hinterlegte Verschuldung 0.8 weicht vom berechneten Wert 1.57 ab - Automatik hat Vorrang.
[2026-10-06 12:32:01]   Hole Kurs fuer GSK.L ...
[2026-10-06 12:32:02]     -> Hinweis: hinterlegte Dividende 0.63 weicht +10694% von den tatsaechlich gezahlten 68.0 ab - Automatik hat Vorrang.
[2026-10-06 12:32:02]     -> 4 Ausschuettung(en) in 12 Monaten (quartalsweise), Summe 68.0 GBp
[2026-10-06 12:32:02]   Hole Kurs fuer MUV2.DE ...
[2026-10-06 12:32:02]     -> 1 Ausschuettung(en) in 12 Monaten (jaehrlich), Summe 24.0 EUR
[2026-10-06 12:32:02]   Hole Kurs fuer NTGY.MC ...
[2026-10-06 12:32:03]     -> Hinweis: hinterlegte Dividende 1.4 weicht +26% von den tatsaechlich gezahlten 1.77 ab - Automatik hat Vorrang.
[2026-10-06 12:32:03]     -> 3 Ausschuettung(en) in 12 Monaten (halbjaehrlich), Summe 1.77 EUR
[2026-10-06 12:32:03]   Hole Kurs fuer AGNC ...
[2026-10-06 12:32:03]     -> 12 Ausschuettung(en) in 12 Monaten (monatlich), Summe 1.44 USD
[2026-10-06 12:32:03]   Hole Kurs fuer SY7D.DE ...
[2026-10-06 12:32:03]     -> 12 Ausschuettung(en) in 12 Monaten (monatlich), Summe 1.655107 EUR
[2026-10-06 12:32:03]   Hole Kurs fuer 004990.KS ...
[2026-10-06 12:32:04]     -> 1 Ausschuettung(en) in 12 Monaten (jaehrlich), Summe 1250.0 KRW
[2026-10-06 12:32:04]   Hole Kurs fuer 11ZN.MU ...
[2026-10-06 12:32:04]     -> 12 Ausschuettung(en) in 12 Monaten (monatlich), Summe 1.517333 EUR
[2026-10-06 12:32:04]     -> keine stockanalysis-Adresse fuer ETF 11ZN.MU
[2026-10-06 12:32:04]   Hole Kurs fuer SMLD.DE ...
[2026-10-06 12:32:04]     -> 4 Ausschuettung(en) in 12 Monaten (quartalsweise), Summe 3.852161 EUR
[2026-10-06 12:32:04]   Hole Kurs fuer MBG.DE ...
[2026-10-06 12:32:05]     -> 1 Ausschuettung(en) in 12 Monaten (jaehrlich), Summe 3.5 EUR
[2026-10-06 12:32:05]     -> Hinweis: hinterlegte Verschuldung 0.8 weicht vom berechneten Wert 1.1 ab - Automatik hat Vorrang.
[2026-10-06 12:32:05]   Hole Kurs fuer PPG ...
[2026-10-06 12:32:05]     -> 4 Ausschuettung(en) in 12 Monaten (quartalsweise), Summe 2.87 USD
[2026-10-06 12:32:05]   Hole Kurs fuer WPC ...
[2026-10-06 12:32:05]     -> 4 Ausschuettung(en) in 12 Monaten (quartalsweise), Summe 3.74 USD
[2026-10-06 12:32:05]     -> Hinweis: geschaetzte Quote 100% weicht +27 Prozentpunkte vom echten Wert 126.64% ab - Automatik hat Vorrang.
[2026-10-06 12:32:05]   Hole Kurs fuer LGEN.L ...
[2026-10-06 12:32:06]     -> 2 Ausschuettung(en) in 12 Monaten (halbjaehrlich), Summe 21.91 GBp
[2026-10-06 12:32:06]     -> Hinweis: geschaetzte Quote 150% weicht -91 Prozentpunkte vom echten Wert 59.24% ab - Automatik hat Vorrang.
[2026-10-06 12:32:06]   Hole Kurs fuer ARCC ...
[2026-10-06 12:32:06]     -> 4 Ausschuettung(en) in 12 Monaten (quartalsweise), Summe 1.92 USD
[2026-10-06 12:32:06]   Hole Kurs fuer LEI.DE ...
[2026-10-06 12:32:06]     -> 1 Ausschuettung(en) in 12 Monaten (jaehrlich), Summe 1.2 EUR
[2026-10-06 12:32:07]   Hole Kurs fuer ENGI.PA ...
[2026-10-06 12:32:07]     -> 1 Ausschuettung(en) in 12 Monaten (jaehrlich), Summe 1.35 EUR
[2026-10-06 12:32:07]   Hole Kurs fuer CVX ...
[2026-10-06 12:32:07]     -> 4 Ausschuettung(en) in 12 Monaten (quartalsweise), Summe 7.05 USD
[2026-10-06 12:32:07]   Hole Kurs fuer CAT ...
[2026-10-06 12:32:08]     -> 4 Ausschuettung(en) in 12 Monaten (quartalsweise), Summe 6.16 USD
[2026-10-06 12:32:08]   Hole Kurs fuer KEY ...
[2026-10-06 12:32:08]     -> 4 Ausschuettung(en) in 12 Monaten (quartalsweise), Summe 0.82 USD
[2026-10-06 12:32:08]   Hole Kurs fuer TFC ...
[2026-10-06 12:32:08]     -> 4 Ausschuettung(en) in 12 Monaten (quartalsweise), Summe 2.08 USD
[2026-10-06 12:32:09]   Hole Kurs fuer BP.L ...
[2026-10-06 12:32:09]     -> Hinweis: hinterlegte Dividende 0.32 weicht +7730% von den tatsaechlich gezahlten 25.055699 ab - Automatik hat Vorrang.
[2026-10-06 12:32:09]     -> 4 Ausschuettung(en) in 12 Monaten (quartalsweise), Summe 25.055699 GBp
[2026-10-06 12:32:09]   Hole Kurs fuer ASWK.DE ...
[2026-10-06 12:32:09]     -> 11 Ausschuettung(en) in 12 Monaten (monatlich), Summe 4.961004 EUR [unvollstaendig]
[2026-10-06 12:32:09]   Hole Kurs fuer ORA.PA ...
[2026-10-06 12:32:13]     -> 2 Ausschuettung(en) in 12 Monaten (halbjaehrlich), Summe 0.75 EUR
[2026-10-06 12:32:13]   Hole Kurs fuer TROW ...
[2026-10-06 12:32:13]     -> 4 Ausschuettung(en) in 12 Monaten (quartalsweise), Summe 5.17 USD
[2026-10-06 12:32:13]   Hole Kurs fuer DTE.DE ...
[2026-10-06 12:32:13]     -> 1 Ausschuettung(en) in 12 Monaten (jaehrlich), Summe 1.0 EUR
[2026-10-06 12:32:13]   Hole Kurs fuer HOT.DE ...
[2026-10-06 12:32:14]     -> 1 Ausschuettung(en) in 12 Monaten (jaehrlich), Summe 6.6 EUR
[2026-10-06 12:32:14]     -> Hinweis: hinterlegte Verschuldung 0.8 weicht vom berechneten Wert 7.16 ab - Automatik hat Vorrang.
[2026-10-06 12:32:14]   Hole Kurs fuer SAX.DE ...
[2026-10-06 12:32:14]     -> 1 Ausschuettung(en) in 12 Monaten (jaehrlich), Summe 1.85 EUR
[2026-10-06 12:32:14]     -> Hinweis: hinterlegte Verschuldung 0.8 weicht vom berechneten Wert 4.71 ab - Automatik hat Vorrang.
[2026-10-06 12:32:14]   Hole Kurs fuer ULVR.L ...
[2026-10-06 12:32:14]     -> Hinweis: hinterlegte Dividende 1.72 weicht +9492% von den tatsaechlich gezahlten 164.990002 ab - Automatik hat Vorrang.
[2026-10-06 12:32:14]     -> 4 Ausschuettung(en) in 12 Monaten (quartalsweise), Summe 164.990002 GBp
[2026-10-06 12:32:15]   Hole Kurs fuer GD ...
[2026-10-06 12:32:15]     -> 4 Ausschuettung(en) in 12 Monaten (quartalsweise), Summe 6.18 USD
[2026-10-06 12:32:15]   Hole Kurs fuer 5938.T ...
[2026-10-06 12:32:15]     -> 2 Ausschuettung(en) in 12 Monaten (halbjaehrlich), Summe 90.0 JPY
[2026-10-06 12:32:15]     -> Hinweis: geschaetzte Quote 35% weicht +432 Prozentpunkte vom echten Wert 466.55% ab - Automatik hat Vorrang.
[2026-10-06 12:32:15]   Hole Kurs fuer ENB ...
[2026-10-06 12:32:15]     -> Hinweis: hinterlegte Dividende 3.55 weicht -40% von den tatsaechlich gezahlten 2.115 ab - Automatik hat Vorrang.
[2026-10-06 12:32:15]     -> 3 Ausschuettung(en) in 12 Monaten (quartalsweise), Summe 2.115 USD [unvollstaendig]
[2026-10-06 12:32:16]   Hole Kurs fuer HAW.DE ...
[2026-10-06 12:32:16]     -> 1 Ausschuettung(en) in 12 Monaten (jaehrlich), Summe 1.0 EUR
[2026-10-06 12:32:16]     -> keine Analystenabdeckung fuer HAW.DE (Prognoseseite existiert nicht)
[2026-10-06 12:32:16]     -> Hinweis: hinterlegte Verschuldung 0.8 weicht vom berechneten Wert 1.57 ab - Automatik hat Vorrang.
[2026-10-06 12:32:17]   Hole Kurs fuer UVV ...
[2026-10-06 12:32:17]     -> 4 Ausschuettung(en) in 12 Monaten (quartalsweise), Summe 3.29 USD
[2026-10-06 12:32:17]     -> keine Analystenabdeckung fuer UVV (Prognoseseite existiert nicht)
[2026-10-06 12:32:17]     -> Hinweis: geschaetzte Quote 96% weicht +340 Prozentpunkte vom echten Wert 435.91% ab - Automatik hat Vorrang.
[2026-10-06 12:32:17]   Hole Kurs fuer MNG.L ...
[2026-10-06 12:32:18]     -> 2 Ausschuettung(en) in 12 Monaten (halbjaehrlich), Summe 20.599999 GBp
[2026-10-06 12:32:18]   Hole Kurs fuer EVK.DE ...
[2026-10-06 12:32:18]     -> 1 Ausschuettung(en) in 12 Monaten (jaehrlich), Summe 1.0 EUR
[2026-10-06 12:32:18]     -> Hinweis: geschaetzte Quote 180% weicht +205 Prozentpunkte vom echten Wert 385.12% ab - Automatik hat Vorrang.
[2026-10-06 12:32:18]   Hole Kurs fuer BATS.L ...
[2026-10-06 12:32:18]     -> Hinweis: hinterlegte Dividende 2.36 weicht +10232% von den tatsaechlich gezahlten 243.840006 ab - Automatik hat Vorrang.
[2026-10-06 12:32:18]     -> 4 Ausschuettung(en) in 12 Monaten (quartalsweise), Summe 243.840006 GBp
[2026-10-06 12:32:18]   Hole Kurs fuer TIGR.DE ...
[2026-10-06 12:32:19]     -> 2 Ausschuettung(en) in 12 Monaten (halbjaehrlich), Summe 0.39894 EUR
[2026-10-06 12:32:19]   Hole Kurs fuer 7177.T ...
[2026-10-06 12:32:19]     -> 4 Ausschuettung(en) in 12 Monaten (quartalsweise), Summe 51.07 JPY
[2026-10-06 12:32:19]     -> keine Analystenabdeckung fuer 7177.T (Prognoseseite existiert nicht)
[2026-10-06 12:32:20]   Hole Kurs fuer T ...
[2026-10-06 12:32:20]     -> 4 Ausschuettung(en) in 12 Monaten (quartalsweise), Summe 1.112 USD
[2026-10-06 12:32:20]   Hole Kurs fuer 0010.HK ...
[2026-10-06 12:32:20]     -> 2 Ausschuettung(en) in 12 Monaten (halbjaehrlich), Summe 0.86 HKD
[2026-10-06 12:32:20]     -> keine Analystenabdeckung fuer 0010.HK (Prognoseseite existiert nicht)
[2026-10-06 12:32:21]     -> Hinweis: hinterlegte Verschuldung 1.3 weicht vom berechneten Wert 0.35 ab - Automatik hat Vorrang.
[2026-10-06 12:32:21]     -> Hinweis: geschaetzte Quote 65% weicht +18 Prozentpunkte vom echten Wert 82.52% ab - Automatik hat Vorrang.
[2026-10-06 12:32:21]   Hole Kurs fuer ROP ...
[2026-10-06 12:32:21]     -> Hinweis: hinterlegte Dividende 2.98 weicht +22% von den tatsaechlich gezahlten 3.64 ab - Automatik hat Vorrang.
[2026-10-06 12:32:21]     -> 4 Ausschuettung(en) in 12 Monaten (quartalsweise), Summe 3.64 USD
[2026-10-06 12:32:21] Anreicherung (News/Analysten-Grades) fuer 30 Top-Kandidaten + Depot (von 113 qualifizierten) ...
[2026-10-06 12:32:22]   FMP-Fehler (HTTP 402) bei news/stock: b'Restricted Endpoint: This endpoint is not available under your current subscription please visit our subscription page to upgrade your plan at https:/'
[2026-10-06 12:32:22]   Finnhub (News)-Fehler (HTTP 403) bei company-news: b'{"error":"You don\'t have access to this resource."}'
[2026-10-06 12:32:22]   FMP-Fehler (HTTP 402) bei grades: b"Premium Query Parameter: 'Special Endpoint : This value set for 'symbol' is not available under your current subscription please visit our subscriptio"
[2026-10-06 12:32:22]   Finnhub (Empfehlungen)-Fehler (HTTP 403) bei stock/recommendation: b'{"error":"You don\'t have access to this resource."}'
[2026-10-06 12:32:22]   FMP-Fehler (HTTP 402) bei news/stock: b'Restricted Endpoint: This endpoint is not available under your current subscription please visit our subscription page to upgrade your plan at https:/'
[2026-10-06 12:32:22]   Finnhub (News)-Fehler (HTTP 403) bei company-news: b'{"error":"You don\'t have access to this resource."}'
[2026-10-06 12:32:23]   FMP-Fehler (HTTP 402) bei grades: b"Premium Query Parameter: 'Special Endpoint : This value set for 'symbol' is not available under your current subscription please visit our subscriptio"
[2026-10-06 12:32:23]   Finnhub (Empfehlungen)-Fehler (HTTP 403) bei stock/recommendation: b'{"error":"You don\'t have access to this resource."}'
[2026-10-06 12:32:23]   FMP-Fehler (HTTP 402) bei news/stock: b'Restricted Endpoint: This endpoint is not available under your current subscription please visit our subscription page to upgrade your plan at https:/'
[2026-10-06 12:32:23]   Finnhub (News)-Fehler (HTTP 403) bei company-news: b'{"error":"You don\'t have access to this resource."}'
[2026-10-06 12:32:23]   FMP-Fehler (HTTP 402) bei grades: b"Premium Query Parameter: 'Special Endpoint : This value set for 'symbol' is not available under your current subscription please visit our subscriptio"
[2026-10-06 12:32:23]   Finnhub (Empfehlungen)-Fehler (HTTP 403) bei stock/recommendation: b'{"error":"You don\'t have access to this resource."}'
[2026-10-06 12:32:24]   FMP-Fehler (HTTP 402) bei news/stock: b'Restricted Endpoint: This endpoint is not available under your current subscription please visit our subscription page to upgrade your plan at https:/'
[2026-10-06 12:32:24]   Finnhub (News)-Fehler (HTTP 403) bei company-news: b'{"error":"You don\'t have access to this resource."}'
[2026-10-06 12:32:24]   FMP-Fehler (HTTP 402) bei grades: b"Premium Query Parameter: 'Special Endpoint : This value set for 'symbol' is not available under your current subscription please visit our subscriptio"
[2026-10-06 12:32:24]   Finnhub (Empfehlungen)-Fehler (HTTP 403) bei stock/recommendation: b'{"error":"You don\'t have access to this resource."}'
[2026-10-06 12:32:24]   FMP-Fehler (HTTP 402) bei news/stock: b'Restricted Endpoint: This endpoint is not available under your current subscription please visit our subscription page to upgrade your plan at https:/'
[2026-10-06 12:32:24]   Finnhub (News)-Fehler (HTTP 403) bei company-news: b'{"error":"You don\'t have access to this resource."}'
[2026-10-06 12:32:25]   FMP-Fehler (HTTP 402) bei grades: b"Premium Query Parameter: 'Special Endpoint : This value set for 'symbol' is not available under your current subscription please visit our subscriptio"
[2026-10-06 12:32:25]   Finnhub (Empfehlungen)-Fehler (HTTP 403) bei stock/recommendation: b'{"error":"You don\'t have access to this resource."}'
[2026-10-06 12:32:26]   FMP-Fehler (HTTP 402) bei news/stock: b'Restricted Endpoint: This endpoint is not available under your current subscription please visit our subscription page to upgrade your plan at https:/'
[2026-10-06 12:32:26]   Finnhub (News)-Fehler (HTTP 403) bei company-news: b'{"error":"You don\'t have access to this resource."}'
[2026-10-06 12:32:26]   FMP-Fehler (HTTP 402) bei grades: b"Premium Query Parameter: 'Special Endpoint : This value set for 'symbol' is not available under your current subscription please visit our subscriptio"
[2026-10-06 12:32:26]   Finnhub (Empfehlungen)-Fehler (HTTP 403) bei stock/recommendation: b'{"error":"You don\'t have access to this resource."}'
[2026-10-06 12:32:26]   FMP-Fehler (HTTP 402) bei news/stock: b'Restricted Endpoint: This endpoint is not available under your current subscription please visit our subscription page to upgrade your plan at https:/'
[2026-10-06 12:32:27]   Finnhub (News)-Fehler (HTTP 403) bei company-news: b'{"error":"You don\'t have access to this resource."}'
[2026-10-06 12:32:27]   FMP-Fehler (HTTP 402) bei grades: b"Premium Query Parameter: 'Special Endpoint : This value set for 'symbol' is not available under your current subscription please visit our subscriptio"
[2026-10-06 12:32:27]   Finnhub (Empfehlungen)-Fehler (HTTP 403) bei stock/recommendation: b'{"error":"You don\'t have access to this resource."}'
[2026-10-06 12:32:27]   FMP-Fehler (HTTP 402) bei news/stock: b'Restricted Endpoint: This endpoint is not available under your current subscription please visit our subscription page to upgrade your plan at https:/'
[2026-10-06 12:32:27]   Finnhub (News)-Fehler (HTTP 403) bei company-news: b'{"error":"You don\'t have access to this resource."}'
[2026-10-06 12:32:27]   FMP-Fehler (HTTP 402) bei grades: b"Premium Query Parameter: 'Special Endpoint : This value set for 'symbol' is not available under your current subscription please visit our subscriptio"
[2026-10-06 12:32:27]   Finnhub (Empfehlungen)-Fehler (HTTP 403) bei stock/recommendation: b'{"error":"You don\'t have access to this resource."}'
[2026-10-06 12:32:28]   FMP-Fehler (HTTP 402) bei news/stock: b'Restricted Endpoint: This endpoint is not available under your current subscription please visit our subscription page to upgrade your plan at https:/'
[2026-10-06 12:32:28]   Finnhub (News)-Fehler (HTTP 403) bei company-news: b'{"error":"You don\'t have access to this resource."}'
[2026-10-06 12:32:28]   FMP-Fehler (HTTP 402) bei grades: b"Premium Query Parameter: 'Special Endpoint : This value set for 'symbol' is not available under your current subscription please visit our subscriptio"
[2026-10-06 12:32:28]   Finnhub (Empfehlungen)-Fehler (HTTP 403) bei stock/recommendation: b'{"error":"You don\'t have access to this resource."}'
[2026-10-06 12:32:28]   FMP-Fehler (HTTP 402) bei news/stock: b'Restricted Endpoint: This endpoint is not available under your current subscription please visit our subscription page to upgrade your plan at https:/'
[2026-10-06 12:32:28]   Finnhub (News)-Fehler (HTTP 403) bei company-news: b'{"error":"You don\'t have access to this resource."}'
[2026-10-06 12:32:29]   FMP-Fehler (HTTP 402) bei grades: b"Premium Query Parameter: 'Special Endpoint : This value set for 'symbol' is not available under your current subscription please visit our subscriptio"
[2026-10-06 12:32:29]   Finnhub (Empfehlungen)-Fehler (HTTP 403) bei stock/recommendation: b'{"error":"You don\'t have access to this resource."}'
[2026-10-06 12:32:29]   FMP-Fehler (HTTP 402) bei news/stock: b'Restricted Endpoint: This endpoint is not available under your current subscription please visit our subscription page to upgrade your plan at https:/'
[2026-10-06 12:32:29]   Finnhub (News)-Fehler (HTTP 403) bei company-news: b'{"error":"You don\'t have access to this resource."}'
[2026-10-06 12:32:29]   FMP-Fehler (HTTP 402) bei grades: b"Premium Query Parameter: 'Special Endpoint : This value set for 'symbol' is not available under your current subscription please visit our subscriptio"
[2026-10-06 12:32:29]   Finnhub (Empfehlungen)-Fehler (HTTP 403) bei stock/recommendation: b'{"error":"You don\'t have access to this resource."}'
[2026-10-06 12:32:30]   FMP-Fehler (HTTP 402) bei news/stock: b'Restricted Endpoint: This endpoint is not available under your current subscription please visit our subscription page to upgrade your plan at https:/'
[2026-10-06 12:32:30]   Finnhub (News)-Fehler (HTTP 403) bei company-news: b'{"error":"You don\'t have access to this resource."}'
[2026-10-06 12:32:30]   FMP-Fehler (HTTP 402) bei grades: b"Premium Query Parameter: 'Special Endpoint : This value set for 'symbol' is not available under your current subscription please visit our subscriptio"
[2026-10-06 12:32:30]   Finnhub (Empfehlungen)-Fehler (HTTP 403) bei stock/recommendation: b'{"error":"You don\'t have access to this resource."}'
[2026-10-06 12:32:31]   FMP-Fehler (HTTP 402) bei news/stock: b'Restricted Endpoint: This endpoint is not available under your current subscription please visit our subscription page to upgrade your plan at https:/'
[2026-10-06 12:32:31]   Finnhub (News)-Fehler (HTTP 403) bei company-news: b'{"error":"You don\'t have access to this resource."}'
[2026-10-06 12:32:31]   FMP-Fehler (HTTP 402) bei grades: b"Premium Query Parameter: 'Special Endpoint : This value set for 'symbol' is not available under your current subscription please visit our subscriptio"
[2026-10-06 12:32:31]   Finnhub (Empfehlungen)-Fehler (HTTP 403) bei stock/recommendation: b'{"error":"You don\'t have access to this resource."}'
[2026-10-06 12:32:31]   FMP-Fehler (HTTP 402) bei news/stock: b'Restricted Endpoint: This endpoint is not available under your current subscription please visit our subscription page to upgrade your plan at https:/'
[2026-10-06 12:32:31]   Finnhub (News)-Fehler (HTTP 403) bei company-news: b'{"error":"You don\'t have access to this resource."}'
[2026-10-06 12:32:32]   FMP-Fehler (HTTP 402) bei grades: b"Premium Query Parameter: 'Special Endpoint : This value set for 'symbol' is not available under your current subscription please visit our subscriptio"
[2026-10-06 12:32:32]   Finnhub (Empfehlungen)-Fehler (HTTP 403) bei stock/recommendation: b'{"error":"You don\'t have access to this resource."}'
[2026-10-06 12:32:32]   FMP-Fehler (HTTP 402) bei news/stock: b'Restricted Endpoint: This endpoint is not available under your current subscription please visit our subscription page to upgrade your plan at https:/'
[2026-10-06 12:32:32]     -> News via Finnhub ergaenzt
[2026-10-06 12:32:32]   FMP-Fehler (HTTP 402) bei grades: b"Premium Query Parameter: 'Special Endpoint : This value set for 'symbol' is not available under your current subscription please visit our subscriptio"
[2026-10-06 12:32:32]     -> Analysten-Konsens via Finnhub ergaenzt
[2026-10-06 12:32:33]   FMP-Fehler (HTTP 402) bei news/stock: b'Restricted Endpoint: This endpoint is not available under your current subscription please visit our subscription page to upgrade your plan at https:/'
[2026-10-06 12:32:33]   Finnhub (News)-Fehler (HTTP 403) bei company-news: b'{"error":"You don\'t have access to this resource."}'
[2026-10-06 12:32:33]   FMP-Fehler (HTTP 402) bei grades: b"Premium Query Parameter: 'Special Endpoint : This value set for 'symbol' is not available under your current subscription please visit our subscriptio"
[2026-10-06 12:32:33]   Finnhub (Empfehlungen)-Fehler (HTTP 403) bei stock/recommendation: b'{"error":"You don\'t have access to this resource."}'
[2026-10-06 12:32:33]   FMP-Fehler (HTTP 402) bei news/stock: b'Restricted Endpoint: This endpoint is not available under your current subscription please visit our subscription page to upgrade your plan at https:/'
[2026-10-06 12:32:33]     -> News via Finnhub ergaenzt
[2026-10-06 12:32:34]   FMP-Fehler (HTTP 402) bei grades: b"Premium Query Parameter: 'Special Endpoint : This value set for 'symbol' is not available under your current subscription please visit our subscriptio"
[2026-10-06 12:32:34]     -> Analysten-Konsens via Finnhub ergaenzt
[2026-10-06 12:32:34]   FMP-Fehler (HTTP 402) bei news/stock: b'Restricted Endpoint: This endpoint is not available under your current subscription please visit our subscription page to upgrade your plan at https:/'
[2026-10-06 12:32:34]   Finnhub (News)-Fehler (HTTP 403) bei company-news: b'{"error":"You don\'t have access to this resource."}'
[2026-10-06 12:32:34]   FMP-Fehler (HTTP 402) bei grades: b"Premium Query Parameter: 'Special Endpoint : This value set for 'symbol' is not available under your current subscription please visit our subscriptio"
[2026-10-06 12:32:34]   Finnhub (Empfehlungen)-Fehler (HTTP 403) bei stock/recommendation: b'{"error":"You don\'t have access to this resource."}'
[2026-10-06 12:32:35]   FMP-Fehler (HTTP 402) bei news/stock: b'Restricted Endpoint: This endpoint is not available under your current subscription please visit our subscription page to upgrade your plan at https:/'
[2026-10-06 12:32:35]   Finnhub (News)-Fehler (HTTP 403) bei company-news: b'{"error":"You don\'t have access to this resource."}'
[2026-10-06 12:32:35]   FMP-Fehler (HTTP 402) bei grades: b"Premium Query Parameter: 'Special Endpoint : This value set for 'symbol' is not available under your current subscription please visit our subscriptio"
[2026-10-06 12:32:35]   Finnhub (Empfehlungen)-Fehler (HTTP 403) bei stock/recommendation: b'{"error":"You don\'t have access to this resource."}'
[2026-10-06 12:32:35]   FMP-Fehler (HTTP 402) bei news/stock: b'Restricted Endpoint: This endpoint is not available under your current subscription please visit our subscription page to upgrade your plan at https:/'
[2026-10-06 12:32:36]     -> News via Finnhub ergaenzt
[2026-10-06 12:32:36]   FMP-Fehler (HTTP 402) bei grades: b"Premium Query Parameter: 'Special Endpoint : This value set for 'symbol' is not available under your current subscription please visit our subscriptio"
[2026-10-06 12:32:36]     -> Analysten-Konsens via Finnhub ergaenzt
[2026-10-06 12:32:36]   FMP-Fehler (HTTP 402) bei news/stock: b'Restricted Endpoint: This endpoint is not available under your current subscription please visit our subscription page to upgrade your plan at https:/'
[2026-10-06 12:32:36]     -> News via Finnhub ergaenzt
[2026-10-06 12:32:36]   FMP-Fehler (HTTP 402) bei grades: b"Premium Query Parameter: 'Special Endpoint : This value set for 'symbol' is not available under your current subscription please visit our subscriptio"
[2026-10-06 12:32:36]     -> Analysten-Konsens via Finnhub ergaenzt
[2026-10-06 12:32:37]   FMP-Fehler (HTTP 402) bei news/stock: b'Restricted Endpoint: This endpoint is not available under your current subscription please visit our subscription page to upgrade your plan at https:/'
[2026-10-06 12:32:37]   Finnhub (News)-Fehler (HTTP 403) bei company-news: b'{"error":"You don\'t have access to this resource."}'
[2026-10-06 12:32:37]   FMP-Fehler (HTTP 402) bei grades: b"Premium Query Parameter: 'Special Endpoint : This value set for 'symbol' is not available under your current subscription please visit our subscriptio"
[2026-10-06 12:32:37]   Finnhub (Empfehlungen)-Fehler (HTTP 403) bei stock/recommendation: b'{"error":"You don\'t have access to this resource."}'
[2026-10-06 12:32:37]   FMP-Fehler (HTTP 402) bei news/stock: b'Restricted Endpoint: This endpoint is not available under your current subscription please visit our subscription page to upgrade your plan at https:/'
[2026-10-06 12:32:37]   Finnhub (News)-Fehler (HTTP 403) bei company-news: b'{"error":"You don\'t have access to this resource."}'
[2026-10-06 12:32:38]   FMP-Fehler (HTTP 402) bei grades: b"Premium Query Parameter: 'Special Endpoint : This value set for 'symbol' is not available under your current subscription please visit our subscriptio"
[2026-10-06 12:32:38]   Finnhub (Empfehlungen)-Fehler (HTTP 403) bei stock/recommendation: b'{"error":"You don\'t have access to this resource."}'
[2026-10-06 12:32:38]   FMP-Fehler (HTTP 402) bei news/stock: b'Restricted Endpoint: This endpoint is not available under your current subscription please visit our subscription page to upgrade your plan at https:/'
[2026-10-06 12:32:38]   Finnhub (News)-Fehler (HTTP 403) bei company-news: b'{"error":"You don\'t have access to this resource."}'
[2026-10-06 12:32:38]   FMP-Fehler (HTTP 402) bei grades: b"Premium Query Parameter: 'Special Endpoint : This value set for 'symbol' is not available under your current subscription please visit our subscriptio"
[2026-10-06 12:32:38]   Finnhub (Empfehlungen)-Fehler (HTTP 403) bei stock/recommendation: b'{"error":"You don\'t have access to this resource."}'
[2026-10-06 12:32:39]   FMP-Fehler (HTTP 402) bei news/stock: b'Restricted Endpoint: This endpoint is not available under your current subscription please visit our subscription page to upgrade your plan at https:/'
[2026-10-06 12:32:39]   Finnhub (News)-Fehler (HTTP 403) bei company-news: b'{"error":"You don\'t have access to this resource."}'
[2026-10-06 12:32:39]   FMP-Fehler (HTTP 402) bei grades: b"Premium Query Parameter: 'Special Endpoint : This value set for 'symbol' is not available under your current subscription please visit our subscriptio"
[2026-10-06 12:32:39]   Finnhub (Empfehlungen)-Fehler (HTTP 403) bei stock/recommendation: b'{"error":"You don\'t have access to this resource."}'
[2026-10-06 12:32:39]   FMP-Fehler (HTTP 402) bei news/stock: b'Restricted Endpoint: This endpoint is not available under your current subscription please visit our subscription page to upgrade your plan at https:/'
[2026-10-06 12:32:39]     -> News via Finnhub ergaenzt
[2026-10-06 12:32:39]   FMP-Fehler (HTTP 402) bei grades: b"Premium Query Parameter: 'Special Endpoint : This value set for 'symbol' is not available under your current subscription please visit our subscriptio"
[2026-10-06 12:32:40]     -> Analysten-Konsens via Finnhub ergaenzt
[2026-10-06 12:32:40]   FMP-Fehler (HTTP 402) bei news/stock: b'Restricted Endpoint: This endpoint is not available under your current subscription please visit our subscription page to upgrade your plan at https:/'
[2026-10-06 12:32:40]   Finnhub (News)-Fehler (HTTP 403) bei company-news: b'{"error":"You don\'t have access to this resource."}'
[2026-10-06 12:32:40]   FMP-Fehler (HTTP 402) bei grades: b"Premium Query Parameter: 'Special Endpoint : This value set for 'symbol' is not available under your current subscription please visit our subscriptio"
[2026-10-06 12:32:41]   Finnhub (Empfehlungen)-Fehler (HTTP 403) bei stock/recommendation: b'{"error":"You don\'t have access to this resource."}'
[2026-10-06 12:32:41]   FMP-Fehler (HTTP 402) bei news/stock: b'Restricted Endpoint: This endpoint is not available under your current subscription please visit our subscription page to upgrade your plan at https:/'
[2026-10-06 12:32:41]   Finnhub (News)-Fehler (HTTP 403) bei company-news: b'{"error":"You don\'t have access to this resource."}'
[2026-10-06 12:32:41]   FMP-Fehler (HTTP 402) bei grades: b"Premium Query Parameter: 'Special Endpoint : This value set for 'symbol' is not available under your current subscription please visit our subscriptio"
[2026-10-06 12:32:41]   Finnhub (Empfehlungen)-Fehler (HTTP 403) bei stock/recommendation: b'{"error":"You don\'t have access to this resource."}'
[2026-10-06 12:32:42]   FMP-Fehler (HTTP 402) bei news/stock: b'Restricted Endpoint: This endpoint is not available under your current subscription please visit our subscription page to upgrade your plan at https:/'
[2026-10-06 12:32:42]   Finnhub (News)-Fehler (HTTP 403) bei company-news: b'{"error":"You don\'t have access to this resource."}'
[2026-10-06 12:32:42]   FMP-Fehler (HTTP 402) bei grades: b"Premium Query Parameter: 'Special Endpoint : This value set for 'symbol' is not available under your current subscription please visit our subscriptio"
[2026-10-06 12:32:42]   Finnhub (Empfehlungen)-Fehler (HTTP 403) bei stock/recommendation: b'{"error":"You don\'t have access to this resource."}'
[2026-10-06 12:32:42]   FMP-Fehler (HTTP 402) bei news/stock: b'Restricted Endpoint: This endpoint is not available under your current subscription please visit our subscription page to upgrade your plan at https:/'
[2026-10-06 12:32:42]   Finnhub (News)-Fehler (HTTP 403) bei company-news: b'{"error":"You don\'t have access to this resource."}'
[2026-10-06 12:32:42]   FMP-Fehler (HTTP 402) bei grades: b"Premium Query Parameter: 'Special Endpoint : This value set for 'symbol' is not available under your current subscription please visit our subscriptio"
[2026-10-06 12:32:42]   Finnhub (Empfehlungen)-Fehler (HTTP 403) bei stock/recommendation: b'{"error":"You don\'t have access to this resource."}'
[2026-10-06 12:32:43] Alle Titel ohne Fehler verarbeitet.
[2026-10-06 12:32:43] Fertig. Bericht aktualisiert: /home/runner/work/dividendenatlas/dividendenatlas/dividendenatlas.html
[2026-10-07 12:23:28] my_depot.json existierte nicht - Beispiel-Datei angelegt unter /home/runner/work/dividendenatlas/dividendenatlas/my_depot.json
[2026-10-07 12:23:29] Hole Kurse fuer 221 Ticker (0 im Depot, 221 in stammdaten.json) ...
[2026-10-07 12:23:29]   Live-Wechselkurse geholt: {'EUR': 1.0, 'USD': 0.88739, 'GBP': 1.178134, 'CHF': 1.06849, 'JPY': 0.005613, 'HKD': 0.113074, 'SGD': 0.69483, 'KRW': 0.000663, 'BRL': 0.1786}
[2026-10-07 12:23:29] Kennzahlen auffrischen: 36 Titel ueber stockanalysis (Ausschuettungsquote + Verschuldung, ein Abruf je Titel).
[2026-10-07 12:23:29] Davon 32 ETFs - fuer 1 werden Kostenquote, Fondsgroesse, Sektor- und Laendergewichte geholt.
[2026-10-07 12:23:29] Analysteneinstufungen auffrischen: 16 Titel (Konsens, Kursziel und die 12-Monats-Historie).
[2026-10-07 12:23:29]   Hole Kurs fuer GSK.L ...
[2026-10-07 12:23:29]     -> Hinweis: hinterlegte Dividende 0.63 weicht +10694% von den tatsaechlich gezahlten 68.0 ab - Automatik hat Vorrang.
[2026-10-07 12:23:29]     -> 4 Ausschuettung(en) in 12 Monaten (quartalsweise), Summe 68.0 GBp
[2026-10-07 12:23:30]   Leeway.tech-Fehler (HTTP 404) bei fundamentals/GSK.XLON: b'{"msg":"Fundamentals for code and exchange not found"}'
[2026-10-07 12:23:30]   Leeway lieferte keine verwertbare Antwort fuer GSK.XLON
[2026-10-07 12:23:30]   Hole Kurs fuer 3002.T ...
[2026-10-07 12:23:30]     -> 1 Ausschuettung(en) in 12 Monaten (jaehrlich), Summe 216.0 JPY
[2026-10-07 12:23:31]   Leeway.tech-Fehler (HTTP 404) bei fundamentals/3002.XTKS: b'{"msg":"Fundamentals for code and exchange not found"}'
[2026-10-07 12:23:31]   Leeway lieferte keine verwertbare Antwort fuer 3002.XTKS
[2026-10-07 12:23:31]     -> Hinweis: hinterlegte Verschuldung 0.8 weicht vom berechneten Wert 0.18 ab - Automatik hat Vorrang.
[2026-10-07 12:23:31]   Hole Kurs fuer ORA.PA ...
[2026-10-07 12:23:31]     -> 2 Ausschuettung(en) in 12 Monaten (halbjaehrlich), Summe 0.75 EUR
[2026-10-07 12:23:32]   Leeway.tech-Fehler (HTTP 404) bei fundamentals/ORA.XPAR: b'{"msg":"Fundamentals for code and exchange not found"}'
[2026-10-07 12:23:32]   Leeway lieferte keine verwertbare Antwort fuer ORA.XPAR
[2026-10-07 12:23:32]   Hole Kurs fuer M12.DE ...
[2026-10-07 12:23:32]     -> 1 Ausschuettung(en) in 12 Monaten (jaehrlich), Summe 1.2 EUR
[2026-10-07 12:23:33]     -> keine Analystenabdeckung fuer M12.DE (Prognoseseite existiert nicht)
[2026-10-07 12:23:34]     -> Ausschuettungsquote 49.2% via Leeway
[2026-10-07 12:23:34]     -> isin, market_cap via Leeway.tech ergaenzt
[2026-10-07 12:23:34]   Hole Kurs fuer FNTN.DE ...
[2026-10-07 12:23:34]     -> 1 Ausschuettung(en) in 12 Monaten (jaehrlich), Summe 2.07 EUR
[2026-10-07 12:23:36]     -> Ausschuettungsquote 101.0% via Leeway
[2026-10-07 12:23:36]     -> isin, market_cap via Leeway.tech ergaenzt
[2026-10-07 12:23:36]   Hole Kurs fuer TU ...
[2026-10-07 12:23:36]     -> 3 Ausschuettung(en) in 12 Monaten (quartalsweise), Summe 0.744 USD [unvollstaendig]
[2026-10-07 12:23:36]     -> Hinweis: hinterlegte Verschuldung 0.8 weicht vom berechneten Wert 2.24 ab - Automatik hat Vorrang.
[2026-10-07 12:23:36]   Hole Kurs fuer 5938.T ...
[2026-10-07 12:23:37]     -> 2 Ausschuettung(en) in 12 Monaten (halbjaehrlich), Summe 90.0 JPY
[2026-10-07 12:23:37]   Leeway.tech-Fehler (HTTP 404) bei fundamentals/5938.XTKS: b'{"msg":"Fundamentals for code and exchange not found"}'
[2026-10-07 12:23:37]   Leeway lieferte keine verwertbare Antwort fuer 5938.XTKS
[2026-10-07 12:23:37]     -> Hinweis: geschaetzte Quote 35% weicht +432 Prozentpunkte vom echten Wert 466.55% ab - Automatik hat Vorrang.
[2026-10-07 12:23:37]   Hole Kurs fuer CON.DE ...
[2026-10-07 12:23:38]     -> 1 Ausschuettung(en) in 12 Monaten (jaehrlich), Summe 2.7 EUR
[2026-10-07 12:23:39]     -> Ausschuettungsquote 42.0% via Leeway
[2026-10-07 12:23:39]     -> isin, market_cap, payout_ratio_pct via Leeway.tech ergaenzt
[2026-10-07 12:23:39]   Hole Kurs fuer NG.L ...
[2026-10-07 12:23:40]     -> Hinweis: hinterlegte Dividende 0.52 weicht +9225% von den tatsaechlich gezahlten 48.49 ab - Automatik hat Vorrang.
[2026-10-07 12:23:40]     -> 2 Ausschuettung(en) in 12 Monaten (halbjaehrlich), Summe 48.49 GBp
[2026-10-07 12:23:41]   Leeway.tech-Fehler (HTTP 404) bei fundamentals/NG.XLON: b'{"msg":"Fundamentals for code and exchange not found"}'
[2026-10-07 12:23:41]   Leeway lieferte keine verwertbare Antwort fuer NG.XLON
[2026-10-07 12:23:41]   Hole Kurs fuer GD ...
[2026-10-07 12:23:41]     -> 4 Ausschuettung(en) in 12 Monaten (quartalsweise), Summe 6.18 USD
[2026-10-07 12:23:41]   Hole Kurs fuer KIM ...
[2026-10-07 12:23:41]     -> 4 Ausschuettung(en) in 12 Monaten (quartalsweise), Summe 1.06 USD
[2026-10-07 12:23:41]     -> Hinweis: hinterlegte Verschuldung 1.3 weicht vom berechneten Wert 0.85 ab - Automatik hat Vorrang.
[2026-10-07 12:23:42]   Hole Kurs fuer ATO ...
[2026-10-07 12:23:42]     -> 4 Ausschuettung(en) in 12 Monaten (quartalsweise), Summe 4.0 USD
[2026-10-07 12:23:42]   Hole Kurs fuer 1833.T ...
[2026-10-07 12:23:42]     -> 2 Ausschuettung(en) in 12 Monaten (halbjaehrlich), Summe 337.0 JPY
[2026-10-07 12:23:42]     -> keine Analystenabdeckung fuer 1833.T (Prognoseseite existiert nicht)
[2026-10-07 12:23:43]   Leeway.tech-Fehler (HTTP 404) bei fundamentals/1833.XTKS: b'{"msg":"Fundamentals for code and exchange not found"}'
[2026-10-07 12:23:43]   Leeway lieferte keine verwertbare Antwort fuer 1833.XTKS
[2026-10-07 12:23:43]     -> Hinweis: hinterlegte Verschuldung 0.8 weicht vom berechneten Wert 0.35 ab - Automatik hat Vorrang.
[2026-10-07 12:23:44]   Hole Kurs fuer BCH ...
[2026-10-07 12:23:44]     -> 1 Ausschuettung(en) in 12 Monaten (jaehrlich), Summe 2.183 USD
[2026-10-07 12:23:44]   Hole Kurs fuer WMT ...
[2026-10-07 12:23:44]     -> 4 Ausschuettung(en) in 12 Monaten (quartalsweise), Summe 0.979 USD
[2026-10-07 12:23:44]   Hole Kurs fuer BBAS3.SA ...
[2026-10-07 12:23:44]     -> 6 Ausschuettung(en) in 12 Monaten (quartalsweise), Summe 0.654951 BRL
[2026-10-07 12:23:45]   Hole Kurs fuer WCH.DE ...
[2026-10-07 12:23:45]     -> 0 Ausschuettung(en) in 12 Monaten (jaehrlich), Summe None EUR [unvollstaendig]
[2026-10-07 12:23:45]     -> WARNUNG: weder Boersen-Ausschuettungen noch dividend_per_share verfuegbar - Rendite 2.6% ist ein EINGEFRORENER Startwert (Stand 2026-08), NICHT tagesaktuell.
[2026-10-07 12:23:46]     -> Ausschuettungsquote 5.7% via Leeway
[2026-10-07 12:23:46]     -> market_cap, pe_ratio, payout_ratio_pct via Leeway.tech ergaenzt
[2026-10-07 12:23:46]   Hole Kurs fuer IBCA.DE ...
[2026-10-07 12:23:46]     -> 2 Ausschuettung(en) in 12 Monaten (halbjaehrlich), Summe 3.024 EUR
[2026-10-07 12:23:47]   Leeway: keine Ausschuettungsquote fuer IBCA.XETRA (vorhandene Abschnitte: ETF_Data, General, Technicals)
[2026-10-07 12:23:47]   Hole Kurs fuer INCU.DE ...
[2026-10-07 12:23:47]     -> 4 Ausschuettung(en) in 12 Monaten (quartalsweise), Summe 0.355591 EUR
[2026-10-07 12:23:48]   Leeway.tech-Fehler (HTTP 429) bei fundamentals/INCU.XETRA: b'Your limit of 50 requests per day has been reached.'
[2026-10-07 12:23:48]   Leeway lieferte keine verwertbare Antwort fuer INCU.XETRA
[2026-10-07 12:23:48]   Hole Kurs fuer SHW ...
[2026-10-07 12:23:48]     -> 4 Ausschuettung(en) in 12 Monaten (quartalsweise), Summe 3.19 USD
[2026-10-07 12:23:48]   Hole Kurs fuer ASWK.DE ...
[2026-10-07 12:23:48]     -> 11 Ausschuettung(en) in 12 Monaten (monatlich), Summe 4.961004 EUR [unvollstaendig]
[2026-10-07 12:23:49]   Leeway.tech-Fehler (HTTP 429) bei fundamentals/ASWK.XETRA: b'Your limit of 50 requests per day has been reached.'
[2026-10-07 12:23:49]   Leeway lieferte keine verwertbare Antwort fuer ASWK.XETRA
[2026-10-07 12:23:49]   Hole Kurs fuer SYBY.DE ...
[2026-10-07 12:23:49]     -> 2 Ausschuettung(en) in 12 Monaten (halbjaehrlich), Summe 1.447219 EUR
[2026-10-07 12:23:50]   Leeway.tech-Fehler (HTTP 429) bei fundamentals/SYBY.XETRA: b'Your limit of 50 requests per day has been reached.'
[2026-10-07 12:23:50]   Leeway lieferte keine verwertbare Antwort fuer SYBY.XETRA
[2026-10-07 12:23:50]   Hole Kurs fuer MUX.DE ...
[2026-10-07 12:23:50]     -> 1 Ausschuettung(en) in 12 Monaten (jaehrlich), Summe 2.0 EUR
[2026-10-07 12:23:50]   Leeway.tech-Fehler (HTTP 429) bei fundamentals/MUX.XETRA: b'Your limit of 50 requests per day has been reached.'
[2026-10-07 12:23:50]   Leeway lieferte keine verwertbare Antwort fuer MUX.XETRA
[2026-10-07 12:23:50]     -> Hinweis: hinterlegte Verschuldung 0.8 weicht vom berechneten Wert 2.22 ab - Automatik hat Vorrang.
[2026-10-07 12:23:51]   Hole Kurs fuer O ...
[2026-10-07 12:23:51]     -> 12 Ausschuettung(en) in 12 Monaten (monatlich), Summe 3.248 USD
[2026-10-07 12:23:51]     -> Hinweis: hinterlegte Verschuldung 1.3 weicht vom berechneten Wert 0.75 ab - Automatik hat Vorrang.
[2026-10-07 12:23:51]     -> Hinweis: geschaetzte Quote 75% weicht +162 Prozentpunkte vom echten Wert 237.14% ab - Automatik hat Vorrang.
[2026-10-07 12:23:51]   Hole Kurs fuer SO ...
[2026-10-07 12:23:51]     -> 4 Ausschuettung(en) in 12 Monaten (quartalsweise), Summe 3.0 USD
[2026-10-07 12:23:51]   Hole Kurs fuer 004990.KS ...
[2026-10-07 12:23:52]     -> 1 Ausschuettung(en) in 12 Monaten (jaehrlich), Summe 1250.0 KRW
[2026-10-07 12:23:52]   Leeway.tech-Fehler (HTTP 429) bei fundamentals/004990.XKRX: b'Your limit of 50 requests per day has been reached.'
[2026-10-07 12:23:52]   Leeway lieferte keine verwertbare Antwort fuer 004990.XKRX
[2026-10-07 12:23:52]   Hole Kurs fuer 4183.T ...
[2026-10-07 12:23:52]     -> 2 Ausschuettung(en) in 12 Monaten (halbjaehrlich), Summe 75.0 JPY
[2026-10-07 12:23:53]   Leeway.tech-Fehler (HTTP 429) bei fundamentals/4183.XTKS: b'Your limit of 50 requests per day has been reached.'
[2026-10-07 12:23:53]   Leeway lieferte keine verwertbare Antwort fuer 4183.XTKS
[2026-10-07 12:23:53]   Hole Kurs fuer WPC ...
[2026-10-07 12:23:53]     -> 4 Ausschuettung(en) in 12 Monaten (quartalsweise), Summe 3.74 USD
[2026-10-07 12:23:53]     -> Hinweis: geschaetzte Quote 100% weicht +27 Prozentpunkte vom echten Wert 126.64% ab - Automatik hat Vorrang.
[2026-10-07 12:23:53]   Hole Kurs fuer 030000.KS ...
[2026-10-07 12:23:54]     -> 1 Ausschuettung(en) in 12 Monaten (jaehrlich), Summe 1230.0 KRW
[2026-10-07 12:23:54]   Leeway.tech-Fehler (HTTP 429) bei fundamentals/030000.XKRX: b'Your limit of 50 requests per day has been reached.'
[2026-10-07 12:23:54]   Leeway lieferte keine verwertbare Antwort fuer 030000.XKRX
[2026-10-07 12:23:54]     -> Hinweis: hinterlegte Verschuldung 0.8 weicht vom berechneten Wert 0.2 ab - Automatik hat Vorrang.
[2026-10-07 12:23:54]   Hole Kurs fuer MCD ...
[2026-10-07 12:23:55]     -> 4 Ausschuettung(en) in 12 Monaten (quartalsweise), Summe 7.44 USD
[2026-10-07 12:23:55]   Hole Kurs fuer JEIP.DE ...
[2026-10-07 12:23:55]     -> 12 Ausschuettung(en) in 12 Monaten (monatlich), Summe 1.572168 EUR
[2026-10-07 12:23:55]   Leeway.tech-Fehler (HTTP 429) bei fundamentals/JEIP.XETRA: b'Your limit of 50 requests per day has been reached.'
[2026-10-07 12:23:55]   Leeway lieferte keine verwertbare Antwort fuer JEIP.XETRA
[2026-10-07 12:23:56]   Hole Kurs fuer WSU.DE ...
[2026-10-07 12:23:56]     -> 1 Ausschuettung(en) in 12 Monaten (jaehrlich), Summe 2.5 EUR
[2026-10-07 12:23:56]   Leeway.tech-Fehler (HTTP 429) bei fundamentals/WSU.XETRA: b'Your limit of 50 requests per day has been reached.'
[2026-10-07 12:23:56]   Leeway lieferte keine verwertbare Antwort fuer WSU.XETRA
[2026-10-07 12:23:56]     -> Hinweis: hinterlegte Verschuldung 0.8 weicht vom berechneten Wert 1.59 ab - Automatik hat Vorrang.
[2026-10-07 12:23:56]   Hole Kurs fuer 8985.T ...
[2026-10-07 12:23:57]     -> 1 Ausschuettung(en) in 12 Monaten (jaehrlich), Summe 5061.0 JPY
[2026-10-07 12:23:57]     -> Hinweis: hinterlegte Verschuldung 1.3 weicht vom berechneten Wert 0.98 ab - Automatik hat Vorrang.
[2026-10-07 12:23:57]   Hole Kurs fuer SJM ...
[2026-10-07 12:23:57]     -> 4 Ausschuettung(en) in 12 Monaten (quartalsweise), Summe 4.42 USD
[2026-10-07 12:23:57]   Hole Kurs fuer SHEL.L ...
[2026-10-07 12:23:57]     -> Hinweis: hinterlegte Dividende 0.86 weicht +13019% von den tatsaechlich gezahlten 112.819997 ab - Automatik hat Vorrang.
[2026-10-07 12:23:57]     -> 4 Ausschuettung(en) in 12 Monaten (quartalsweise), Summe 112.819997 GBp
[2026-10-07 12:23:58]   Hole Kurs fuer 36B1.DE ...
[2026-10-07 12:23:58]     -> 4 Ausschuettung(en) in 12 Monaten (halbjaehrlich), Summe 0.270085 EUR
[2026-10-07 12:23:58]   Hole Kurs fuer GWW ...
[2026-10-07 12:23:58]     -> 4 Ausschuettung(en) in 12 Monaten (quartalsweise), Summe 9.5 USD
[2026-10-07 12:23:58]   Hole Kurs fuer NLY ...
[2026-10-07 12:23:59]     -> 4 Ausschuettung(en) in 12 Monaten (quartalsweise), Summe 2.9 USD
[2026-10-07 12:23:59]     -> Hinweis: hinterlegte Verschuldung 1.3 weicht vom berechneten Wert 7.38 ab - Automatik hat Vorrang.
[2026-10-07 12:23:59]   Hole Kurs fuer SMLD.DE ...
[2026-10-07 12:23:59]     -> 4 Ausschuettung(en) in 12 Monaten (quartalsweise), Summe 3.852161 EUR
[2026-10-07 12:23:59]   Hole Kurs fuer GUHY.DE ...
[2026-10-07 12:23:59]     -> 2 Ausschuettung(en) in 12 Monaten (halbjaehrlich), Summe 2.693664 EUR
[2026-10-07 12:24:00]   Hole Kurs fuer AGS.BR ...
[2026-10-07 12:24:00]     -> 2 Ausschuettung(en) in 12 Monaten (halbjaehrlich), Summe 3.75 EUR
[2026-10-07 12:24:00]   Hole Kurs fuer DTG.DE ...
[2026-10-07 12:24:00]     -> 1 Ausschuettung(en) in 12 Monaten (jaehrlich), Summe 1.9 EUR
[2026-10-07 12:24:00]     -> Hinweis: hinterlegte Verschuldung 0.8 weicht vom berechneten Wert 1.27 ab - Automatik hat Vorrang.
[2026-10-07 12:24:00]     -> Hinweis: geschaetzte Quote 100% weicht -43 Prozentpunkte vom echten Wert 56.87% ab - Automatik hat Vorrang.
[2026-10-07 12:24:00]   Hole Kurs fuer BIP ...
[2026-10-07 12:24:01]     -> Hinweis: hinterlegte Dividende 1.84 weicht -26% von den tatsaechlich gezahlten 1.365 ab - Automatik hat Vorrang.
[2026-10-07 12:24:01]     -> 3 Ausschuettung(en) in 12 Monaten (quartalsweise), Summe 1.365 USD [unvollstaendig]
[2026-10-07 12:24:01]     -> Hinweis: hinterlegte Verschuldung 1.2 weicht vom berechneten Wert 2.05 ab - Automatik hat Vorrang.
[2026-10-07 12:24:01]     -> Hinweis: geschaetzte Quote 190% weicht +102 Prozentpunkte vom echten Wert 291.87% ab - Automatik hat Vorrang.
[2026-10-07 12:24:01]   Hole Kurs fuer DWNI.DE ...
[2026-10-07 12:24:01]     -> 1 Ausschuettung(en) in 12 Monaten (jaehrlich), Summe 0.04 EUR
[2026-10-07 12:24:01]     -> Hinweis: hinterlegte Verschuldung 1.3 weicht vom berechneten Wert 0.51 ab - Automatik hat Vorrang.
[2026-10-07 12:24:01]     -> Hinweis: geschaetzte Quote 46.17% weicht -45 Prozentpunkte vom echten Wert 1.06% ab - Automatik hat Vorrang.
[2026-10-07 12:24:01]   Hole Kurs fuer KMI ...
[2026-10-07 12:24:02]     -> 4 Ausschuettung(en) in 12 Monaten (quartalsweise), Summe 1.182 USD
[2026-10-07 12:24:02]   Hole Kurs fuer KO ...
[2026-10-07 12:24:02]     -> 4 Ausschuettung(en) in 12 Monaten (quartalsweise), Summe 2.1 USD
[2026-10-07 12:24:02]   Hole Kurs fuer BIJ.DE ...
[2026-10-07 12:24:02]     -> 1 Ausschuettung(en) in 12 Monaten (jaehrlich), Summe 6.0 EUR
[2026-10-07 12:24:02]     -> keine Analystenabdeckung fuer BIJ.DE (Prognoseseite existiert nicht)
[2026-10-07 12:24:03]   Hole Kurs fuer BP.L ...
[2026-10-07 12:24:03]     -> Hinweis: hinterlegte Dividende 0.32 weicht +7730% von den tatsaechlich gezahlten 25.055699 ab - Automatik hat Vorrang.
[2026-10-07 12:24:03]     -> 4 Ausschuettung(en) in 12 Monaten (quartalsweise), Summe 25.055699 GBp
[2026-10-07 12:24:03]   Hole Kurs fuer DEQ.DE ...
[2026-10-07 12:24:04]     -> 1 Ausschuettung(en) in 12 Monaten (jaehrlich), Summe 1.0 EUR
[2026-10-07 12:24:04]     -> Hinweis: hinterlegte Verschuldung 1.3 weicht vom berechneten Wert 0.97 ab - Automatik hat Vorrang.
[2026-10-07 12:24:04]     -> Hinweis: geschaetzte Quote 69.25% weicht +58 Prozentpunkte vom echten Wert 127.72% ab - Automatik hat Vorrang.
[2026-10-07 12:24:04]   Hole Kurs fuer HABA.DE ...
[2026-10-07 12:24:04]     -> 1 Ausschuettung(en) in 12 Monaten (jaehrlich), Summe 0.39 EUR
[2026-10-07 12:24:04]     -> Hinweis: hinterlegte Verschuldung 1.3 weicht vom berechneten Wert 1.86 ab - Automatik hat Vorrang.
[2026-10-07 12:24:04]     -> Hinweis: geschaetzte Quote 200% weicht -145 Prozentpunkte vom echten Wert 55.22% ab - Automatik hat Vorrang.
[2026-10-07 12:24:04]   Hole Kurs fuer JNJ ...
[2026-10-07 12:24:05]     -> 4 Ausschuettung(en) in 12 Monaten (quartalsweise), Summe 5.28 USD
[2026-10-07 12:24:05]   Hole Kurs fuer PG ...
[2026-10-07 12:24:05]     -> 4 Ausschuettung(en) in 12 Monaten (quartalsweise), Summe 4.292 USD
[2026-10-07 12:24:05]   Hole Kurs fuer CS.PA ...
[2026-10-07 12:24:05]     -> 1 Ausschuettung(en) in 12 Monaten (jaehrlich), Summe 2.32 EUR
[2026-10-07 12:24:05]   Hole Kurs fuer LEG.DE ...
[2026-10-07 12:24:06]     -> 1 Ausschuettung(en) in 12 Monaten (jaehrlich), Summe 2.92 EUR
[2026-10-07 12:24:06]   Hole Kurs fuer 8960.T ...
[2026-10-07 12:24:06]     -> 2 Ausschuettung(en) in 12 Monaten (halbjaehrlich), Summe 8734.0 JPY
[2026-10-07 12:24:06]     -> Hinweis: hinterlegte Verschuldung 1.3 weicht vom berechneten Wert 0.88 ab - Automatik hat Vorrang.
[2026-10-07 12:24:06]   Hole Kurs fuer IS3K.DE ...
[2026-10-07 12:24:07]     -> 4 Ausschuettung(en) in 12 Monaten (halbjaehrlich), Summe 6.238143 EUR
[2026-10-07 12:24:07]   Hole Kurs fuer KMB ...
[2026-10-07 12:24:07]     -> 4 Ausschuettung(en) in 12 Monaten (quartalsweise), Summe 5.1 USD
[2026-10-07 12:24:07]   Hole Kurs fuer IS0Q.DE ...
[2026-10-07 12:24:07]     -> 4 Ausschuettung(en) in 12 Monaten (halbjaehrlich), Summe 5.458615 EUR
[2026-10-07 12:24:07]   Hole Kurs fuer EVSD.DE ...
[2026-10-07 12:24:08]     -> 12 Ausschuettung(en) in 12 Monaten (monatlich), Summe 1.377 EUR
[2026-10-07 12:24:08]   Hole Kurs fuer ME8U.SI ...
[2026-10-07 12:24:08]     -> Hinweis: hinterlegte Dividende 0.54 weicht -77% von den tatsaechlich gezahlten 0.1255 ab - Automatik hat Vorrang.
[2026-10-07 12:24:08]     -> 4 Ausschuettung(en) in 12 Monaten (quartalsweise), Summe 0.1255 SGD
[2026-10-07 12:24:08]   Hole Kurs fuer CVX ...
[2026-10-07 12:24:08]     -> 4 Ausschuettung(en) in 12 Monaten (quartalsweise), Summe 7.05 USD
[2026-10-07 12:24:09]   Hole Kurs fuer EN.PA ...
[2026-10-07 12:24:09]     -> 1 Ausschuettung(en) in 12 Monaten (jaehrlich), Summe 2.1 EUR
[2026-10-07 12:24:09]     -> Hinweis: geschaetzte Quote 45% weicht +20 Prozentpunkte vom echten Wert 64.7% ab - Automatik hat Vorrang.
[2026-10-07 12:24:09]   Hole Kurs fuer MUV2.DE ...
[2026-10-07 12:24:09]     -> 1 Ausschuettung(en) in 12 Monaten (jaehrlich), Summe 24.0 EUR
[2026-10-07 12:24:10]   Hole Kurs fuer ADM ...
[2026-10-07 12:24:10]     -> 4 Ausschuettung(en) in 12 Monaten (quartalsweise), Summe 2.07 USD
[2026-10-07 12:24:10]   Hole Kurs fuer IMB.L ...
[2026-10-07 12:24:10]     -> Hinweis: hinterlegte Dividende 1.6 weicht +10120% von den tatsaechlich gezahlten 163.519996 ab - Automatik hat Vorrang.
[2026-10-07 12:24:10]     -> 4 Ausschuettung(en) in 12 Monaten (quartalsweise), Summe 163.519996 GBp
[2026-10-07 12:24:10]   Hole Kurs fuer EPD ...
[2026-10-07 12:24:11]     -> 4 Ausschuettung(en) in 12 Monaten (quartalsweise), Summe 2.205 USD
[2026-10-07 12:24:11]   Hole Kurs fuer QDVQ.DE ...
[2026-10-07 12:24:11]     -> 4 Ausschuettung(en) in 12 Monaten (halbjaehrlich), Summe 0.332901 EUR
[2026-10-07 12:24:11]   Hole Kurs fuer PFLT ...
[2026-10-07 12:24:11]     -> Hinweis: hinterlegte Dividende 0.96 weicht +20% von den tatsaechlich gezahlten 1.156 ab - Automatik hat Vorrang.
[2026-10-07 12:24:11]     -> 12 Ausschuettung(en) in 12 Monaten (monatlich), Summe 1.156 USD
[2026-10-07 12:24:12]   Hole Kurs fuer SWED-A.ST ...
[2026-10-07 12:24:12]     -> 1 Ausschuettung(en) in 12 Monaten (jaehrlich), Summe 29.8 SEK
[2026-10-07 12:24:12]     -> Hinweis: geschaetzte Quote 55% weicht +52 Prozentpunkte vom echten Wert 107.26% ab - Automatik hat Vorrang.
[2026-10-07 12:24:12]   Hole Kurs fuer NUE ...
[2026-10-07 12:24:12]     -> 4 Ausschuettung(en) in 12 Monaten (quartalsweise), Summe 2.24 USD
[2026-10-07 12:24:13]   Hole Kurs fuer CCI ...
[2026-10-07 12:24:13]     -> 4 Ausschuettung(en) in 12 Monaten (quartalsweise), Summe 4.252 USD
[2026-10-07 12:24:13]   Hole Kurs fuer EPR ...
[2026-10-07 12:24:13]     -> 12 Ausschuettung(en) in 12 Monaten (monatlich), Summe 3.645 USD
[2026-10-07 12:24:13]   Hole Kurs fuer MFC ...
[2026-10-07 12:24:14]     -> 3 Ausschuettung(en) in 12 Monaten (quartalsweise), Summe 1.058 USD [unvollstaendig]
[2026-10-07 12:24:14]     -> keine Analystenabdeckung fuer MFC (Prognoseseite existiert nicht)
[2026-10-07 12:24:14]   Hole Kurs fuer CAT ...
[2026-10-07 12:24:15]     -> 4 Ausschuettung(en) in 12 Monaten (quartalsweise), Summe 6.16 USD
[2026-10-07 12:24:15]   Hole Kurs fuer PEP ...
[2026-10-07 12:24:15]     -> 4 Ausschuettung(en) in 12 Monaten (quartalsweise), Summe 5.806 USD
[2026-10-07 12:24:15]   Hole Kurs fuer RO.SW ...
[2026-10-07 12:24:15]     -> 1 Ausschuettung(en) in 12 Monaten (jaehrlich), Summe 10.799 CHF
[2026-10-07 12:24:16]     -> stockanalysis: HTTP 404 fuer RO.SW (https://stockanalysis.com/quote/swx/RO/statistics/)
[2026-10-07 12:24:16]     -> keine Analystenabdeckung fuer RO.SW (Prognoseseite existiert nicht)
[2026-10-07 12:24:17]   Hole Kurs fuer MO ...
[2026-10-07 12:24:17]     -> 4 Ausschuettung(en) in 12 Monaten (quartalsweise), Summe 4.29 USD
[2026-10-07 12:24:17]     -> Hinweis: geschaetzte Quote 78% weicht +16 Prozentpunkte vom echten Wert 93.55% ab - Automatik hat Vorrang.
[2026-10-07 12:24:17]   Hole Kurs fuer ESS ...
[2026-10-07 12:24:17]     -> 4 Ausschuettung(en) in 12 Monaten (quartalsweise), Summe 10.34 USD
[2026-10-07 12:24:18]   Hole Kurs fuer 7177.T ...
[2026-10-07 12:24:18]     -> 4 Ausschuettung(en) in 12 Monaten (quartalsweise), Summe 51.07 JPY
[2026-10-07 12:24:18]     -> keine Analystenabdeckung fuer 7177.T (Prognoseseite existiert nicht)
[2026-10-07 12:24:19]   Hole Kurs fuer LEI.DE ...
[2026-10-07 12:24:19]     -> 1 Ausschuettung(en) in 12 Monaten (jaehrlich), Summe 1.2 EUR
[2026-10-07 12:24:19]   Hole Kurs fuer UVV ...
[2026-10-07 12:24:19]     -> 4 Ausschuettung(en) in 12 Monaten (quartalsweise), Summe 3.29 USD
[2026-10-07 12:24:19]     -> keine Analystenabdeckung fuer UVV (Prognoseseite existiert nicht)
[2026-10-07 12:24:20]     -> Hinweis: geschaetzte Quote 96% weicht +340 Prozentpunkte vom echten Wert 435.91% ab - Automatik hat Vorrang.
[2026-10-07 12:24:20]   Hole Kurs fuer UIMB.DE ...
[2026-10-07 12:24:21]     -> 2 Ausschuettung(en) in 12 Monaten (halbjaehrlich), Summe 0.577284 EUR
[2026-10-07 12:24:21]   Hole Kurs fuer LYB ...
[2026-10-07 12:24:21]     -> 4 Ausschuettung(en) in 12 Monaten (quartalsweise), Summe 3.44 USD
[2026-10-07 12:24:21]     -> Hinweis: hinterlegte Verschuldung 0.8 weicht vom berechneten Wert 1.33 ab - Automatik hat Vorrang.
[2026-10-07 12:24:21]   Hole Kurs fuer 8395.T ...
[2026-10-07 12:24:22]     -> 2 Ausschuettung(en) in 12 Monaten (halbjaehrlich), Summe 115.0 JPY
[2026-10-07 12:24:22]     -> stockanalysis: weder Quote noch Verschuldung fuer 8395.T gefunden (Seite erreichbar, Layout evtl. geaendert)
[2026-10-07 12:24:22]     -> keine Analystenabdeckung fuer 8395.T (Prognoseseite existiert nicht)
[2026-10-07 12:24:23]   Hole Kurs fuer QYLE.DE ...
[2026-10-07 12:24:23]     -> 11 Ausschuettung(en) in 12 Monaten (monatlich), Summe 1.562642 EUR [unvollstaendig]
[2026-10-07 12:24:23]   Hole Kurs fuer 0010.HK ...
[2026-10-07 12:24:23]     -> 2 Ausschuettung(en) in 12 Monaten (halbjaehrlich), Summe 0.86 HKD
[2026-10-07 12:24:24]     -> keine Analystenabdeckung fuer 0010.HK (Prognoseseite existiert nicht)
[2026-10-07 12:24:24]     -> Hinweis: hinterlegte Verschuldung 1.3 weicht vom berechneten Wert 0.35 ab - Automatik hat Vorrang.
[2026-10-07 12:24:24]     -> Hinweis: geschaetzte Quote 65% weicht +18 Prozentpunkte vom echten Wert 82.52% ab - Automatik hat Vorrang.
[2026-10-07 12:24:24]   Hole Kurs fuer AFL ...
[2026-10-07 12:24:24]     -> 4 Ausschuettung(en) in 12 Monaten (quartalsweise), Summe 2.41 USD
[2026-10-07 12:24:25]   Hole Kurs fuer MB.MI ...
[2026-10-07 12:24:25]     -> 2 Ausschuettung(en) in 12 Monaten (halbjaehrlich), Summe 1.22 EUR
[2026-10-07 12:24:25]   Hole Kurs fuer AGNC ...
[2026-10-07 12:24:25]     -> 12 Ausschuettung(en) in 12 Monaten (monatlich), Summe 1.44 USD
[2026-10-07 12:24:25]   Hole Kurs fuer LGEN.L ...
[2026-10-07 12:24:25]     -> 2 Ausschuettung(en) in 12 Monaten (halbjaehrlich), Summe 21.91 GBp
[2026-10-07 12:24:25]     -> Hinweis: geschaetzte Quote 150% weicht -91 Prozentpunkte vom echten Wert 59.24% ab - Automatik hat Vorrang.
[2026-10-07 12:24:26]   Hole Kurs fuer DOC ...
[2026-10-07 12:24:26]     -> Hinweis: hinterlegte Dividende 0.92 weicht +33% von den tatsaechlich gezahlten 1.224 ab - Automatik hat Vorrang.
[2026-10-07 12:24:26]     -> 12 Ausschuettung(en) in 12 Monaten (quartalsweise), Summe 1.224 USD
[2026-10-07 12:24:26]   Hole Kurs fuer BAS.DE ...
[2026-10-07 12:24:26]     -> Hinweis: hinterlegte Dividende 3.4 weicht -34% von den tatsaechlich gezahlten 2.25 ab - Automatik hat Vorrang.
[2026-10-07 12:24:26]     -> 1 Ausschuettung(en) in 12 Monaten (jaehrlich), Summe 2.25 EUR
[2026-10-07 12:24:26]   Hole Kurs fuer BCE ...
[2026-10-07 12:24:27]     -> 4 Ausschuettung(en) in 12 Monaten (quartalsweise), Summe 1.262 USD
[2026-10-07 12:24:27]     -> Hinweis: hinterlegte Verschuldung 0.8 weicht vom berechneten Wert 1.73 ab - Automatik hat Vorrang.
[2026-10-07 12:24:27]   Hole Kurs fuer M44U.SI ...
[2026-10-07 12:24:27]     -> Hinweis: hinterlegte Dividende 0.32 weicht -77% von den tatsaechlich gezahlten 0.07266 ab - Automatik hat Vorrang.
[2026-10-07 12:24:27]     -> 4 Ausschuettung(en) in 12 Monaten (quartalsweise), Summe 0.07266 SGD
[2026-10-07 12:24:27]   Hole Kurs fuer PM ...
[2026-10-07 12:24:28]     -> 4 Ausschuettung(en) in 12 Monaten (quartalsweise), Summe 6.01 USD
[2026-10-07 12:24:28]   Hole Kurs fuer OKE ...
[2026-10-07 12:24:28]     -> 4 Ausschuettung(en) in 12 Monaten (quartalsweise), Summe 4.24 USD
[2026-10-07 12:24:28]   Hole Kurs fuer SRG.MI ...
[2026-10-07 12:24:29]     -> 2 Ausschuettung(en) in 12 Monaten (halbjaehrlich), Summe 0.3021 EUR
[2026-10-07 12:24:29]     -> Hinweis: hinterlegte Verschuldung 1.2 weicht vom berechneten Wert 2.34 ab - Automatik hat Vorrang.
[2026-10-07 12:24:29]   Hole Kurs fuer XAT1.DE ...
[2026-10-07 12:24:29]     -> 4 Ausschuettung(en) in 12 Monaten (quartalsweise), Summe 0.9842 EUR
[2026-10-07 12:24:29]   Hole Kurs fuer PPG ...
[2026-10-07 12:24:29]     -> 4 Ausschuettung(en) in 12 Monaten (quartalsweise), Summe 2.87 USD
[2026-10-07 12:24:29]   Hole Kurs fuer SAX.DE ...
[2026-10-07 12:24:30]     -> 1 Ausschuettung(en) in 12 Monaten (jaehrlich), Summe 1.85 EUR
[2026-10-07 12:24:30]     -> Hinweis: hinterlegte Verschuldung 0.8 weicht vom berechneten Wert 4.71 ab - Automatik hat Vorrang.
[2026-10-07 12:24:30]   Hole Kurs fuer MMM ...
[2026-10-07 12:24:30]     -> 4 Ausschuettung(en) in 12 Monaten (quartalsweise), Summe 3.07 USD
[2026-10-07 12:24:31]   Hole Kurs fuer 5401.T ...
[2026-10-07 12:24:31]     -> 2 Ausschuettung(en) in 12 Monaten (halbjaehrlich), Summe 24.0 JPY
[2026-10-07 12:24:31]   Hole Kurs fuer ITW ...
[2026-10-07 12:24:31]     -> 4 Ausschuettung(en) in 12 Monaten (quartalsweise), Summe 6.55 USD
[2026-10-07 12:24:32]   Hole Kurs fuer LIN ...
[2026-10-07 12:24:32]     -> 4 Ausschuettung(en) in 12 Monaten (quartalsweise), Summe 6.3 USD
[2026-10-07 12:24:32]   Hole Kurs fuer XUHY.DE ...
[2026-10-07 12:24:32]     -> 4 Ausschuettung(en) in 12 Monaten (quartalsweise), Summe 0.750012 EUR
[2026-10-07 12:24:32]   Hole Kurs fuer 11ZN.MU ...
[2026-10-07 12:24:33]     -> 12 Ausschuettung(en) in 12 Monaten (monatlich), Summe 1.517333 EUR
[2026-10-07 12:24:33]     -> keine stockanalysis-Adresse fuer ETF 11ZN.MU
[2026-10-07 12:24:33]   Hole Kurs fuer CB ...
[2026-10-07 12:24:33]     -> Hinweis: hinterlegte Dividende 3.8 weicht -21% von den tatsaechlich gezahlten 3.01 ab - Automatik hat Vorrang.
[2026-10-07 12:24:33]     -> 3 Ausschuettung(en) in 12 Monaten (quartalsweise), Summe 3.01 USD [unvollstaendig]
[2026-10-07 12:24:34]   Hole Kurs fuer EC ...
[2026-10-07 12:24:34]     -> 1 Ausschuettung(en) in 12 Monaten (halbjaehrlich), Summe 0.661 USD [unvollstaendig]
[2026-10-07 12:24:34]   Hole Kurs fuer ARCC ...
[2026-10-07 12:24:34]     -> 4 Ausschuettung(en) in 12 Monaten (quartalsweise), Summe 1.92 USD
[2026-10-07 12:24:34]   Hole Kurs fuer CPFE3.SA ...
[2026-10-07 12:24:35]     -> 1 Ausschuettung(en) in 12 Monaten (jaehrlich), Summe 3.731536 BRL
[2026-10-07 12:24:35]     -> Hinweis: hinterlegte Verschuldung 1.2 weicht vom berechneten Wert 1.55 ab - Automatik hat Vorrang.
[2026-10-07 12:24:35]     -> Hinweis: geschaetzte Quote 65% weicht -25 Prozentpunkte vom echten Wert 39.97% ab - Automatik hat Vorrang.
[2026-10-07 12:24:35]   Hole Kurs fuer SREN.SW ...
[2026-10-07 12:24:35]     -> 1 Ausschuettung(en) in 12 Monaten (jaehrlich), Summe 6.66448 CHF
[2026-10-07 12:24:35]   Hole Kurs fuer ED ...
[2026-10-07 12:24:35]     -> 4 Ausschuettung(en) in 12 Monaten (quartalsweise), Summe 3.514 USD
[2026-10-07 12:24:36]   Hole Kurs fuer T ...
[2026-10-07 12:24:36]     -> 4 Ausschuettung(en) in 12 Monaten (quartalsweise), Summe 1.112 USD
[2026-10-07 12:24:36]   Hole Kurs fuer EUNW.DE ...
[2026-10-07 12:24:36]     -> 3 Ausschuettung(en) in 12 Monaten (halbjaehrlich), Summe 4.7012 EUR
[2026-10-07 12:24:36]   Hole Kurs fuer JST.DE ...
[2026-10-07 12:24:37]     -> 1 Ausschuettung(en) in 12 Monaten (jaehrlich), Summe 1.5 EUR
[2026-10-07 12:24:37]     -> Hinweis: hinterlegte Verschuldung 0.8 weicht vom berechneten Wert 1.4 ab - Automatik hat Vorrang.
[2026-10-07 12:24:37]   Hole Kurs fuer UDHY.DE ...
[2026-10-07 12:24:37]     -> 2 Ausschuettung(en) in 12 Monaten (halbjaehrlich), Summe 0.142216 EUR
[2026-10-07 12:24:37]   Hole Kurs fuer XY7D.DE ...
[2026-10-07 12:24:37]     -> 13 Ausschuettung(en) in 12 Monaten (monatlich), Summe 1.528404 EUR
[2026-10-07 12:24:37]   Hole Kurs fuer BATS.L ...
[2026-10-07 12:24:38]     -> Hinweis: hinterlegte Dividende 2.36 weicht +10232% von den tatsaechlich gezahlten 243.840006 ab - Automatik hat Vorrang.
[2026-10-07 12:24:38]     -> 4 Ausschuettung(en) in 12 Monaten (quartalsweise), Summe 243.840006 GBp
[2026-10-07 12:24:38]   Hole Kurs fuer ENEL.MI ...
[2026-10-07 12:24:38]     -> 2 Ausschuettung(en) in 12 Monaten (halbjaehrlich), Summe 0.49 EUR
[2026-10-07 12:24:38]   Hole Kurs fuer EDL.DE ...
[2026-10-07 12:24:38]     -> 1 Ausschuettung(en) in 12 Monaten (jaehrlich), Summe 0.3 EUR
[2026-10-07 12:24:39]     -> keine Analystenabdeckung fuer EDL.DE (Prognoseseite existiert nicht)
[2026-10-07 12:24:39]     -> Hinweis: hinterlegte Verschuldung 0.8 weicht vom berechneten Wert 1.42 ab - Automatik hat Vorrang.
[2026-10-07 12:24:39]   Hole Kurs fuer PWO.DE ...
[2026-10-07 12:24:39]     -> 1 Ausschuettung(en) in 12 Monaten (jaehrlich), Summe 1.65 EUR
[2026-10-07 12:24:40]     -> Quote 190.96% / Verschuldung 0.65 via stockanalysis
[2026-10-07 12:24:40]     -> keine Analystenabdeckung fuer PWO.DE (Prognoseseite existiert nicht)
[2026-10-07 12:24:41]   Hole Kurs fuer ISPA.DE ...
[2026-10-07 12:24:41]     -> 4 Ausschuettung(en) in 12 Monaten (quartalsweise), Summe 1.524521 EUR
[2026-10-07 12:24:41]   Hole Kurs fuer PAH3.DE ...
[2026-10-07 12:24:41]     -> 1 Ausschuettung(en) in 12 Monaten (jaehrlich), Summe 1.51 EUR
[2026-10-07 12:24:41]     -> Hinweis: hinterlegte Verschuldung 0.8 weicht vom berechneten Wert 0.19 ab - Automatik hat Vorrang.
[2026-10-07 12:24:41]     -> Hinweis: geschaetzte Quote 22.65% weicht +464 Prozentpunkte vom echten Wert 486.32% ab - Automatik hat Vorrang.
[2026-10-07 12:24:42]   Hole Kurs fuer 9364.T ...
[2026-10-07 12:24:42]     -> 2 Ausschuettung(en) in 12 Monaten (halbjaehrlich), Summe 215.0 JPY
[2026-10-07 12:24:42]     -> Hinweis: hinterlegte Verschuldung 0.8 weicht vom berechneten Wert 0.15 ab - Automatik hat Vorrang.
[2026-10-07 12:24:42]   Hole Kurs fuer DGE.L ...
[2026-10-07 12:24:42]     -> Hinweis: hinterlegte Dividende 0.825 weicht +7544% von den tatsaechlich gezahlten 63.0652 ab - Automatik hat Vorrang.
[2026-10-07 12:24:42]     -> 2 Ausschuettung(en) in 12 Monaten (halbjaehrlich), Summe 63.0652 GBp
[2026-10-07 12:24:42]   Hole Kurs fuer STG.CO ...
[2026-10-07 12:24:42]     -> 1 Ausschuettung(en) in 12 Monaten (jaehrlich), Summe 4.5 DKK
[2026-10-07 12:24:43]   Hole Kurs fuer HNR1.DE ...
[2026-10-07 12:24:43]     -> 1 Ausschuettung(en) in 12 Monaten (jaehrlich), Summe 12.5 EUR
[2026-10-07 12:24:43]   Hole Kurs fuer SYY ...
[2026-10-07 12:24:43]     -> 4 Ausschuettung(en) in 12 Monaten (quartalsweise), Summe 2.18 USD
[2026-10-07 12:24:43]   Hole Kurs fuer 8616.T ...
[2026-10-07 12:24:44]     -> 2 Ausschuettung(en) in 12 Monaten (halbjaehrlich), Summe 53.0 JPY
[2026-10-07 12:24:44]     -> keine Analystenabdeckung fuer 8616.T (Prognoseseite existiert nicht)
[2026-10-07 12:24:44]   Hole Kurs fuer NDA-FI.HE ...
[2026-10-07 12:24:45]     -> 2 Ausschuettung(en) in 12 Monaten (jaehrlich), Summe 1.3 EUR
[2026-10-07 12:24:45]   Hole Kurs fuer BMW.DE ...
[2026-10-07 12:24:45]     -> 1 Ausschuettung(en) in 12 Monaten (jaehrlich), Summe 4.4 EUR
[2026-10-07 12:24:45]     -> Hinweis: hinterlegte Verschuldung 0.8 weicht vom berechneten Wert 1.2 ab - Automatik hat Vorrang.
[2026-10-07 12:24:45]   Hole Kurs fuer PBA ...
[2026-10-07 12:24:46]     -> 3 Ausschuettung(en) in 12 Monaten (quartalsweise), Summe 1.572 USD [unvollstaendig]
[2026-10-07 12:24:46]     -> keine Analystenabdeckung fuer PBA (Prognoseseite existiert nicht)
[2026-10-07 12:24:46]     -> Hinweis: hinterlegte Verschuldung 1.2 weicht vom berechneten Wert 0.81 ab - Automatik hat Vorrang.
[2026-10-07 12:24:46]   Hole Kurs fuer 8963.T ...
[2026-10-07 12:24:47]     -> 2 Ausschuettung(en) in 12 Monaten (halbjaehrlich), Summe 4116.0 JPY
[2026-10-07 12:24:47]     -> Hinweis: hinterlegte Verschuldung 1.3 weicht vom berechneten Wert 0.99 ab - Automatik hat Vorrang.
[2026-10-07 12:24:47]   Hole Kurs fuer STAG ...
[2026-10-07 12:24:47]     -> 6 Ausschuettung(en) in 12 Monaten (monatlich), Summe 1.536 USD [unvollstaendig]
[2026-10-07 12:24:47]   Hole Kurs fuer VOD.L ...
[2026-10-07 12:24:47]     -> Hinweis: hinterlegte Dividende 0.09 weicht +4289% von den tatsaechlich gezahlten 3.950135 ab - Automatik hat Vorrang.
[2026-10-07 12:24:47]     -> 2 Ausschuettung(en) in 12 Monaten (halbjaehrlich), Summe 3.950135 GBp
[2026-10-07 12:24:48]   Hole Kurs fuer HSBA.L ...
[2026-10-07 12:24:48]     -> 4 Ausschuettung(en) in 12 Monaten (quartalsweise), Summe 55.6718 GBp
[2026-10-07 12:24:48]   Hole Kurs fuer MNG.L ...
[2026-10-07 12:24:48]     -> 2 Ausschuettung(en) in 12 Monaten (halbjaehrlich), Summe 20.599999 GBp
[2026-10-07 12:24:48]   Hole Kurs fuer 0857.HK ...
[2026-10-07 12:24:49]     -> Hinweis: hinterlegte Dividende 0.35 weicht +68% von den tatsaechlich gezahlten 0.58777 ab - Automatik hat Vorrang.
[2026-10-07 12:24:49]     -> 2 Ausschuettung(en) in 12 Monaten (halbjaehrlich), Summe 0.58777 HKD
[2026-10-07 12:24:49]   Hole Kurs fuer YYYY.DE ...
[2026-10-07 12:24:49]     -> 12 Ausschuettung(en) in 12 Monaten (monatlich), Summe 9.529651 EUR
[2026-10-07 12:24:49]   Hole Kurs fuer SPGI ...
[2026-10-07 12:24:49]     -> 4 Ausschuettung(en) in 12 Monaten (quartalsweise), Summe 3.713615 USD
[2026-10-07 12:24:50]   Hole Kurs fuer BBSE3.SA ...
[2026-10-07 12:24:50]     -> 2 Ausschuettung(en) in 12 Monaten (halbjaehrlich), Summe 4.590092 BRL
[2026-10-07 12:24:50]     -> Hinweis: geschaetzte Quote 70% weicht +26 Prozentpunkte vom echten Wert 96.09% ab - Automatik hat Vorrang.
[2026-10-07 12:24:50]   Hole Kurs fuer AV.L ...
[2026-10-07 12:24:50]     -> 2 Ausschuettung(en) in 12 Monaten (halbjaehrlich), Summe 40.199999 GBp
[2026-10-07 12:24:50]     -> Hinweis: geschaetzte Quote 60% weicht +141 Prozentpunkte vom echten Wert 201.11% ab - Automatik hat Vorrang.
[2026-10-07 12:24:51]   Hole Kurs fuer ZURN.SW ...
[2026-10-07 12:24:51]     -> 1 Ausschuettung(en) in 12 Monaten (jaehrlich), Summe 30.0 CHF
[2026-10-07 12:24:51]   Hole Kurs fuer ADP ...
[2026-10-07 12:24:51]     -> 4 Ausschuettung(en) in 12 Monaten (quartalsweise), Summe 6.8 USD
[2026-10-07 12:24:51]   Hole Kurs fuer NESN.SW ...
[2026-10-07 12:24:52]     -> 1 Ausschuettung(en) in 12 Monaten (jaehrlich), Summe 3.1 CHF
[2026-10-07 12:24:52]   Hole Kurs fuer CHD ...
[2026-10-07 12:24:52]     -> 4 Ausschuettung(en) in 12 Monaten (quartalsweise), Summe 1.219 USD
[2026-10-07 12:24:52]   Hole Kurs fuer TRP ...
[2026-10-07 12:24:52]     -> 3 Ausschuettung(en) in 12 Monaten (quartalsweise), Summe 1.867 USD [unvollstaendig]
[2026-10-07 12:24:52]     -> Hinweis: hinterlegte Verschuldung 1.2 weicht vom berechneten Wert 1.7 ab - Automatik hat Vorrang.
[2026-10-07 12:24:53]   Hole Kurs fuer EVK.DE ...
[2026-10-07 12:24:53]     -> 1 Ausschuettung(en) in 12 Monaten (jaehrlich), Summe 1.0 EUR
[2026-10-07 12:24:53]     -> Hinweis: geschaetzte Quote 180% weicht +205 Prozentpunkte vom echten Wert 385.12% ab - Automatik hat Vorrang.
[2026-10-07 12:24:53]   Hole Kurs fuer WINC.DE ...
[2026-10-07 12:24:53]     -> 5 Ausschuettung(en) in 12 Monaten (quartalsweise), Summe 0.568645 EUR
[2026-10-07 12:24:53]   Hole Kurs fuer ABBV ...
[2026-10-07 12:24:54]     -> 4 Ausschuettung(en) in 12 Monaten (quartalsweise), Summe 6.83 USD
[2026-10-07 12:24:54]   Hole Kurs fuer ET ...
[2026-10-07 12:24:54]     -> 4 Ausschuettung(en) in 12 Monaten (quartalsweise), Summe 1.345 USD
[2026-10-07 12:24:54]     -> Hinweis: geschaetzte Quote 60% weicht +32 Prozentpunkte vom echten Wert 92.11% ab - Automatik hat Vorrang.
[2026-10-07 12:24:54]   Hole Kurs fuer DUK ...
[2026-10-07 12:24:54]     -> 4 Ausschuettung(en) in 12 Monaten (quartalsweise), Summe 4.28 USD
[2026-10-07 12:24:55]   Hole Kurs fuer TRYG.CO ...
[2026-10-07 12:24:55]     -> 4 Ausschuettung(en) in 12 Monaten (quartalsweise), Summe 8.4 DKK
[2026-10-07 12:24:55]   Hole Kurs fuer DOW ...
[2026-10-07 12:24:55]     -> 4 Ausschuettung(en) in 12 Monaten (quartalsweise), Summe 1.4 USD
[2026-10-07 12:24:55]     -> Hinweis: hinterlegte Verschuldung 0.8 weicht vom berechneten Wert 1.12 ab - Automatik hat Vorrang.
[2026-10-07 12:24:56]   Hole Kurs fuer NTGY.MC ...
[2026-10-07 12:24:56]     -> Hinweis: hinterlegte Dividende 1.4 weicht +26% von den tatsaechlich gezahlten 1.77 ab - Automatik hat Vorrang.
[2026-10-07 12:24:56]     -> 3 Ausschuettung(en) in 12 Monaten (halbjaehrlich), Summe 1.77 EUR
[2026-10-07 12:24:56]   Hole Kurs fuer WCP.TO ...
[2026-10-07 12:24:56]     -> 12 Ausschuettung(en) in 12 Monaten (monatlich), Summe 0.732 CAD
[2026-10-07 12:24:56]     -> Hinweis: hinterlegte Verschuldung 1.2 weicht vom berechneten Wert 0.24 ab - Automatik hat Vorrang.
[2026-10-07 12:24:56]   Hole Kurs fuer 8150.T ...
[2026-10-07 12:24:57]     -> 2 Ausschuettung(en) in 12 Monaten (halbjaehrlich), Summe 190.0 JPY
[2026-10-07 12:24:57]     -> keine Analystenabdeckung fuer 8150.T (Prognoseseite existiert nicht)
[2026-10-07 12:24:57]     -> Hinweis: hinterlegte Verschuldung 0.8 weicht vom berechneten Wert 0.32 ab - Automatik hat Vorrang.
[2026-10-07 12:24:57]   Hole Kurs fuer PFE ...
[2026-10-07 12:24:58]     -> 4 Ausschuettung(en) in 12 Monaten (quartalsweise), Summe 1.72 USD
[2026-10-07 12:24:58]     -> Hinweis: geschaetzte Quote 131% weicht +95 Prozentpunkte vom echten Wert 226.35% ab - Automatik hat Vorrang.
[2026-10-07 12:24:58]   Hole Kurs fuer UEFS.DE ...
[2026-10-07 12:24:58]     -> 2 Ausschuettung(en) in 12 Monaten (halbjaehrlich), Summe 0.536458 EUR
[2026-10-07 12:24:58]   Hole Kurs fuer TFC ...
[2026-10-07 12:24:58]     -> 4 Ausschuettung(en) in 12 Monaten (quartalsweise), Summe 2.08 USD
[2026-10-07 12:24:59]   Hole Kurs fuer CINF ...
[2026-10-07 12:24:59]     -> 4 Ausschuettung(en) in 12 Monaten (quartalsweise), Summe 3.69 USD
[2026-10-07 12:24:59]   Hole Kurs fuer ENB ...
[2026-10-07 12:24:59]     -> Hinweis: hinterlegte Dividende 3.55 weicht -40% von den tatsaechlich gezahlten 2.115 ab - Automatik hat Vorrang.
[2026-10-07 12:24:59]     -> 3 Ausschuettung(en) in 12 Monaten (quartalsweise), Summe 2.115 USD [unvollstaendig]
[2026-10-07 12:25:00]   Hole Kurs fuer SAN.PA ...
[2026-10-07 12:25:00]     -> 1 Ausschuettung(en) in 12 Monaten (jaehrlich), Summe 4.12 EUR
[2026-10-07 12:25:00]   Hole Kurs fuer BDX ...
[2026-10-07 12:25:01]     -> 4 Ausschuettung(en) in 12 Monaten (quartalsweise), Summe 3.975472 USD
[2026-10-07 12:25:01]   Hole Kurs fuer CL ...
[2026-10-07 12:25:01]     -> 4 Ausschuettung(en) in 12 Monaten (quartalsweise), Summe 2.1 USD
[2026-10-07 12:25:01]   Hole Kurs fuer ISP.MI ...
[2026-10-07 12:25:01]     -> 2 Ausschuettung(en) in 12 Monaten (halbjaehrlich), Summe 0.376 EUR
[2026-10-07 12:25:01]   Hole Kurs fuer ECL ...
[2026-10-07 12:25:02]     -> Hinweis: hinterlegte Dividende 2.3 weicht +27% von den tatsaechlich gezahlten 2.92 ab - Automatik hat Vorrang.
[2026-10-07 12:25:02]     -> 4 Ausschuettung(en) in 12 Monaten (quartalsweise), Summe 2.92 USD
[2026-10-07 12:25:02]   Hole Kurs fuer ABT ...
[2026-10-07 12:25:02]     -> 4 Ausschuettung(en) in 12 Monaten (quartalsweise), Summe 2.48 USD
[2026-10-07 12:25:02]   Hole Kurs fuer EMR ...
[2026-10-07 12:25:02]     -> 4 Ausschuettung(en) in 12 Monaten (quartalsweise), Summe 2.22 USD
[2026-10-07 12:25:03]   Hole Kurs fuer HAW.DE ...
[2026-10-07 12:25:03]     -> 1 Ausschuettung(en) in 12 Monaten (jaehrlich), Summe 1.0 EUR
[2026-10-07 12:25:03]     -> keine Analystenabdeckung fuer HAW.DE (Prognoseseite existiert nicht)
[2026-10-07 12:25:03]     -> Hinweis: hinterlegte Verschuldung 0.8 weicht vom berechneten Wert 1.57 ab - Automatik hat Vorrang.
[2026-10-07 12:25:04]   Hole Kurs fuer LTC ...
[2026-10-07 12:25:04]     -> 12 Ausschuettung(en) in 12 Monaten (monatlich), Summe 2.28 USD
[2026-10-07 12:25:04]     -> Hinweis: hinterlegte Verschuldung 1.3 weicht vom berechneten Wert 0.58 ab - Automatik hat Vorrang.
[2026-10-07 12:25:04]   Hole Kurs fuer HOT.DE ...
[2026-10-07 12:25:04]     -> 1 Ausschuettung(en) in 12 Monaten (jaehrlich), Summe 6.6 EUR
[2026-10-07 12:25:04]     -> Hinweis: hinterlegte Verschuldung 0.8 weicht vom berechneten Wert 7.16 ab - Automatik hat Vorrang.
[2026-10-07 12:25:04]   Hole Kurs fuer LOW ...
[2026-10-07 12:25:05]     -> 4 Ausschuettung(en) in 12 Monaten (quartalsweise), Summe 4.85 USD
[2026-10-07 12:25:05]   Hole Kurs fuer TTE.PA ...
[2026-10-07 12:25:05]     -> 4 Ausschuettung(en) in 12 Monaten (quartalsweise), Summe 3.45 EUR
[2026-10-07 12:25:05]     -> Hinweis: hinterlegte Verschuldung 1.2 weicht vom berechneten Wert 0.48 ab - Automatik hat Vorrang.
[2026-10-07 12:25:05]     -> Hinweis: geschaetzte Quote 70.14% weicht -20 Prozentpunkte vom echten Wert 50.09% ab - Automatik hat Vorrang.
[2026-10-07 12:25:05]   Hole Kurs fuer MBG.DE ...
[2026-10-07 12:25:06]     -> 1 Ausschuettung(en) in 12 Monaten (jaehrlich), Summe 3.5 EUR
[2026-10-07 12:25:06]     -> Hinweis: hinterlegte Verschuldung 0.8 weicht vom berechneten Wert 1.1 ab - Automatik hat Vorrang.
[2026-10-07 12:25:06]   Hole Kurs fuer MKC ...
[2026-10-07 12:25:06]     -> 4 Ausschuettung(en) in 12 Monaten (quartalsweise), Summe 1.89 USD
[2026-10-07 12:25:06]   Hole Kurs fuer IBC2.DE ...
[2026-10-07 12:25:06]     -> 4 Ausschuettung(en) in 12 Monaten (halbjaehrlich), Summe 0.3018 EUR
[2026-10-07 12:25:07]   Hole Kurs fuer B7E.DE ...
[2026-10-07 12:25:07]     -> 1 Ausschuettung(en) in 12 Monaten (jaehrlich), Summe 1.6 EUR
[2026-10-07 12:25:07]     -> Hinweis: hinterlegte Verschuldung 0.8 weicht vom berechneten Wert 0.43 ab - Automatik hat Vorrang.
[2026-10-07 12:25:07]   Hole Kurs fuer ENGI.PA ...
[2026-10-07 12:25:07]     -> 1 Ausschuettung(en) in 12 Monaten (jaehrlich), Summe 1.35 EUR
[2026-10-07 12:25:07]   Hole Kurs fuer VNA.DE ...
[2026-10-07 12:25:08]     -> 1 Ausschuettung(en) in 12 Monaten (jaehrlich), Summe 1.25 EUR
[2026-10-07 12:25:08]     -> Hinweis: geschaetzte Quote 51.42% weicht -24 Prozentpunkte vom echten Wert 27.42% ab - Automatik hat Vorrang.
[2026-10-07 12:25:08]   Hole Kurs fuer MAIN ...
[2026-10-07 12:25:08]     -> 16 Ausschuettung(en) in 12 Monaten (monatlich), Summe 4.32 USD
[2026-10-07 12:25:08]   Hole Kurs fuer 8972.T ...
[2026-10-07 12:25:08]     -> 2 Ausschuettung(en) in 12 Monaten (halbjaehrlich), Summe 8271.0 JPY
[2026-10-07 12:25:08]     -> Hinweis: hinterlegte Verschuldung 1.3 weicht vom berechneten Wert 0.92 ab - Automatik hat Vorrang.
[2026-10-07 12:25:09]   Hole Kurs fuer CTAS ...
[2026-10-07 12:25:09]     -> Hinweis: hinterlegte Dividende 6.2 weicht -70% von den tatsaechlich gezahlten 1.87 ab - Automatik hat Vorrang.
[2026-10-07 12:25:09]     -> 4 Ausschuettung(en) in 12 Monaten (quartalsweise), Summe 1.87 USD
[2026-10-07 12:25:09]   Hole Kurs fuer JEQP.DE ...
[2026-10-07 12:25:09]     -> 12 Ausschuettung(en) in 12 Monaten (monatlich), Summe 2.523495 EUR
[2026-10-07 12:25:10]   Hole Kurs fuer PBR ...
[2026-10-07 12:25:10]     -> 3 Ausschuettung(en) in 12 Monaten (quartalsweise), Summe 0.797 USD [unvollstaendig]
[2026-10-07 12:25:10]     -> Hinweis: hinterlegte Verschuldung 1.2 weicht vom berechneten Wert 0.76 ab - Automatik hat Vorrang.
[2026-10-07 12:25:10]   Hole Kurs fuer TRN.MI ...
[2026-10-07 12:25:10]     -> 2 Ausschuettung(en) in 12 Monaten (halbjaehrlich), Summe 0.3962 EUR
[2026-10-07 12:25:10]     -> Hinweis: hinterlegte Verschuldung 1.2 weicht vom berechneten Wert 1.72 ab - Automatik hat Vorrang.
[2026-10-07 12:25:10]   Hole Kurs fuer VOW3.DE ...
[2026-10-07 12:25:10]     -> 1 Ausschuettung(en) in 12 Monaten (jaehrlich), Summe 5.26 EUR
[2026-10-07 12:25:10]     -> Hinweis: hinterlegte Verschuldung 0.8 weicht vom berechneten Wert 1.39 ab - Automatik hat Vorrang.
[2026-10-07 12:25:10]     -> Hinweis: geschaetzte Quote 31.37% weicht +26 Prozentpunkte vom echten Wert 57.0% ab - Automatik hat Vorrang.
[2026-10-07 12:25:11]   Hole Kurs fuer OHI ...
[2026-10-07 12:25:11]     -> 4 Ausschuettung(en) in 12 Monaten (quartalsweise), Summe 2.69 USD
[2026-10-07 12:25:11]     -> Hinweis: hinterlegte Verschuldung 1.3 weicht vom berechneten Wert 0.71 ab - Automatik hat Vorrang.
[2026-10-07 12:25:11]   Hole Kurs fuer KEY ...
[2026-10-07 12:25:11]     -> 4 Ausschuettung(en) in 12 Monaten (quartalsweise), Summe 0.82 USD
[2026-10-07 12:25:12]   Hole Kurs fuer TGT ...
[2026-10-07 12:25:12]     -> 4 Ausschuettung(en) in 12 Monaten (quartalsweise), Summe 4.58 USD
[2026-10-07 12:25:12]   Hole Kurs fuer JGPI.DE ...
[2026-10-07 12:25:12]     -> 13 Ausschuettung(en) in 12 Monaten (monatlich), Summe 1.983044 EUR
[2026-10-07 12:25:12]   Hole Kurs fuer SYBK.DE ...
[2026-10-07 12:25:12]     -> 2 Ausschuettung(en) in 12 Monaten (halbjaehrlich), Summe 2.46725 EUR
[2026-10-07 12:25:13]   Hole Kurs fuer FAHY.DE ...
[2026-10-07 12:25:13]     -> 4 Ausschuettung(en) in 12 Monaten (quartalsweise), Summe 1.208557 EUR
[2026-10-07 12:25:13]   Hole Kurs fuer CLX ...
[2026-10-07 12:25:13]     -> 4 Ausschuettung(en) in 12 Monaten (quartalsweise), Summe 4.97 USD
[2026-10-07 12:25:13]   Hole Kurs fuer ALV.DE ...
[2026-10-07 12:25:14]     -> 1 Ausschuettung(en) in 12 Monaten (jaehrlich), Summe 17.1 EUR
[2026-10-07 12:25:14]   Hole Kurs fuer MDT ...
[2026-10-07 12:25:14]     -> 4 Ausschuettung(en) in 12 Monaten (quartalsweise), Summe 2.86 USD
[2026-10-07 12:25:14]   Hole Kurs fuer DTE.DE ...
[2026-10-07 12:25:14]     -> 1 Ausschuettung(en) in 12 Monaten (jaehrlich), Summe 1.0 EUR
[2026-10-07 12:25:15]   Hole Kurs fuer DOV ...
[2026-10-07 12:25:15]     -> 4 Ausschuettung(en) in 12 Monaten (quartalsweise), Summe 2.085 USD
[2026-10-07 12:25:15]   Hole Kurs fuer ROP ...
[2026-10-07 12:25:15]     -> Hinweis: hinterlegte Dividende 2.98 weicht +22% von den tatsaechlich gezahlten 3.64 ab - Automatik hat Vorrang.
[2026-10-07 12:25:15]     -> 4 Ausschuettung(en) in 12 Monaten (quartalsweise), Summe 3.64 USD
[2026-10-07 12:25:15]   Hole Kurs fuer TIGR.DE ...
[2026-10-07 12:25:15]     -> 2 Ausschuettung(en) in 12 Monaten (halbjaehrlich), Summe 0.39894 EUR
[2026-10-07 12:25:16]   Hole Kurs fuer 7240.T ...
[2026-10-07 12:25:16]     -> 2 Ausschuettung(en) in 12 Monaten (halbjaehrlich), Summe 135.0 JPY
[2026-10-07 12:25:16]   Hole Kurs fuer GPC ...
[2026-10-07 12:25:16]     -> 4 Ausschuettung(en) in 12 Monaten (quartalsweise), Summe 4.219 USD
[2026-10-07 12:25:17]   Hole Kurs fuer SIX2.DE ...
[2026-10-07 12:25:17]     -> 1 Ausschuettung(en) in 12 Monaten (jaehrlich), Summe 3.2 EUR
[2026-10-07 12:25:17]     -> Hinweis: hinterlegte Verschuldung 0.8 weicht vom berechneten Wert 2.12 ab - Automatik hat Vorrang.
[2026-10-07 12:25:17]   Hole Kurs fuer UDIV.DE ...
[2026-10-07 12:25:17]     -> 12 Ausschuettung(en) in 12 Monaten (monatlich), Summe 0.828541 EUR
[2026-10-07 12:25:17]   Hole Kurs fuer XOM ...
[2026-10-07 12:25:18]     -> 4 Ausschuettung(en) in 12 Monaten (quartalsweise), Summe 4.12 USD
[2026-10-07 12:25:18]   Hole Kurs fuer SY7D.DE ...
[2026-10-07 12:25:18]     -> 12 Ausschuettung(en) in 12 Monaten (monatlich), Summe 1.655107 EUR
[2026-10-07 12:25:18]   Hole Kurs fuer DX ...
[2026-10-07 12:25:19]     -> 12 Ausschuettung(en) in 12 Monaten (monatlich), Summe 2.04 USD
[2026-10-07 12:25:19]   Hole Kurs fuer FRT ...
[2026-10-07 12:25:19]     -> 4 Ausschuettung(en) in 12 Monaten (quartalsweise), Summe 4.55 USD
[2026-10-07 12:25:19]   Hole Kurs fuer UCG.MI ...
[2026-10-07 12:25:19]     -> 2 Ausschuettung(en) in 12 Monaten (jaehrlich), Summe 3.149 EUR
[2026-10-07 12:25:20]   Hole Kurs fuer IBE.MC ...
[2026-10-07 12:25:20]     -> 3 Ausschuettung(en) in 12 Monaten (quartalsweise), Summe 0.685 EUR [unvollstaendig]
[2026-10-07 12:25:20]   Hole Kurs fuer TW.L ...
[2026-10-07 12:25:20]     -> 2 Ausschuettung(en) in 12 Monaten (halbjaehrlich), Summe 7.62 GBp
[2026-10-07 12:25:20]     -> Hinweis: hinterlegte Verschuldung 1.3 weicht vom berechneten Wert 0.03 ab - Automatik hat Vorrang.
[2026-10-07 12:25:20]     -> Hinweis: geschaetzte Quote 55% weicht +53 Prozentpunkte vom echten Wert 108.28% ab - Automatik hat Vorrang.
[2026-10-07 12:25:20]   Hole Kurs fuer ULVR.L ...
[2026-10-07 12:25:21]     -> Hinweis: hinterlegte Dividende 1.72 weicht +9492% von den tatsaechlich gezahlten 164.990002 ab - Automatik hat Vorrang.
[2026-10-07 12:25:21]     -> 4 Ausschuettung(en) in 12 Monaten (quartalsweise), Summe 164.990002 GBp
[2026-10-07 12:25:21]   Hole Kurs fuer SDF.DE ...
[2026-10-07 12:25:21]     -> 1 Ausschuettung(en) in 12 Monaten (jaehrlich), Summe 0.07 EUR
[2026-10-07 12:25:21]   Hole Kurs fuer VZ ...
[2026-10-07 12:25:21]     -> 4 Ausschuettung(en) in 12 Monaten (quartalsweise), Summe 2.796 USD
[2026-10-07 12:25:22]   Hole Kurs fuer NWX.DE ...
[2026-10-07 12:25:22]   Yahoo-Fehler bei NWX.DE: HTTP 404, Antwort-Anfang: b'{"chart":{"result":null,"error":{"code":"Not Found","description":"No data found, symbol may be delisted"}}}'
[2026-10-07 12:25:22]   Twelve Data (Kursverlauf)-Fehler (HTTP 404) bei time_series: b'{"code":404,"message":"**symbol** or **figi** parameter is missing or invalid. Please provide a valid symbol according to API documentation: https://t'
[2026-10-07 12:25:22]   Twelve Data (Kursverlauf) lieferte keine verwertbaren Daten fuer NWX:XETRA
[2026-10-07 12:25:23]   Stooq lieferte keine verwertbaren Kursdaten fuer nwx.de (HTTP 200), Antwort-Anfang: '<!DOCTYPE html><html><head><meta charset="utf-8"><meta name="robots" content="noindex,nofollow"></head><body><noscript>This site requires JavaScript t'
[2026-10-07 12:25:23]     -> kein Kurs erhalten (Yahoo/Twelve Data/Stooq scheiterten alle) - zeige NWX.DE trotzdem mit den Stammdaten, aber OHNE (veralteten) Kurs an.
[2026-10-07 12:25:23]     -> WARNUNG: weder Boersen-Ausschuettungen noch dividend_per_share verfuegbar - Rendite 6% ist ein EINGEFRORENER Startwert (Stand 2026-08), NICHT tagesaktuell.
[2026-10-07 12:25:23]     -> stockanalysis: HTTP 404 fuer NWX.DE (https://stockanalysis.com/quote/etr/NWX/statistics/)
[2026-10-07 12:25:23]     -> keine Analystenabdeckung fuer NWX.DE (Prognoseseite existiert nicht)
[2026-10-07 12:25:24]   Hole Kurs fuer 035250.KS ...
[2026-10-07 12:25:24]     -> 1 Ausschuettung(en) in 12 Monaten (jaehrlich), Summe 950.0 KRW
[2026-10-07 12:25:24]     -> Hinweis: hinterlegte Verschuldung 0.8 weicht vom berechneten Wert 0.01 ab - Automatik hat Vorrang.
[2026-10-07 12:25:24]   Hole Kurs fuer ELE.MC ...
[2026-10-07 12:25:24]     -> 2 Ausschuettung(en) in 12 Monaten (halbjaehrlich), Summe 1.584 EUR
[2026-10-07 12:25:24]     -> Hinweis: geschaetzte Quote 75% weicht -23 Prozentpunkte vom echten Wert 52.49% ab - Automatik hat Vorrang.
[2026-10-07 12:25:25]   Hole Kurs fuer HRL ...
[2026-10-07 12:25:25]     -> 4 Ausschuettung(en) in 12 Monaten (quartalsweise), Summe 1.169 USD
[2026-10-07 12:25:25]   Hole Kurs fuer BNS ...
[2026-10-07 12:25:25]     -> 3 Ausschuettung(en) in 12 Monaten (quartalsweise), Summe 2.395 USD [unvollstaendig]
[2026-10-07 12:25:25]   Hole Kurs fuer TROW ...
[2026-10-07 12:25:26]     -> 4 Ausschuettung(en) in 12 Monaten (quartalsweise), Summe 5.17 USD
[2026-10-07 12:25:26]   Hole Kurs fuer GLEN.L ...
[2026-10-07 12:25:26]     -> 2 Ausschuettung(en) in 12 Monaten (halbjaehrlich), Summe 12.5647 GBp
[2026-10-07 12:25:26] Anreicherung (News/Analysten-Grades) fuer 30 Top-Kandidaten + Depot (von 114 qualifizierten) ...
[2026-10-07 12:25:26]   FMP-Fehler (HTTP 402) bei news/stock: b'Restricted Endpoint: This endpoint is not available under your current subscription please visit our subscription page to upgrade your plan at https:/'
[2026-10-07 12:25:27]   Finnhub (News)-Fehler (HTTP 403) bei company-news: b'{"error":"You don\'t have access to this resource."}'
[2026-10-07 12:25:27]   FMP-Fehler (HTTP 402) bei grades: b"Premium Query Parameter: 'Special Endpoint : This value set for 'symbol' is not available under your current subscription please visit our subscriptio"
[2026-10-07 12:25:27]   Finnhub (Empfehlungen)-Fehler (HTTP 403) bei stock/recommendation: b'{"error":"You don\'t have access to this resource."}'
[2026-10-07 12:25:27]   FMP-Fehler (HTTP 402) bei news/stock: b'Restricted Endpoint: This endpoint is not available under your current subscription please visit our subscription page to upgrade your plan at https:/'
[2026-10-07 12:25:27]   Finnhub (News)-Fehler (HTTP 403) bei company-news: b'{"error":"You don\'t have access to this resource."}'
[2026-10-07 12:25:28]   FMP-Fehler (HTTP 402) bei grades: b"Premium Query Parameter: 'Special Endpoint : This value set for 'symbol' is not available under your current subscription please visit our subscriptio"
[2026-10-07 12:25:28]   Finnhub (Empfehlungen)-Fehler (HTTP 403) bei stock/recommendation: b'{"error":"You don\'t have access to this resource."}'
[2026-10-07 12:25:28]   FMP-Fehler (HTTP 402) bei news/stock: b'Restricted Endpoint: This endpoint is not available under your current subscription please visit our subscription page to upgrade your plan at https:/'
[2026-10-07 12:25:28]   Finnhub (News)-Fehler (HTTP 403) bei company-news: b'{"error":"You don\'t have access to this resource."}'
[2026-10-07 12:25:28]   FMP-Fehler (HTTP 402) bei grades: b"Premium Query Parameter: 'Special Endpoint : This value set for 'symbol' is not available under your current subscription please visit our subscriptio"
[2026-10-07 12:25:29]   Finnhub (Empfehlungen)-Fehler (HTTP 403) bei stock/recommendation: b'{"error":"You don\'t have access to this resource."}'
[2026-10-07 12:25:29]   FMP-Fehler (HTTP 402) bei news/stock: b'Restricted Endpoint: This endpoint is not available under your current subscription please visit our subscription page to upgrade your plan at https:/'
[2026-10-07 12:25:29]   Finnhub (News)-Fehler (HTTP 403) bei company-news: b'{"error":"You don\'t have access to this resource."}'
[2026-10-07 12:25:29]   FMP-Fehler (HTTP 402) bei grades: b"Premium Query Parameter: 'Special Endpoint : This value set for 'symbol' is not available under your current subscription please visit our subscriptio"
[2026-10-07 12:25:29]   Finnhub (Empfehlungen)-Fehler (HTTP 403) bei stock/recommendation: b'{"error":"You don\'t have access to this resource."}'
[2026-10-07 12:25:30]   FMP-Fehler (HTTP 402) bei news/stock: b'Restricted Endpoint: This endpoint is not available under your current subscription please visit our subscription page to upgrade your plan at https:/'
[2026-10-07 12:25:30]   Finnhub (News)-Fehler (HTTP 403) bei company-news: b'{"error":"You don\'t have access to this resource."}'
[2026-10-07 12:25:30]   FMP-Fehler (HTTP 402) bei grades: b"Premium Query Parameter: 'Special Endpoint : This value set for 'symbol' is not available under your current subscription please visit our subscriptio"
[2026-10-07 12:25:30]   Finnhub (Empfehlungen)-Fehler (HTTP 403) bei stock/recommendation: b'{"error":"You don\'t have access to this resource."}'
[2026-10-07 12:25:31]   FMP-Fehler (HTTP 402) bei news/stock: b'Restricted Endpoint: This endpoint is not available under your current subscription please visit our subscription page to upgrade your plan at https:/'
[2026-10-07 12:25:31]   Finnhub (News)-Fehler (HTTP 403) bei company-news: b'{"error":"You don\'t have access to this resource."}'
[2026-10-07 12:25:31]   FMP-Fehler (HTTP 402) bei grades: b"Premium Query Parameter: 'Special Endpoint : This value set for 'symbol' is not available under your current subscription please visit our subscriptio"
[2026-10-07 12:25:31]   Finnhub (Empfehlungen)-Fehler (HTTP 403) bei stock/recommendation: b'{"error":"You don\'t have access to this resource."}'
[2026-10-07 12:25:31]   FMP-Fehler (HTTP 402) bei news/stock: b'Restricted Endpoint: This endpoint is not available under your current subscription please visit our subscription page to upgrade your plan at https:/'
[2026-10-07 12:25:32]   Finnhub (News)-Fehler (HTTP 403) bei company-news: b'{"error":"You don\'t have access to this resource."}'
[2026-10-07 12:25:32]   FMP-Fehler (HTTP 402) bei grades: b"Premium Query Parameter: 'Special Endpoint : This value set for 'symbol' is not available under your current subscription please visit our subscriptio"
[2026-10-07 12:25:32]   Finnhub (Empfehlungen)-Fehler (HTTP 403) bei stock/recommendation: b'{"error":"You don\'t have access to this resource."}'
[2026-10-07 12:25:32]   FMP-Fehler (HTTP 402) bei news/stock: b'Restricted Endpoint: This endpoint is not available under your current subscription please visit our subscription page to upgrade your plan at https:/'
[2026-10-07 12:25:33]   Finnhub (News)-Fehler (HTTP 403) bei company-news: b'{"error":"You don\'t have access to this resource."}'
[2026-10-07 12:25:33]   FMP-Fehler (HTTP 402) bei grades: b"Premium Query Parameter: 'Special Endpoint : This value set for 'symbol' is not available under your current subscription please visit our subscriptio"
[2026-10-07 12:25:33]   Finnhub (Empfehlungen)-Fehler (HTTP 403) bei stock/recommendation: b'{"error":"You don\'t have access to this resource."}'
[2026-10-07 12:25:33]   FMP-Fehler (HTTP 402) bei news/stock: b'Restricted Endpoint: This endpoint is not available under your current subscription please visit our subscription page to upgrade your plan at https:/'
[2026-10-07 12:25:33]   Finnhub (News)-Fehler (HTTP 403) bei company-news: b'{"error":"You don\'t have access to this resource."}'
[2026-10-07 12:25:33]   FMP-Fehler (HTTP 402) bei grades: b"Premium Query Parameter: 'Special Endpoint : This value set for 'symbol' is not available under your current subscription please visit our subscriptio"
[2026-10-07 12:25:34]   Finnhub (Empfehlungen)-Fehler (HTTP 403) bei stock/recommendation: b'{"error":"You don\'t have access to this resource."}'
[2026-10-07 12:25:34]   FMP-Fehler (HTTP 402) bei news/stock: b'Restricted Endpoint: This endpoint is not available under your current subscription please visit our subscription page to upgrade your plan at https:/'
[2026-10-07 12:25:34]   Finnhub (News)-Fehler (HTTP 403) bei company-news: b'{"error":"You don\'t have access to this resource."}'
[2026-10-07 12:25:34]   FMP-Fehler (HTTP 402) bei grades: b"Premium Query Parameter: 'Special Endpoint : This value set for 'symbol' is not available under your current subscription please visit our subscriptio"
[2026-10-07 12:25:34]   Finnhub (Empfehlungen)-Fehler (HTTP 403) bei stock/recommendation: b'{"error":"You don\'t have access to this resource."}'
[2026-10-07 12:25:35]   FMP-Fehler (HTTP 402) bei news/stock: b'Restricted Endpoint: This endpoint is not available under your current subscription please visit our subscription page to upgrade your plan at https:/'
[2026-10-07 12:25:35]   Finnhub (News)-Fehler (HTTP 403) bei company-news: b'{"error":"You don\'t have access to this resource."}'
[2026-10-07 12:25:35]   FMP-Fehler (HTTP 402) bei grades: b"Premium Query Parameter: 'Special Endpoint : This value set for 'symbol' is not available under your current subscription please visit our subscriptio"
[2026-10-07 12:25:35]   Finnhub (Empfehlungen)-Fehler (HTTP 403) bei stock/recommendation: b'{"error":"You don\'t have access to this resource."}'
[2026-10-07 12:25:36]   FMP-Fehler (HTTP 402) bei news/stock: b'Restricted Endpoint: This endpoint is not available under your current subscription please visit our subscription page to upgrade your plan at https:/'
[2026-10-07 12:25:36]   Finnhub (News)-Fehler (HTTP 403) bei company-news: b'{"error":"You don\'t have access to this resource."}'
[2026-10-07 12:25:36]   FMP-Fehler (HTTP 402) bei grades: b"Premium Query Parameter: 'Special Endpoint : This value set for 'symbol' is not available under your current subscription please visit our subscriptio"
[2026-10-07 12:25:36]   Finnhub (Empfehlungen)-Fehler (HTTP 403) bei stock/recommendation: b'{"error":"You don\'t have access to this resource."}'
[2026-10-07 12:25:37]   FMP-Fehler (HTTP 402) bei news/stock: b'Restricted Endpoint: This endpoint is not available under your current subscription please visit our subscription page to upgrade your plan at https:/'
[2026-10-07 12:25:37]   Finnhub (News)-Fehler (HTTP 403) bei company-news: b'{"error":"You don\'t have access to this resource."}'
[2026-10-07 12:25:37]   FMP-Fehler (HTTP 402) bei grades: b"Premium Query Parameter: 'Special Endpoint : This value set for 'symbol' is not available under your current subscription please visit our subscriptio"
[2026-10-07 12:25:37]   Finnhub (Empfehlungen)-Fehler (HTTP 403) bei stock/recommendation: b'{"error":"You don\'t have access to this resource."}'
[2026-10-07 12:25:38]   FMP-Fehler (HTTP 402) bei news/stock: b'Restricted Endpoint: This endpoint is not available under your current subscription please visit our subscription page to upgrade your plan at https:/'
[2026-10-07 12:25:38]     -> News via Finnhub ergaenzt
[2026-10-07 12:25:38]   FMP-Fehler (HTTP 402) bei grades: b"Premium Query Parameter: 'Special Endpoint : This value set for 'symbol' is not available under your current subscription please visit our subscriptio"
[2026-10-07 12:25:38]     -> Analysten-Konsens via Finnhub ergaenzt
[2026-10-07 12:25:39]   FMP-Fehler (HTTP 402) bei news/stock: b'Restricted Endpoint: This endpoint is not available under your current subscription please visit our subscription page to upgrade your plan at https:/'
[2026-10-07 12:25:39]   Finnhub (News)-Fehler (HTTP 403) bei company-news: b'{"error":"You don\'t have access to this resource."}'
[2026-10-07 12:25:39]   FMP-Fehler (HTTP 402) bei grades: b"Premium Query Parameter: 'Special Endpoint : This value set for 'symbol' is not available under your current subscription please visit our subscriptio"
[2026-10-07 12:25:39]   Finnhub (Empfehlungen)-Fehler (HTTP 403) bei stock/recommendation: b'{"error":"You don\'t have access to this resource."}'
[2026-10-07 12:25:39]   FMP-Fehler (HTTP 402) bei news/stock: b'Restricted Endpoint: This endpoint is not available under your current subscription please visit our subscription page to upgrade your plan at https:/'
[2026-10-07 12:25:40]   Finnhub (News)-Fehler (HTTP 403) bei company-news: b'{"error":"You don\'t have access to this resource."}'
[2026-10-07 12:25:40]   FMP-Fehler (HTTP 402) bei grades: b"Premium Query Parameter: 'Special Endpoint : This value set for 'symbol' is not available under your current subscription please visit our subscriptio"
[2026-10-07 12:25:40]   Finnhub (Empfehlungen)-Fehler (HTTP 403) bei stock/recommendation: b'{"error":"You don\'t have access to this resource."}'
[2026-10-07 12:25:40]   FMP-Fehler (HTTP 402) bei news/stock: b'Restricted Endpoint: This endpoint is not available under your current subscription please visit our subscription page to upgrade your plan at https:/'
[2026-10-07 12:25:40]   Finnhub (News)-Fehler (HTTP 403) bei company-news: b'{"error":"You don\'t have access to this resource."}'
[2026-10-07 12:25:41]   FMP-Fehler (HTTP 402) bei grades: b"Premium Query Parameter: 'Special Endpoint : This value set for 'symbol' is not available under your current subscription please visit our subscriptio"
[2026-10-07 12:25:41]   Finnhub (Empfehlungen)-Fehler (HTTP 403) bei stock/recommendation: b'{"error":"You don\'t have access to this resource."}'
[2026-10-07 12:25:41]   FMP-Fehler (HTTP 402) bei news/stock: b'Restricted Endpoint: This endpoint is not available under your current subscription please visit our subscription page to upgrade your plan at https:/'
[2026-10-07 12:25:41]     -> News via Finnhub ergaenzt
[2026-10-07 12:25:41]   FMP-Fehler (HTTP 402) bei grades: b"Premium Query Parameter: 'Special Endpoint : This value set for 'symbol' is not available under your current subscription please visit our subscriptio"
[2026-10-07 12:25:42]     -> Analysten-Konsens via Finnhub ergaenzt
[2026-10-07 12:25:42]   FMP-Fehler (HTTP 402) bei news/stock: b'Restricted Endpoint: This endpoint is not available under your current subscription please visit our subscription page to upgrade your plan at https:/'
[2026-10-07 12:25:42]     -> News via Finnhub ergaenzt
[2026-10-07 12:25:42]   FMP-Fehler (HTTP 402) bei grades: b"Premium Query Parameter: 'Special Endpoint : This value set for 'symbol' is not available under your current subscription please visit our subscriptio"
[2026-10-07 12:25:42]     -> Analysten-Konsens via Finnhub ergaenzt
[2026-10-07 12:25:43]   FMP-Fehler (HTTP 402) bei news/stock: b'Restricted Endpoint: This endpoint is not available under your current subscription please visit our subscription page to upgrade your plan at https:/'
[2026-10-07 12:25:43]   Finnhub (News)-Fehler (HTTP 403) bei company-news: b'{"error":"You don\'t have access to this resource."}'
[2026-10-07 12:25:43]   FMP-Fehler (HTTP 402) bei grades: b"Premium Query Parameter: 'Special Endpoint : This value set for 'symbol' is not available under your current subscription please visit our subscriptio"
[2026-10-07 12:25:43]   Finnhub (Empfehlungen)-Fehler (HTTP 403) bei stock/recommendation: b'{"error":"You don\'t have access to this resource."}'
[2026-10-07 12:25:44]   FMP-Fehler (HTTP 402) bei news/stock: b'Restricted Endpoint: This endpoint is not available under your current subscription please visit our subscription page to upgrade your plan at https:/'
[2026-10-07 12:25:44]     -> News via Finnhub ergaenzt
[2026-10-07 12:25:44]   FMP-Fehler (HTTP 402) bei grades: b"Premium Query Parameter: 'Special Endpoint : This value set for 'symbol' is not available under your current subscription please visit our subscriptio"
[2026-10-07 12:25:44]     -> Analysten-Konsens via Finnhub ergaenzt
[2026-10-07 12:25:44]   FMP-Fehler (HTTP 402) bei news/stock: b'Restricted Endpoint: This endpoint is not available under your current subscription please visit our subscription page to upgrade your plan at https:/'
[2026-10-07 12:25:45]   Finnhub (News)-Fehler (HTTP 403) bei company-news: b'{"error":"You don\'t have access to this resource."}'
[2026-10-07 12:25:45]   FMP-Fehler (HTTP 402) bei grades: b"Premium Query Parameter: 'Special Endpoint : This value set for 'symbol' is not available under your current subscription please visit our subscriptio"
[2026-10-07 12:25:45]   Finnhub (Empfehlungen)-Fehler (HTTP 403) bei stock/recommendation: b'{"error":"You don\'t have access to this resource."}'
[2026-10-07 12:25:45]   FMP-Fehler (HTTP 402) bei news/stock: b'Restricted Endpoint: This endpoint is not available under your current subscription please visit our subscription page to upgrade your plan at https:/'
[2026-10-07 12:25:45]   Finnhub (News)-Fehler (HTTP 403) bei company-news: b'{"error":"You don\'t have access to this resource."}'
[2026-10-07 12:25:45]   FMP-Fehler (HTTP 402) bei grades: b"Premium Query Parameter: 'Special Endpoint : This value set for 'symbol' is not available under your current subscription please visit our subscriptio"
[2026-10-07 12:25:46]   Finnhub (Empfehlungen)-Fehler (HTTP 403) bei stock/recommendation: b'{"error":"You don\'t have access to this resource."}'
[2026-10-07 12:25:46]   FMP-Fehler (HTTP 402) bei news/stock: b'Restricted Endpoint: This endpoint is not available under your current subscription please visit our subscription page to upgrade your plan at https:/'
[2026-10-07 12:25:46]   Finnhub (News)-Fehler (HTTP 403) bei company-news: b'{"error":"You don\'t have access to this resource."}'
[2026-10-07 12:25:46]   FMP-Fehler (HTTP 402) bei grades: b"Premium Query Parameter: 'Special Endpoint : This value set for 'symbol' is not available under your current subscription please visit our subscriptio"
[2026-10-07 12:25:46]   Finnhub (Empfehlungen)-Fehler (HTTP 403) bei stock/recommendation: b'{"error":"You don\'t have access to this resource."}'
[2026-10-07 12:25:47]   FMP-Fehler (HTTP 402) bei news/stock: b'Restricted Endpoint: This endpoint is not available under your current subscription please visit our subscription page to upgrade your plan at https:/'
[2026-10-07 12:25:47]     -> News via Finnhub ergaenzt
[2026-10-07 12:25:47]   FMP-Fehler (HTTP 402) bei grades: b"Premium Query Parameter: 'Special Endpoint : This value set for 'symbol' is not available under your current subscription please visit our subscriptio"
[2026-10-07 12:25:47]     -> Analysten-Konsens via Finnhub ergaenzt
[2026-10-07 12:25:47]   FMP-Fehler (HTTP 402) bei news/stock: b'Restricted Endpoint: This endpoint is not available under your current subscription please visit our subscription page to upgrade your plan at https:/'
[2026-10-07 12:25:48]   Finnhub (News)-Fehler (HTTP 403) bei company-news: b'{"error":"You don\'t have access to this resource."}'
[2026-10-07 12:25:48]   FMP-Fehler (HTTP 402) bei grades: b"Premium Query Parameter: 'Special Endpoint : This value set for 'symbol' is not available under your current subscription please visit our subscriptio"
[2026-10-07 12:25:48]   Finnhub (Empfehlungen)-Fehler (HTTP 403) bei stock/recommendation: b'{"error":"You don\'t have access to this resource."}'
[2026-10-07 12:25:48]   FMP-Fehler (HTTP 402) bei news/stock: b'Restricted Endpoint: This endpoint is not available under your current subscription please visit our subscription page to upgrade your plan at https:/'
[2026-10-07 12:25:48]   Finnhub (News)-Fehler (HTTP 403) bei company-news: b'{"error":"You don\'t have access to this resource."}'
[2026-10-07 12:25:49]   FMP-Fehler (HTTP 402) bei grades: b"Premium Query Parameter: 'Special Endpoint : This value set for 'symbol' is not available under your current subscription please visit our subscriptio"
[2026-10-07 12:25:49]   Finnhub (Empfehlungen)-Fehler (HTTP 403) bei stock/recommendation: b'{"error":"You don\'t have access to this resource."}'
[2026-10-07 12:25:49]   FMP-Fehler (HTTP 402) bei news/stock: b'Restricted Endpoint: This endpoint is not available under your current subscription please visit our subscription page to upgrade your plan at https:/'
[2026-10-07 12:25:49]   Finnhub (News)-Fehler (HTTP 403) bei company-news: b'{"error":"You don\'t have access to this resource."}'
[2026-10-07 12:25:49]   FMP-Fehler (HTTP 402) bei grades: b"Premium Query Parameter: 'Special Endpoint : This value set for 'symbol' is not available under your current subscription please visit our subscriptio"
[2026-10-07 12:25:50]   Finnhub (Empfehlungen)-Fehler (HTTP 403) bei stock/recommendation: b'{"error":"You don\'t have access to this resource."}'
[2026-10-07 12:25:50]   FMP-Fehler (HTTP 402) bei news/stock: b'Restricted Endpoint: This endpoint is not available under your current subscription please visit our subscription page to upgrade your plan at https:/'
[2026-10-07 12:25:50]   Finnhub (News)-Fehler (HTTP 403) bei company-news: b'{"error":"You don\'t have access to this resource."}'
[2026-10-07 12:25:50]   FMP-Fehler (HTTP 402) bei grades: b"Premium Query Parameter: 'Special Endpoint : This value set for 'symbol' is not available under your current subscription please visit our subscriptio"
[2026-10-07 12:25:51]   Finnhub (Empfehlungen)-Fehler (HTTP 403) bei stock/recommendation: b'{"error":"You don\'t have access to this resource."}'
[2026-10-07 12:25:51]   FMP-Fehler (HTTP 402) bei news/stock: b'Restricted Endpoint: This endpoint is not available under your current subscription please visit our subscription page to upgrade your plan at https:/'
[2026-10-07 12:25:51]   Finnhub (News)-Fehler (HTTP 403) bei company-news: b'{"error":"You don\'t have access to this resource."}'
[2026-10-07 12:25:51]   FMP-Fehler (HTTP 402) bei grades: b"Premium Query Parameter: 'Special Endpoint : This value set for 'symbol' is not available under your current subscription please visit our subscriptio"
[2026-10-07 12:25:51]   Finnhub (Empfehlungen)-Fehler (HTTP 403) bei stock/recommendation: b'{"error":"You don\'t have access to this resource."}'
[2026-10-07 12:25:52] Alle Titel ohne Fehler verarbeitet.
[2026-10-07 12:25:52] Fertig. Bericht aktualisiert: /home/runner/work/dividendenatlas/dividendenatlas/dividendenatlas.html
[2026-10-08 12:33:04] my_depot.json existierte nicht - Beispiel-Datei angelegt unter /home/runner/work/dividendenatlas/dividendenatlas/my_depot.json
[2026-10-08 12:33:04] Hole Kurse fuer 221 Ticker (0 im Depot, 221 in stammdaten.json) ...
[2026-10-08 12:33:04]   Live-Wechselkurse geholt: {'EUR': 1.0, 'USD': 0.894694, 'GBP': 1.181405, 'CHF': 1.074229, 'JPY': 0.005655, 'HKD': 0.113996, 'SGD': 0.698763, 'KRW': 0.000668, 'BRL': 0.178721}
[2026-10-08 12:33:04] Kennzahlen auffrischen: 39 Titel ueber stockanalysis (Ausschuettungsquote + Verschuldung, ein Abruf je Titel).
[2026-10-08 12:33:04] Davon 32 ETFs - fuer 1 werden Kostenquote, Fondsgroesse, Sektor- und Laendergewichte geholt.
[2026-10-08 12:33:04] Analysteneinstufungen auffrischen: 16 Titel (Konsens, Kursziel und die 12-Monats-Historie).
[2026-10-08 12:33:04]   Hole Kurs fuer BNS ...
[2026-10-08 12:33:04]     -> 3 Ausschuettung(en) in 12 Monaten (quartalsweise), Summe 2.395 USD [unvollstaendig]
[2026-10-08 12:33:04]   Hole Kurs fuer ENGI.PA ...
[2026-10-08 12:33:04]     -> 1 Ausschuettung(en) in 12 Monaten (jaehrlich), Summe 1.35 EUR
[2026-10-08 12:33:05]   Leeway.tech-Fehler (HTTP 404) bei fundamentals/ENGI.XPAR: b'{"msg":"Fundamentals for code and exchange not found"}'
[2026-10-08 12:33:05]   Leeway lieferte keine verwertbare Antwort fuer ENGI.XPAR
[2026-10-08 12:33:05]   Hole Kurs fuer PBA ...
[2026-10-08 12:33:06]     -> 3 Ausschuettung(en) in 12 Monaten (quartalsweise), Summe 1.572 USD [unvollstaendig]
[2026-10-08 12:33:06]     -> keine Analystenabdeckung fuer PBA (Prognoseseite existiert nicht)
[2026-10-08 12:33:06]     -> Hinweis: hinterlegte Verschuldung 1.2 weicht vom berechneten Wert 0.81 ab - Automatik hat Vorrang.
[2026-10-08 12:33:06]   Hole Kurs fuer STAG ...
[2026-10-08 12:33:07]     -> 6 Ausschuettung(en) in 12 Monaten (monatlich), Summe 1.536 USD [unvollstaendig]
[2026-10-08 12:33:07]   Hole Kurs fuer MCD ...
[2026-10-08 12:33:07]     -> 4 Ausschuettung(en) in 12 Monaten (quartalsweise), Summe 7.44 USD
[2026-10-08 12:33:07]   Hole Kurs fuer VOW3.DE ...
[2026-10-08 12:33:08]     -> 1 Ausschuettung(en) in 12 Monaten (jaehrlich), Summe 5.26 EUR
[2026-10-08 12:33:08]     -> Hinweis: hinterlegte Verschuldung 0.8 weicht vom berechneten Wert 1.39 ab - Automatik hat Vorrang.
[2026-10-08 12:33:08]     -> Hinweis: geschaetzte Quote 31.37% weicht +26 Prozentpunkte vom echten Wert 57.0% ab - Automatik hat Vorrang.
[2026-10-08 12:33:08]   Hole Kurs fuer WPC ...
[2026-10-08 12:33:08]     -> 4 Ausschuettung(en) in 12 Monaten (quartalsweise), Summe 3.74 USD
[2026-10-08 12:33:08]     -> Hinweis: geschaetzte Quote 100% weicht +27 Prozentpunkte vom echten Wert 126.64% ab - Automatik hat Vorrang.
[2026-10-08 12:33:08]   Hole Kurs fuer ECL ...
[2026-10-08 12:33:08]     -> Hinweis: hinterlegte Dividende 2.3 weicht +27% von den tatsaechlich gezahlten 2.92 ab - Automatik hat Vorrang.
[2026-10-08 12:33:08]     -> 4 Ausschuettung(en) in 12 Monaten (quartalsweise), Summe 2.92 USD
[2026-10-08 12:33:09]   Hole Kurs fuer ROP ...
[2026-10-08 12:33:09]     -> Hinweis: hinterlegte Dividende 2.98 weicht +22% von den tatsaechlich gezahlten 3.64 ab - Automatik hat Vorrang.
[2026-10-08 12:33:09]     -> 4 Ausschuettung(en) in 12 Monaten (quartalsweise), Summe 3.64 USD
[2026-10-08 12:33:09]   Hole Kurs fuer AGNC ...
[2026-10-08 12:33:09]     -> 12 Ausschuettung(en) in 12 Monaten (monatlich), Summe 1.44 USD
[2026-10-08 12:33:10]   Hole Kurs fuer KIM ...
[2026-10-08 12:33:10]     -> 4 Ausschuettung(en) in 12 Monaten (quartalsweise), Summe 1.06 USD
[2026-10-08 12:33:10]     -> Hinweis: hinterlegte Verschuldung 1.3 weicht vom berechneten Wert 0.85 ab - Automatik hat Vorrang.
[2026-10-08 12:33:10]   Hole Kurs fuer UEFS.DE ...
[2026-10-08 12:33:10]     -> 2 Ausschuettung(en) in 12 Monaten (halbjaehrlich), Summe 0.536458 EUR
[2026-10-08 12:33:11]   Leeway: keine Ausschuettungsquote fuer UEFS.XETRA (vorhandene Abschnitte: ETF_Data, General, Technicals)
[2026-10-08 12:33:11]   Hole Kurs fuer INCU.DE ...
[2026-10-08 12:33:11]     -> 4 Ausschuettung(en) in 12 Monaten (quartalsweise), Summe 0.355591 EUR
[2026-10-08 12:33:12]   Leeway: keine Ausschuettungsquote fuer INCU.XETRA (vorhandene Abschnitte: ETF_Data, General, Technicals)
[2026-10-08 12:33:12]   Hole Kurs fuer NTGY.MC ...
[2026-10-08 12:33:12]     -> Hinweis: hinterlegte Dividende 1.4 weicht +26% von den tatsaechlich gezahlten 1.77 ab - Automatik hat Vorrang.
[2026-10-08 12:33:12]     -> 3 Ausschuettung(en) in 12 Monaten (halbjaehrlich), Summe 1.77 EUR
[2026-10-08 12:33:13]   Leeway.tech-Fehler (HTTP 404) bei fundamentals/NTGY.XMAD: b'{"msg":"Fundamentals for code and exchange not found"}'
[2026-10-08 12:33:13]   Leeway lieferte keine verwertbare Antwort fuer NTGY.XMAD
[2026-10-08 12:33:13]   Hole Kurs fuer 5401.T ...
[2026-10-08 12:33:13]     -> 2 Ausschuettung(en) in 12 Monaten (halbjaehrlich), Summe 24.0 JPY
[2026-10-08 12:33:14]   Leeway.tech-Fehler (HTTP 404) bei fundamentals/5401.XTKS: b'{"msg":"Fundamentals for code and exchange not found"}'
[2026-10-08 12:33:14]   Leeway lieferte keine verwertbare Antwort fuer 5401.XTKS
[2026-10-08 12:33:14]   Hole Kurs fuer PFLT ...
[2026-10-08 12:33:14]     -> Hinweis: hinterlegte Dividende 0.96 weicht +20% von den tatsaechlich gezahlten 1.156 ab - Automatik hat Vorrang.
[2026-10-08 12:33:14]     -> 12 Ausschuettung(en) in 12 Monaten (monatlich), Summe 1.156 USD
[2026-10-08 12:33:14]   Hole Kurs fuer ISPA.DE ...
[2026-10-08 12:33:15]     -> 4 Ausschuettung(en) in 12 Monaten (quartalsweise), Summe 1.524521 EUR
[2026-10-08 12:33:15]   Leeway: keine Ausschuettungsquote fuer ISPA.XETRA (vorhandene Abschnitte: ETF_Data, General, Technicals)
[2026-10-08 12:33:15]   Hole Kurs fuer M12.DE ...
[2026-10-08 12:33:15]     -> 1 Ausschuettung(en) in 12 Monaten (jaehrlich), Summe 1.2 EUR
[2026-10-08 12:33:16]     -> Quote 46.02% / Verschuldung 0.04 via stockanalysis
[2026-10-08 12:33:16]     -> keine Analystenabdeckung fuer M12.DE (Prognoseseite existiert nicht)
[2026-10-08 12:33:17]     -> Ausschuettungsquote 49.2% via Leeway
[2026-10-08 12:33:17]     -> isin, market_cap via Leeway.tech ergaenzt
[2026-10-08 12:33:18]   Hole Kurs fuer PEP ...
[2026-10-08 12:33:18]     -> 4 Ausschuettung(en) in 12 Monaten (quartalsweise), Summe 5.806 USD
[2026-10-08 12:33:18]   Hole Kurs fuer JGPI.DE ...
[2026-10-08 12:33:18]     -> 13 Ausschuettung(en) in 12 Monaten (monatlich), Summe 1.983044 EUR
[2026-10-08 12:33:19]   Leeway: keine Ausschuettungsquote fuer JGPI.XETRA (vorhandene Abschnitte: ETF_Data, General, Technicals)
[2026-10-08 12:33:19]   Hole Kurs fuer EVK.DE ...
[2026-10-08 12:33:19]     -> 1 Ausschuettung(en) in 12 Monaten (jaehrlich), Summe 1.0 EUR
[2026-10-08 12:33:19]     -> Hinweis: geschaetzte Quote 180% weicht +205 Prozentpunkte vom echten Wert 385.12% ab - Automatik hat Vorrang.
[2026-10-08 12:33:19]   Hole Kurs fuer UDIV.DE ...
[2026-10-08 12:33:19]     -> 12 Ausschuettung(en) in 12 Monaten (monatlich), Summe 0.828541 EUR
[2026-10-08 12:33:20]   Leeway.tech-Fehler (HTTP 429) bei fundamentals/UDIV.XETRA: b'Your limit of 50 requests per day has been reached.'
[2026-10-08 12:33:20]   Leeway lieferte keine verwertbare Antwort fuer UDIV.XETRA
[2026-10-08 12:33:20]   Hole Kurs fuer WCP.TO ...
[2026-10-08 12:33:20]     -> 12 Ausschuettung(en) in 12 Monaten (monatlich), Summe 0.732 CAD
[2026-10-08 12:33:20]     -> Hinweis: hinterlegte Verschuldung 1.2 weicht vom berechneten Wert 0.24 ab - Automatik hat Vorrang.
[2026-10-08 12:33:20]   Hole Kurs fuer CCI ...
[2026-10-08 12:33:21]     -> 4 Ausschuettung(en) in 12 Monaten (quartalsweise), Summe 4.252 USD
[2026-10-08 12:33:21]   Hole Kurs fuer 7177.T ...
[2026-10-08 12:33:21]     -> 4 Ausschuettung(en) in 12 Monaten (quartalsweise), Summe 51.07 JPY
[2026-10-08 12:33:21]     -> keine Analystenabdeckung fuer 7177.T (Prognoseseite existiert nicht)
[2026-10-08 12:33:22]   Leeway.tech-Fehler (HTTP 429) bei fundamentals/7177.XTKS: b'Your limit of 50 requests per day has been reached.'
[2026-10-08 12:33:22]   Leeway lieferte keine verwertbare Antwort fuer 7177.XTKS
[2026-10-08 12:33:22]   Hole Kurs fuer 1833.T ...
[2026-10-08 12:33:22]     -> 2 Ausschuettung(en) in 12 Monaten (halbjaehrlich), Summe 337.0 JPY
[2026-10-08 12:33:23]     -> keine Analystenabdeckung fuer 1833.T (Prognoseseite existiert nicht)
[2026-10-08 12:33:23]   Leeway.tech-Fehler (HTTP 429) bei fundamentals/1833.XTKS: b'Your limit of 50 requests per day has been reached.'
[2026-10-08 12:33:23]   Leeway lieferte keine verwertbare Antwort fuer 1833.XTKS
[2026-10-08 12:33:23]     -> Hinweis: hinterlegte Verschuldung 0.8 weicht vom berechneten Wert 0.35 ab - Automatik hat Vorrang.
[2026-10-08 12:33:24]   Hole Kurs fuer BMW.DE ...
[2026-10-08 12:33:24]     -> 1 Ausschuettung(en) in 12 Monaten (jaehrlich), Summe 4.4 EUR
[2026-10-08 12:33:24]     -> Hinweis: hinterlegte Verschuldung 0.8 weicht vom berechneten Wert 1.2 ab - Automatik hat Vorrang.
[2026-10-08 12:33:24]   Hole Kurs fuer EN.PA ...
[2026-10-08 12:33:24]     -> 1 Ausschuettung(en) in 12 Monaten (jaehrlich), Summe 2.1 EUR
[2026-10-08 12:33:25]   Leeway.tech-Fehler (HTTP 429) bei fundamentals/EN.XPAR: b'Your limit of 50 requests per day has been reached.'
[2026-10-08 12:33:25]   Leeway lieferte keine verwertbare Antwort fuer EN.XPAR
[2026-10-08 12:33:25]     -> Hinweis: geschaetzte Quote 45% weicht +20 Prozentpunkte vom echten Wert 64.7% ab - Automatik hat Vorrang.
[2026-10-08 12:33:25]   Hole Kurs fuer CL ...
[2026-10-08 12:33:25]     -> 4 Ausschuettung(en) in 12 Monaten (quartalsweise), Summe 2.1 USD
[2026-10-08 12:33:25]   Hole Kurs fuer 035250.KS ...
[2026-10-08 12:33:26]     -> 1 Ausschuettung(en) in 12 Monaten (jaehrlich), Summe 950.0 KRW
[2026-10-08 12:33:26]   Leeway.tech-Fehler (HTTP 429) bei fundamentals/035250.XKRX: b'Your limit of 50 requests per day has been reached.'
[2026-10-08 12:33:26]   Leeway lieferte keine verwertbare Antwort fuer 035250.XKRX
[2026-10-08 12:33:26]     -> Hinweis: hinterlegte Verschuldung 0.8 weicht vom berechneten Wert 0.01 ab - Automatik hat Vorrang.
[2026-10-08 12:33:26]   Hole Kurs fuer ITW ...
[2026-10-08 12:33:26]     -> 4 Ausschuettung(en) in 12 Monaten (quartalsweise), Summe 6.55 USD
[2026-10-08 12:33:27]   Hole Kurs fuer MKC ...
[2026-10-08 12:33:27]     -> 4 Ausschuettung(en) in 12 Monaten (quartalsweise), Summe 1.89 USD
[2026-10-08 12:33:27]   Hole Kurs fuer BP.L ...
[2026-10-08 12:33:27]     -> Hinweis: hinterlegte Dividende 0.32 weicht +7730% von den tatsaechlich gezahlten 25.055699 ab - Automatik hat Vorrang.
[2026-10-08 12:33:27]     -> 4 Ausschuettung(en) in 12 Monaten (quartalsweise), Summe 25.055699 GBp
[2026-10-08 12:33:28]   Leeway.tech-Fehler (HTTP 429) bei fundamentals/BP.XLON: b'Your limit of 50 requests per day has been reached.'
[2026-10-08 12:33:28]   Leeway lieferte keine verwertbare Antwort fuer BP.XLON
[2026-10-08 12:33:28]   Hole Kurs fuer GSK.L ...
[2026-10-08 12:33:28]     -> Hinweis: hinterlegte Dividende 0.63 weicht +10694% von den tatsaechlich gezahlten 68.0 ab - Automatik hat Vorrang.
[2026-10-08 12:33:28]     -> 4 Ausschuettung(en) in 12 Monaten (quartalsweise), Summe 68.0 GBp
[2026-10-08 12:33:29]   Leeway.tech-Fehler (HTTP 429) bei fundamentals/GSK.XLON: b'Your limit of 50 requests per day has been reached.'
[2026-10-08 12:33:29]   Leeway lieferte keine verwertbare Antwort fuer GSK.XLON
[2026-10-08 12:33:29]   Hole Kurs fuer SYBY.DE ...
[2026-10-08 12:33:29]     -> 2 Ausschuettung(en) in 12 Monaten (halbjaehrlich), Summe 1.447219 EUR
[2026-10-08 12:33:29]   Leeway.tech-Fehler (HTTP 429) bei fundamentals/SYBY.XETRA: b'Your limit of 50 requests per day has been reached.'
[2026-10-08 12:33:29]   Leeway lieferte keine verwertbare Antwort fuer SYBY.XETRA
[2026-10-08 12:33:30]   Hole Kurs fuer TIGR.DE ...
[2026-10-08 12:33:30]     -> 2 Ausschuettung(en) in 12 Monaten (halbjaehrlich), Summe 0.39894 EUR
[2026-10-08 12:33:30]   Leeway.tech-Fehler (HTTP 429) bei fundamentals/TIGR.XETRA: b'Your limit of 50 requests per day has been reached.'
[2026-10-08 12:33:30]   Leeway lieferte keine verwertbare Antwort fuer TIGR.XETRA
[2026-10-08 12:33:30]   Hole Kurs fuer 004990.KS ...
[2026-10-08 12:33:31]     -> 1 Ausschuettung(en) in 12 Monaten (jaehrlich), Summe 1250.0 KRW
[2026-10-08 12:33:31]   Leeway.tech-Fehler (HTTP 429) bei fundamentals/004990.XKRX: b'Your limit of 50 requests per day has been reached.'
[2026-10-08 12:33:31]   Leeway lieferte keine verwertbare Antwort fuer 004990.XKRX
[2026-10-08 12:33:31]   Hole Kurs fuer HSBA.L ...
[2026-10-08 12:33:31]     -> 4 Ausschuettung(en) in 12 Monaten (quartalsweise), Summe 55.6718 GBp
[2026-10-08 12:33:32]   Hole Kurs fuer NESN.SW ...
[2026-10-08 12:33:32]     -> 1 Ausschuettung(en) in 12 Monaten (jaehrlich), Summe 3.1 CHF
[2026-10-08 12:33:32]   Leeway.tech-Fehler (HTTP 429) bei fundamentals/NESN.XSWX: b'Your limit of 50 requests per day has been reached.'
[2026-10-08 12:33:32]   Leeway lieferte keine verwertbare Antwort fuer NESN.XSWX
[2026-10-08 12:33:32]   Hole Kurs fuer SHW ...
[2026-10-08 12:33:33]     -> 4 Ausschuettung(en) in 12 Monaten (quartalsweise), Summe 3.19 USD
[2026-10-08 12:33:33]   Hole Kurs fuer 8972.T ...
[2026-10-08 12:33:33]     -> 2 Ausschuettung(en) in 12 Monaten (halbjaehrlich), Summe 8271.0 JPY
[2026-10-08 12:33:33]   Leeway.tech-Fehler (HTTP 429) bei fundamentals/8972.XTKS: b'Your limit of 50 requests per day has been reached.'
[2026-10-08 12:33:33]   Leeway lieferte keine verwertbare Antwort fuer 8972.XTKS
[2026-10-08 12:33:33]     -> Hinweis: hinterlegte Verschuldung 1.3 weicht vom berechneten Wert 0.92 ab - Automatik hat Vorrang.
[2026-10-08 12:33:34]   Hole Kurs fuer LOW ...
[2026-10-08 12:33:34]     -> 4 Ausschuettung(en) in 12 Monaten (quartalsweise), Summe 4.85 USD
[2026-10-08 12:33:34]   Hole Kurs fuer UVV ...
[2026-10-08 12:33:34]     -> 4 Ausschuettung(en) in 12 Monaten (quartalsweise), Summe 3.29 USD
[2026-10-08 12:33:34]     -> keine Analystenabdeckung fuer UVV (Prognoseseite existiert nicht)
[2026-10-08 12:33:35]     -> Hinweis: geschaetzte Quote 96% weicht +340 Prozentpunkte vom echten Wert 435.91% ab - Automatik hat Vorrang.
[2026-10-08 12:33:35]   Hole Kurs fuer 3002.T ...
[2026-10-08 12:33:35]     -> 1 Ausschuettung(en) in 12 Monaten (jaehrlich), Summe 216.0 JPY
[2026-10-08 12:33:35]     -> Hinweis: hinterlegte Verschuldung 0.8 weicht vom berechneten Wert 0.18 ab - Automatik hat Vorrang.
[2026-10-08 12:33:35]   Hole Kurs fuer KO ...
[2026-10-08 12:33:36]     -> 4 Ausschuettung(en) in 12 Monaten (quartalsweise), Summe 2.1 USD
[2026-10-08 12:33:36]   Hole Kurs fuer O ...
[2026-10-08 12:33:36]     -> 12 Ausschuettung(en) in 12 Monaten (monatlich), Summe 3.248 USD
[2026-10-08 12:33:36]     -> Hinweis: hinterlegte Verschuldung 1.3 weicht vom berechneten Wert 0.75 ab - Automatik hat Vorrang.
[2026-10-08 12:33:36]     -> Hinweis: geschaetzte Quote 75% weicht +162 Prozentpunkte vom echten Wert 237.14% ab - Automatik hat Vorrang.
[2026-10-08 12:33:36]   Hole Kurs fuer ATO ...
[2026-10-08 12:33:37]     -> 4 Ausschuettung(en) in 12 Monaten (quartalsweise), Summe 4.0 USD
[2026-10-08 12:33:37]   Hole Kurs fuer CINF ...
[2026-10-08 12:33:37]     -> 4 Ausschuettung(en) in 12 Monaten (quartalsweise), Summe 3.69 USD
[2026-10-08 12:33:37]   Hole Kurs fuer EUNW.DE ...
[2026-10-08 12:33:37]     -> 3 Ausschuettung(en) in 12 Monaten (halbjaehrlich), Summe 4.7012 EUR
[2026-10-08 12:33:38]   Hole Kurs fuer IMB.L ...
[2026-10-08 12:33:38]     -> Hinweis: hinterlegte Dividende 1.6 weicht +10120% von den tatsaechlich gezahlten 163.519996 ab - Automatik hat Vorrang.
[2026-10-08 12:33:38]     -> 4 Ausschuettung(en) in 12 Monaten (quartalsweise), Summe 163.519996 GBp
[2026-10-08 12:33:38]   Hole Kurs fuer PFE ...
[2026-10-08 12:33:38]     -> 4 Ausschuettung(en) in 12 Monaten (quartalsweise), Summe 1.72 USD
[2026-10-08 12:33:38]     -> Hinweis: geschaetzte Quote 131% weicht +95 Prozentpunkte vom echten Wert 226.35% ab - Automatik hat Vorrang.
[2026-10-08 12:33:38]   Hole Kurs fuer SRG.MI ...
[2026-10-08 12:33:39]     -> 2 Ausschuettung(en) in 12 Monaten (halbjaehrlich), Summe 0.3021 EUR
[2026-10-08 12:33:39]     -> Hinweis: hinterlegte Verschuldung 1.2 weicht vom berechneten Wert 2.34 ab - Automatik hat Vorrang.
[2026-10-08 12:33:39]   Hole Kurs fuer DTE.DE ...
[2026-10-08 12:33:39]     -> 1 Ausschuettung(en) in 12 Monaten (jaehrlich), Summe 1.0 EUR
[2026-10-08 12:33:39]   Hole Kurs fuer 8150.T ...
[2026-10-08 12:33:39]     -> 2 Ausschuettung(en) in 12 Monaten (halbjaehrlich), Summe 190.0 JPY
[2026-10-08 12:33:40]     -> keine Analystenabdeckung fuer 8150.T (Prognoseseite existiert nicht)
[2026-10-08 12:33:40]     -> Hinweis: hinterlegte Verschuldung 0.8 weicht vom berechneten Wert 0.32 ab - Automatik hat Vorrang.
[2026-10-08 12:33:40]   Hole Kurs fuer ET ...
[2026-10-08 12:33:40]     -> 4 Ausschuettung(en) in 12 Monaten (quartalsweise), Summe 1.345 USD
[2026-10-08 12:33:40]     -> Hinweis: geschaetzte Quote 60% weicht +32 Prozentpunkte vom echten Wert 92.11% ab - Automatik hat Vorrang.
[2026-10-08 12:33:41]   Hole Kurs fuer TW.L ...
[2026-10-08 12:33:41]     -> 3 Ausschuettung(en) in 12 Monaten (halbjaehrlich), Summe 8.82 GBp
[2026-10-08 12:33:41]     -> Hinweis: hinterlegte Verschuldung 1.3 weicht vom berechneten Wert 0.03 ab - Automatik hat Vorrang.
[2026-10-08 12:33:41]     -> Hinweis: geschaetzte Quote 55% weicht +53 Prozentpunkte vom echten Wert 108.28% ab - Automatik hat Vorrang.
[2026-10-08 12:33:41]   Hole Kurs fuer KEY ...
[2026-10-08 12:33:41]     -> 4 Ausschuettung(en) in 12 Monaten (quartalsweise), Summe 0.82 USD
[2026-10-08 12:33:41]   Hole Kurs fuer CON.DE ...
[2026-10-08 12:33:42]     -> 1 Ausschuettung(en) in 12 Monaten (jaehrlich), Summe 2.7 EUR
[2026-10-08 12:33:42]     -> Quote 58.25% / Verschuldung 1.57 via stockanalysis
[2026-10-08 12:33:42]     -> Hinweis: hinterlegte Verschuldung 0.8 weicht vom berechneten Wert 1.57 ab - Automatik hat Vorrang.
[2026-10-08 12:33:42]   Hole Kurs fuer BATS.L ...
[2026-10-08 12:33:42]     -> Hinweis: hinterlegte Dividende 2.36 weicht +10232% von den tatsaechlich gezahlten 243.840006 ab - Automatik hat Vorrang.
[2026-10-08 12:33:42]     -> 4 Ausschuettung(en) in 12 Monaten (quartalsweise), Summe 243.840006 GBp
[2026-10-08 12:33:43]   Hole Kurs fuer LTC ...
[2026-10-08 12:33:43]     -> 12 Ausschuettung(en) in 12 Monaten (monatlich), Summe 2.28 USD
[2026-10-08 12:33:43]     -> Hinweis: hinterlegte Verschuldung 1.3 weicht vom berechneten Wert 0.58 ab - Automatik hat Vorrang.
[2026-10-08 12:33:43]   Hole Kurs fuer LIN ...
[2026-10-08 12:33:43]     -> 4 Ausschuettung(en) in 12 Monaten (quartalsweise), Summe 6.3 USD
[2026-10-08 12:33:43]   Hole Kurs fuer MNG.L ...
[2026-10-08 12:33:44]     -> 2 Ausschuettung(en) in 12 Monaten (halbjaehrlich), Summe 20.599999 GBp
[2026-10-08 12:33:44]   Hole Kurs fuer EC ...
[2026-10-08 12:33:44]     -> 1 Ausschuettung(en) in 12 Monaten (halbjaehrlich), Summe 0.661 USD [unvollstaendig]
[2026-10-08 12:33:44]   Hole Kurs fuer PAH3.DE ...
[2026-10-08 12:33:45]     -> 1 Ausschuettung(en) in 12 Monaten (jaehrlich), Summe 1.51 EUR
[2026-10-08 12:33:45]     -> Hinweis: hinterlegte Verschuldung 0.8 weicht vom berechneten Wert 0.19 ab - Automatik hat Vorrang.
[2026-10-08 12:33:45]     -> Hinweis: geschaetzte Quote 22.65% weicht +464 Prozentpunkte vom echten Wert 486.32% ab - Automatik hat Vorrang.
[2026-10-08 12:33:45]   Hole Kurs fuer ADP ...
[2026-10-08 12:33:45]     -> 4 Ausschuettung(en) in 12 Monaten (quartalsweise), Summe 6.8 USD
[2026-10-08 12:33:45]   Hole Kurs fuer OHI ...
[2026-10-08 12:33:46]     -> 4 Ausschuettung(en) in 12 Monaten (quartalsweise), Summe 2.69 USD
[2026-10-08 12:33:46]     -> Hinweis: hinterlegte Verschuldung 1.3 weicht vom berechneten Wert 0.71 ab - Automatik hat Vorrang.
[2026-10-08 12:33:46]   Hole Kurs fuer SAX.DE ...
[2026-10-08 12:33:46]     -> 1 Ausschuettung(en) in 12 Monaten (jaehrlich), Summe 1.85 EUR
[2026-10-08 12:33:46]     -> Hinweis: hinterlegte Verschuldung 0.8 weicht vom berechneten Wert 4.71 ab - Automatik hat Vorrang.
[2026-10-08 12:33:46]   Hole Kurs fuer VNA.DE ...
[2026-10-08 12:33:47]     -> 1 Ausschuettung(en) in 12 Monaten (jaehrlich), Summe 1.25 EUR
[2026-10-08 12:33:47]     -> Hinweis: geschaetzte Quote 51.42% weicht -24 Prozentpunkte vom echten Wert 27.42% ab - Automatik hat Vorrang.
[2026-10-08 12:33:47]   Hole Kurs fuer XY7D.DE ...
[2026-10-08 12:33:47]     -> 13 Ausschuettung(en) in 12 Monaten (monatlich), Summe 1.528404 EUR
[2026-10-08 12:33:47]   Hole Kurs fuer NLY ...
[2026-10-08 12:33:48]     -> 4 Ausschuettung(en) in 12 Monaten (quartalsweise), Summe 2.9 USD
[2026-10-08 12:33:48]     -> Hinweis: hinterlegte Verschuldung 1.3 weicht vom berechneten Wert 7.38 ab - Automatik hat Vorrang.
[2026-10-08 12:33:48]   Hole Kurs fuer ZURN.SW ...
[2026-10-08 12:33:48]     -> 1 Ausschuettung(en) in 12 Monaten (jaehrlich), Summe 30.0 CHF
[2026-10-08 12:33:48]   Hole Kurs fuer DOW ...
[2026-10-08 12:33:48]     -> 4 Ausschuettung(en) in 12 Monaten (quartalsweise), Summe 1.4 USD
[2026-10-08 12:33:48]     -> Hinweis: hinterlegte Verschuldung 0.8 weicht vom berechneten Wert 1.12 ab - Automatik hat Vorrang.
[2026-10-08 12:33:49]   Hole Kurs fuer ABT ...
[2026-10-08 12:33:49]     -> 4 Ausschuettung(en) in 12 Monaten (quartalsweise), Summe 2.48 USD
[2026-10-08 12:33:49]   Hole Kurs fuer JEIP.DE ...
[2026-10-08 12:33:49]     -> 12 Ausschuettung(en) in 12 Monaten (monatlich), Summe 1.572168 EUR
[2026-10-08 12:33:50]   Hole Kurs fuer EPR ...
[2026-10-08 12:33:50]     -> 12 Ausschuettung(en) in 12 Monaten (monatlich), Summe 3.645 USD
[2026-10-08 12:33:50]   Hole Kurs fuer GD ...
[2026-10-08 12:33:50]     -> 4 Ausschuettung(en) in 12 Monaten (quartalsweise), Summe 6.18 USD
[2026-10-08 12:33:50]   Hole Kurs fuer XOM ...
[2026-10-08 12:33:51]     -> 4 Ausschuettung(en) in 12 Monaten (quartalsweise), Summe 4.12 USD
[2026-10-08 12:33:51]   Hole Kurs fuer B7E.DE ...
[2026-10-08 12:33:51]     -> 1 Ausschuettung(en) in 12 Monaten (jaehrlich), Summe 1.6 EUR
[2026-10-08 12:33:51]     -> Hinweis: hinterlegte Verschuldung 0.8 weicht vom berechneten Wert 0.43 ab - Automatik hat Vorrang.
[2026-10-08 12:33:51]   Hole Kurs fuer GLEN.L ...
[2026-10-08 12:33:52]     -> 2 Ausschuettung(en) in 12 Monaten (halbjaehrlich), Summe 12.5647 GBp
[2026-10-08 12:33:52]   Hole Kurs fuer TGT ...
[2026-10-08 12:33:52]     -> 4 Ausschuettung(en) in 12 Monaten (quartalsweise), Summe 4.58 USD
[2026-10-08 12:33:52]   Hole Kurs fuer EVSD.DE ...
[2026-10-08 12:33:52]     -> 12 Ausschuettung(en) in 12 Monaten (monatlich), Summe 1.377 EUR
[2026-10-08 12:33:53]   Hole Kurs fuer TRN.MI ...
[2026-10-08 12:33:53]     -> 2 Ausschuettung(en) in 12 Monaten (halbjaehrlich), Summe 0.3962 EUR
[2026-10-08 12:33:53]     -> Hinweis: hinterlegte Verschuldung 1.2 weicht vom berechneten Wert 1.72 ab - Automatik hat Vorrang.
[2026-10-08 12:33:53]   Hole Kurs fuer NDA-FI.HE ...
[2026-10-08 12:33:53]     -> 2 Ausschuettung(en) in 12 Monaten (jaehrlich), Summe 1.3 EUR
[2026-10-08 12:33:53]   Hole Kurs fuer BIJ.DE ...
[2026-10-08 12:33:54]     -> 1 Ausschuettung(en) in 12 Monaten (jaehrlich), Summe 6.0 EUR
[2026-10-08 12:33:54]     -> keine Analystenabdeckung fuer BIJ.DE (Prognoseseite existiert nicht)
[2026-10-08 12:33:54]   Hole Kurs fuer 8985.T ...
[2026-10-08 12:33:54]     -> 1 Ausschuettung(en) in 12 Monaten (jaehrlich), Summe 5061.0 JPY
[2026-10-08 12:33:54]     -> Hinweis: hinterlegte Verschuldung 1.3 weicht vom berechneten Wert 0.98 ab - Automatik hat Vorrang.
[2026-10-08 12:33:55]   Hole Kurs fuer ISP.MI ...
[2026-10-08 12:33:55]     -> 2 Ausschuettung(en) in 12 Monaten (halbjaehrlich), Summe 0.376 EUR
[2026-10-08 12:33:55]   Hole Kurs fuer PM ...
[2026-10-08 12:33:55]     -> 4 Ausschuettung(en) in 12 Monaten (quartalsweise), Summe 6.01 USD
[2026-10-08 12:33:56]   Hole Kurs fuer STG.CO ...
[2026-10-08 12:33:56]     -> 1 Ausschuettung(en) in 12 Monaten (jaehrlich), Summe 4.5 DKK
[2026-10-08 12:33:56]   Hole Kurs fuer CHD ...
[2026-10-08 12:33:56]     -> 4 Ausschuettung(en) in 12 Monaten (quartalsweise), Summe 1.219 USD
[2026-10-08 12:33:56]   Hole Kurs fuer MMM ...
[2026-10-08 12:33:57]     -> 4 Ausschuettung(en) in 12 Monaten (quartalsweise), Summe 3.07 USD
[2026-10-08 12:33:57]   Hole Kurs fuer ORA.PA ...
[2026-10-08 12:33:57]     -> 2 Ausschuettung(en) in 12 Monaten (halbjaehrlich), Summe 0.75 EUR
[2026-10-08 12:33:57]   Hole Kurs fuer QDVQ.DE ...
[2026-10-08 12:33:58]     -> 4 Ausschuettung(en) in 12 Monaten (halbjaehrlich), Summe 0.332901 EUR
[2026-10-08 12:33:58]   Hole Kurs fuer ARCC ...
[2026-10-08 12:33:58]     -> 4 Ausschuettung(en) in 12 Monaten (quartalsweise), Summe 1.92 USD
[2026-10-08 12:33:58]   Hole Kurs fuer PPG ...
[2026-10-08 12:33:58]     -> 4 Ausschuettung(en) in 12 Monaten (quartalsweise), Summe 2.87 USD
[2026-10-08 12:33:59]   Hole Kurs fuer BCE ...
[2026-10-08 12:33:59]     -> 4 Ausschuettung(en) in 12 Monaten (quartalsweise), Summe 1.262 USD
[2026-10-08 12:33:59]     -> Hinweis: hinterlegte Verschuldung 0.8 weicht vom berechneten Wert 1.73 ab - Automatik hat Vorrang.
[2026-10-08 12:33:59]   Hole Kurs fuer SPGI ...
[2026-10-08 12:33:59]     -> 4 Ausschuettung(en) in 12 Monaten (quartalsweise), Summe 3.713615 USD
[2026-10-08 12:33:59]   Hole Kurs fuer CLX ...
[2026-10-08 12:34:00]     -> 4 Ausschuettung(en) in 12 Monaten (quartalsweise), Summe 4.97 USD
[2026-10-08 12:34:00]   Hole Kurs fuer WINC.DE ...
[2026-10-08 12:34:00]     -> 5 Ausschuettung(en) in 12 Monaten (quartalsweise), Summe 0.568645 EUR
[2026-10-08 12:34:00]   Hole Kurs fuer 8963.T ...
[2026-10-08 12:34:00]     -> 2 Ausschuettung(en) in 12 Monaten (halbjaehrlich), Summe 4116.0 JPY
[2026-10-08 12:34:00]     -> Hinweis: hinterlegte Verschuldung 1.3 weicht vom berechneten Wert 0.99 ab - Automatik hat Vorrang.
[2026-10-08 12:34:01]   Hole Kurs fuer GWW ...
[2026-10-08 12:34:01]     -> 4 Ausschuettung(en) in 12 Monaten (quartalsweise), Summe 9.5 USD
[2026-10-08 12:34:01]   Hole Kurs fuer DWNI.DE ...
[2026-10-08 12:34:01]     -> 1 Ausschuettung(en) in 12 Monaten (jaehrlich), Summe 0.04 EUR
[2026-10-08 12:34:01]     -> Hinweis: hinterlegte Verschuldung 1.3 weicht vom berechneten Wert 0.51 ab - Automatik hat Vorrang.
[2026-10-08 12:34:01]     -> Hinweis: geschaetzte Quote 46.17% weicht -45 Prozentpunkte vom echten Wert 1.06% ab - Automatik hat Vorrang.
[2026-10-08 12:34:01]   Hole Kurs fuer T ...
[2026-10-08 12:34:02]     -> 4 Ausschuettung(en) in 12 Monaten (quartalsweise), Summe 1.112 USD
[2026-10-08 12:34:02]   Hole Kurs fuer MB.MI ...
[2026-10-08 12:34:02]     -> 2 Ausschuettung(en) in 12 Monaten (halbjaehrlich), Summe 1.22 EUR
[2026-10-08 12:34:02]   Hole Kurs fuer MDT ...
[2026-10-08 12:34:03]     -> 4 Ausschuettung(en) in 12 Monaten (quartalsweise), Summe 2.86 USD
[2026-10-08 12:34:03]   Hole Kurs fuer KMI ...
[2026-10-08 12:34:03]     -> 4 Ausschuettung(en) in 12 Monaten (quartalsweise), Summe 1.182 USD
[2026-10-08 12:34:03]   Hole Kurs fuer CB ...
[2026-10-08 12:34:03]     -> Hinweis: hinterlegte Dividende 3.8 weicht -21% von den tatsaechlich gezahlten 3.01 ab - Automatik hat Vorrang.
[2026-10-08 12:34:03]     -> 3 Ausschuettung(en) in 12 Monaten (quartalsweise), Summe 3.01 USD [unvollstaendig]
[2026-10-08 12:34:04]   Hole Kurs fuer 7240.T ...
[2026-10-08 12:34:04]     -> 2 Ausschuettung(en) in 12 Monaten (halbjaehrlich), Summe 135.0 JPY
[2026-10-08 12:34:04]   Hole Kurs fuer ASWK.DE ...
[2026-10-08 12:34:04]     -> 11 Ausschuettung(en) in 12 Monaten (monatlich), Summe 4.961004 EUR [unvollstaendig]
[2026-10-08 12:34:04]   Hole Kurs fuer JNJ ...
[2026-10-08 12:34:05]     -> 4 Ausschuettung(en) in 12 Monaten (quartalsweise), Summe 5.28 USD
[2026-10-08 12:34:05]   Hole Kurs fuer YYYY.DE ...
[2026-10-08 12:34:05]     -> 12 Ausschuettung(en) in 12 Monaten (monatlich), Summe 9.529651 EUR
[2026-10-08 12:34:05]   Hole Kurs fuer MAIN ...
[2026-10-08 12:34:05]     -> 16 Ausschuettung(en) in 12 Monaten (monatlich), Summe 4.32 USD
[2026-10-08 12:34:06]   Hole Kurs fuer PBR ...
[2026-10-08 12:34:06]     -> 3 Ausschuettung(en) in 12 Monaten (quartalsweise), Summe 0.797 USD [unvollstaendig]
[2026-10-08 12:34:06]     -> Hinweis: hinterlegte Verschuldung 1.2 weicht vom berechneten Wert 0.76 ab - Automatik hat Vorrang.
[2026-10-08 12:34:06]   Hole Kurs fuer SY7D.DE ...
[2026-10-08 12:34:06]     -> 12 Ausschuettung(en) in 12 Monaten (monatlich), Summe 1.655107 EUR
[2026-10-08 12:34:06]   Hole Kurs fuer TRP ...
[2026-10-08 12:34:07]     -> 3 Ausschuettung(en) in 12 Monaten (quartalsweise), Summe 1.867 USD [unvollstaendig]
[2026-10-08 12:34:07]     -> Hinweis: hinterlegte Verschuldung 1.2 weicht vom berechneten Wert 1.7 ab - Automatik hat Vorrang.
[2026-10-08 12:34:07]   Hole Kurs fuer GPC ...
[2026-10-08 12:34:07]     -> 4 Ausschuettung(en) in 12 Monaten (quartalsweise), Summe 4.219 USD
[2026-10-08 12:34:07]   Hole Kurs fuer FRT ...
[2026-10-08 12:34:07]     -> 4 Ausschuettung(en) in 12 Monaten (quartalsweise), Summe 4.55 USD
[2026-10-08 12:34:08]   Hole Kurs fuer SWED-A.ST ...
[2026-10-08 12:34:08]     -> 1 Ausschuettung(en) in 12 Monaten (jaehrlich), Summe 29.8 SEK
[2026-10-08 12:34:08]     -> Hinweis: geschaetzte Quote 55% weicht +52 Prozentpunkte vom echten Wert 107.26% ab - Automatik hat Vorrang.
[2026-10-08 12:34:08]   Hole Kurs fuer HAW.DE ...
[2026-10-08 12:34:08]     -> 1 Ausschuettung(en) in 12 Monaten (jaehrlich), Summe 1.0 EUR
[2026-10-08 12:34:08]     -> keine Analystenabdeckung fuer HAW.DE (Prognoseseite existiert nicht)
[2026-10-08 12:34:09]     -> Hinweis: hinterlegte Verschuldung 0.8 weicht vom berechneten Wert 1.57 ab - Automatik hat Vorrang.
[2026-10-08 12:34:09]   Hole Kurs fuer UDHY.DE ...
[2026-10-08 12:34:09]     -> 2 Ausschuettung(en) in 12 Monaten (halbjaehrlich), Summe 0.142216 EUR
[2026-10-08 12:34:09]   Hole Kurs fuer AV.L ...
[2026-10-08 12:34:10]     -> 2 Ausschuettung(en) in 12 Monaten (halbjaehrlich), Summe 40.199999 GBp
[2026-10-08 12:34:10]     -> Hinweis: geschaetzte Quote 60% weicht +141 Prozentpunkte vom echten Wert 201.11% ab - Automatik hat Vorrang.
[2026-10-08 12:34:10]   Hole Kurs fuer MUX.DE ...
[2026-10-08 12:34:10]     -> 1 Ausschuettung(en) in 12 Monaten (jaehrlich), Summe 2.0 EUR
[2026-10-08 12:34:10]     -> Hinweis: hinterlegte Verschuldung 0.8 weicht vom berechneten Wert 2.22 ab - Automatik hat Vorrang.
[2026-10-08 12:34:10]   Hole Kurs fuer QYLE.DE ...
[2026-10-08 12:34:10]     -> 11 Ausschuettung(en) in 12 Monaten (monatlich), Summe 1.562642 EUR [unvollstaendig]
[2026-10-08 12:34:11]   Hole Kurs fuer KMB ...
[2026-10-08 12:34:11]     -> 4 Ausschuettung(en) in 12 Monaten (quartalsweise), Summe 5.1 USD
[2026-10-08 12:34:11]   Hole Kurs fuer HOT.DE ...
[2026-10-08 12:34:11]     -> 1 Ausschuettung(en) in 12 Monaten (jaehrlich), Summe 6.6 EUR
[2026-10-08 12:34:11]     -> Hinweis: hinterlegte Verschuldung 0.8 weicht vom berechneten Wert 7.16 ab - Automatik hat Vorrang.
[2026-10-08 12:34:11]   Hole Kurs fuer BDX ...
[2026-10-08 12:34:12]     -> 4 Ausschuettung(en) in 12 Monaten (quartalsweise), Summe 3.975472 USD
[2026-10-08 12:34:12]   Hole Kurs fuer M44U.SI ...
[2026-10-08 12:34:12]     -> Hinweis: hinterlegte Dividende 0.32 weicht -77% von den tatsaechlich gezahlten 0.07266 ab - Automatik hat Vorrang.
[2026-10-08 12:34:12]     -> 4 Ausschuettung(en) in 12 Monaten (quartalsweise), Summe 0.07266 SGD
[2026-10-08 12:34:12]   Hole Kurs fuer BBSE3.SA ...
[2026-10-08 12:34:13]     -> 2 Ausschuettung(en) in 12 Monaten (halbjaehrlich), Summe 4.590092 BRL
[2026-10-08 12:34:13]     -> Hinweis: geschaetzte Quote 70% weicht +26 Prozentpunkte vom echten Wert 96.09% ab - Automatik hat Vorrang.
[2026-10-08 12:34:13]   Hole Kurs fuer MFC ...
[2026-10-08 12:34:13]     -> 3 Ausschuettung(en) in 12 Monaten (quartalsweise), Summe 1.058 USD [unvollstaendig]
[2026-10-08 12:34:13]     -> keine Analystenabdeckung fuer MFC (Prognoseseite existiert nicht)
[2026-10-08 12:34:14]   Hole Kurs fuer ENB ...
[2026-10-08 12:34:14]     -> Hinweis: hinterlegte Dividende 3.55 weicht -40% von den tatsaechlich gezahlten 2.115 ab - Automatik hat Vorrang.
[2026-10-08 12:34:14]     -> 3 Ausschuettung(en) in 12 Monaten (quartalsweise), Summe 2.115 USD [unvollstaendig]
[2026-10-08 12:34:14]   Hole Kurs fuer 5938.T ...
[2026-10-08 12:34:14]     -> 2 Ausschuettung(en) in 12 Monaten (halbjaehrlich), Summe 90.0 JPY
[2026-10-08 12:34:14]     -> Hinweis: geschaetzte Quote 35% weicht +432 Prozentpunkte vom echten Wert 466.55% ab - Automatik hat Vorrang.
[2026-10-08 12:34:15]   Hole Kurs fuer SMLD.DE ...
[2026-10-08 12:34:15]     -> 4 Ausschuettung(en) in 12 Monaten (quartalsweise), Summe 3.852161 EUR
[2026-10-08 12:34:15]   Hole Kurs fuer PWO.DE ...
[2026-10-08 12:34:15]     -> 1 Ausschuettung(en) in 12 Monaten (jaehrlich), Summe 1.65 EUR
[2026-10-08 12:34:15]     -> keine Analystenabdeckung fuer PWO.DE (Prognoseseite existiert nicht)
[2026-10-08 12:34:16]   Hole Kurs fuer LEI.DE ...
[2026-10-08 12:34:16]     -> 1 Ausschuettung(en) in 12 Monaten (jaehrlich), Summe 1.2 EUR
[2026-10-08 12:34:16]   Hole Kurs fuer XUHY.DE ...
[2026-10-08 12:34:17]     -> 4 Ausschuettung(en) in 12 Monaten (quartalsweise), Summe 0.750012 EUR
[2026-10-08 12:34:17]   Hole Kurs fuer LGEN.L ...
[2026-10-08 12:34:17]     -> 2 Ausschuettung(en) in 12 Monaten (halbjaehrlich), Summe 21.91 GBp
[2026-10-08 12:34:17]     -> Hinweis: geschaetzte Quote 150% weicht -91 Prozentpunkte vom echten Wert 59.24% ab - Automatik hat Vorrang.
[2026-10-08 12:34:17]   Hole Kurs fuer TTE.PA ...
[2026-10-08 12:34:17]     -> 4 Ausschuettung(en) in 12 Monaten (quartalsweise), Summe 3.45 EUR
[2026-10-08 12:34:17]     -> Hinweis: hinterlegte Verschuldung 1.2 weicht vom berechneten Wert 0.48 ab - Automatik hat Vorrang.
[2026-10-08 12:34:17]     -> Hinweis: geschaetzte Quote 70.14% weicht -20 Prozentpunkte vom echten Wert 50.09% ab - Automatik hat Vorrang.
[2026-10-08 12:34:18]   Hole Kurs fuer XAT1.DE ...
[2026-10-08 12:34:18]     -> 4 Ausschuettung(en) in 12 Monaten (quartalsweise), Summe 0.9842 EUR
[2026-10-08 12:34:18]   Hole Kurs fuer 8616.T ...
[2026-10-08 12:34:18]     -> 2 Ausschuettung(en) in 12 Monaten (halbjaehrlich), Summe 53.0 JPY
[2026-10-08 12:34:19]     -> keine Analystenabdeckung fuer 8616.T (Prognoseseite existiert nicht)
[2026-10-08 12:34:19]   Hole Kurs fuer IS0Q.DE ...
[2026-10-08 12:34:19]     -> 4 Ausschuettung(en) in 12 Monaten (halbjaehrlich), Summe 5.458615 EUR
[2026-10-08 12:34:20]   Hole Kurs fuer SYY ...
[2026-10-08 12:34:20]     -> 4 Ausschuettung(en) in 12 Monaten (quartalsweise), Summe 2.18 USD
[2026-10-08 12:34:20]   Hole Kurs fuer AFL ...
[2026-10-08 12:34:20]     -> 4 Ausschuettung(en) in 12 Monaten (quartalsweise), Summe 2.41 USD
[2026-10-08 12:34:20]   Hole Kurs fuer 0010.HK ...
[2026-10-08 12:34:21]     -> 2 Ausschuettung(en) in 12 Monaten (halbjaehrlich), Summe 0.86 HKD
[2026-10-08 12:34:21]     -> keine Analystenabdeckung fuer 0010.HK (Prognoseseite existiert nicht)
[2026-10-08 12:34:21]     -> Hinweis: hinterlegte Verschuldung 1.3 weicht vom berechneten Wert 0.35 ab - Automatik hat Vorrang.
[2026-10-08 12:34:21]     -> Hinweis: geschaetzte Quote 65% weicht +18 Prozentpunkte vom echten Wert 82.52% ab - Automatik hat Vorrang.
[2026-10-08 12:34:21]   Hole Kurs fuer EPD ...
[2026-10-08 12:34:22]     -> 4 Ausschuettung(en) in 12 Monaten (quartalsweise), Summe 2.205 USD
[2026-10-08 12:34:22]   Hole Kurs fuer ELE.MC ...
[2026-10-08 12:34:22]     -> 2 Ausschuettung(en) in 12 Monaten (halbjaehrlich), Summe 1.584 EUR
[2026-10-08 12:34:22]     -> Hinweis: geschaetzte Quote 75% weicht -23 Prozentpunkte vom echten Wert 52.49% ab - Automatik hat Vorrang.
[2026-10-08 12:34:22]   Hole Kurs fuer IBC2.DE ...
[2026-10-08 12:34:22]     -> 4 Ausschuettung(en) in 12 Monaten (halbjaehrlich), Summe 0.3018 EUR
[2026-10-08 12:34:22]   Hole Kurs fuer TFC ...
[2026-10-08 12:34:23]     -> 4 Ausschuettung(en) in 12 Monaten (quartalsweise), Summe 2.08 USD
[2026-10-08 12:34:23]   Hole Kurs fuer NG.L ...
[2026-10-08 12:34:23]     -> Hinweis: hinterlegte Dividende 0.52 weicht +9225% von den tatsaechlich gezahlten 48.49 ab - Automatik hat Vorrang.
[2026-10-08 12:34:23]     -> 2 Ausschuettung(en) in 12 Monaten (halbjaehrlich), Summe 48.49 GBp
[2026-10-08 12:34:23]   Hole Kurs fuer 0857.HK ...
[2026-10-08 12:34:24]     -> Hinweis: hinterlegte Dividende 0.35 weicht +68% von den tatsaechlich gezahlten 0.58777 ab - Automatik hat Vorrang.
[2026-10-08 12:34:24]     -> 2 Ausschuettung(en) in 12 Monaten (halbjaehrlich), Summe 0.58777 HKD
[2026-10-08 12:34:24]   Hole Kurs fuer 8960.T ...
[2026-10-08 12:34:24]     -> 2 Ausschuettung(en) in 12 Monaten (halbjaehrlich), Summe 8734.0 JPY
[2026-10-08 12:34:24]     -> Hinweis: hinterlegte Verschuldung 1.3 weicht vom berechneten Wert 0.88 ab - Automatik hat Vorrang.
[2026-10-08 12:34:24]   Hole Kurs fuer CAT ...
[2026-10-08 12:34:24]     -> 4 Ausschuettung(en) in 12 Monaten (quartalsweise), Summe 6.16 USD
[2026-10-08 12:34:25]   Hole Kurs fuer MUV2.DE ...
[2026-10-08 12:34:25]     -> 1 Ausschuettung(en) in 12 Monaten (jaehrlich), Summe 24.0 EUR
[2026-10-08 12:34:25]   Hole Kurs fuer BCH ...
[2026-10-08 12:34:25]     -> 1 Ausschuettung(en) in 12 Monaten (jaehrlich), Summe 2.183 USD
[2026-10-08 12:34:25]   Hole Kurs fuer OKE ...
[2026-10-08 12:34:26]     -> 4 Ausschuettung(en) in 12 Monaten (quartalsweise), Summe 4.24 USD
[2026-10-08 12:34:26]   Hole Kurs fuer IBCA.DE ...
[2026-10-08 12:34:26]     -> 2 Ausschuettung(en) in 12 Monaten (halbjaehrlich), Summe 3.024 EUR
[2026-10-08 12:34:26]   Hole Kurs fuer PG ...
[2026-10-08 12:34:27]     -> 4 Ausschuettung(en) in 12 Monaten (quartalsweise), Summe 4.292 USD
[2026-10-08 12:34:27]   Hole Kurs fuer ABBV ...
[2026-10-08 12:34:27]     -> 4 Ausschuettung(en) in 12 Monaten (quartalsweise), Summe 6.83 USD
[2026-10-08 12:34:27]   Hole Kurs fuer ALV.DE ...
[2026-10-08 12:34:27]     -> 1 Ausschuettung(en) in 12 Monaten (jaehrlich), Summe 17.1 EUR
[2026-10-08 12:34:28]   Hole Kurs fuer UCG.MI ...
[2026-10-08 12:34:28]     -> 2 Ausschuettung(en) in 12 Monaten (jaehrlich), Summe 3.149 EUR
[2026-10-08 12:34:28]   Hole Kurs fuer WSU.DE ...
[2026-10-08 12:34:28]     -> 1 Ausschuettung(en) in 12 Monaten (jaehrlich), Summe 2.5 EUR
[2026-10-08 12:34:28]     -> Hinweis: hinterlegte Verschuldung 0.8 weicht vom berechneten Wert 1.59 ab - Automatik hat Vorrang.
[2026-10-08 12:34:28]   Hole Kurs fuer DUK ...
[2026-10-08 12:34:29]     -> 4 Ausschuettung(en) in 12 Monaten (quartalsweise), Summe 4.28 USD
[2026-10-08 12:34:29]   Hole Kurs fuer 36B1.DE ...
[2026-10-08 12:34:29]     -> 4 Ausschuettung(en) in 12 Monaten (halbjaehrlich), Summe 0.270085 EUR
[2026-10-08 12:34:29]   Hole Kurs fuer FNTN.DE ...
[2026-10-08 12:34:29]     -> 1 Ausschuettung(en) in 12 Monaten (jaehrlich), Summe 2.07 EUR
[2026-10-08 12:34:30]     -> Quote 100.46% / Verschuldung 0.61 via stockanalysis
[2026-10-08 12:34:30]   Hole Kurs fuer IBE.MC ...
[2026-10-08 12:34:30]     -> 3 Ausschuettung(en) in 12 Monaten (quartalsweise), Summe 0.685 EUR [unvollstaendig]
[2026-10-08 12:34:31]   Hole Kurs fuer 8395.T ...
[2026-10-08 12:34:31]     -> 2 Ausschuettung(en) in 12 Monaten (halbjaehrlich), Summe 115.0 JPY
[2026-10-08 12:34:31]     -> stockanalysis: weder Quote noch Verschuldung fuer 8395.T gefunden (Seite erreichbar, Layout evtl. geaendert)
[2026-10-08 12:34:31]     -> keine Analystenabdeckung fuer 8395.T (Prognoseseite existiert nicht)
[2026-10-08 12:34:32]   Hole Kurs fuer 030000.KS ...
[2026-10-08 12:34:32]     -> 1 Ausschuettung(en) in 12 Monaten (jaehrlich), Summe 1230.0 KRW
[2026-10-08 12:34:32]     -> Hinweis: hinterlegte Verschuldung 0.8 weicht vom berechneten Wert 0.2 ab - Automatik hat Vorrang.
[2026-10-08 12:34:32]   Hole Kurs fuer BBAS3.SA ...
[2026-10-08 12:34:33]     -> 6 Ausschuettung(en) in 12 Monaten (quartalsweise), Summe 0.654951 BRL
[2026-10-08 12:34:33]   Hole Kurs fuer 11ZN.MU ...
[2026-10-08 12:34:33]     -> 12 Ausschuettung(en) in 12 Monaten (monatlich), Summe 1.517333 EUR
[2026-10-08 12:34:33]     -> keine stockanalysis-Adresse fuer ETF 11ZN.MU
[2026-10-08 12:34:33]   Hole Kurs fuer DGE.L ...
[2026-10-08 12:34:34]     -> Hinweis: hinterlegte Dividende 0.825 weicht +7542% von den tatsaechlich gezahlten 63.049199 ab - Automatik hat Vorrang.
[2026-10-08 12:34:34]     -> 2 Ausschuettung(en) in 12 Monaten (halbjaehrlich), Summe 63.049199 GBp
[2026-10-08 12:34:34]   Hole Kurs fuer HNR1.DE ...
[2026-10-08 12:34:34]     -> 1 Ausschuettung(en) in 12 Monaten (jaehrlich), Summe 12.5 EUR
[2026-10-08 12:34:34]   Hole Kurs fuer 9364.T ...
[2026-10-08 12:34:34]     -> 2 Ausschuettung(en) in 12 Monaten (halbjaehrlich), Summe 215.0 JPY
[2026-10-08 12:34:34]     -> Hinweis: hinterlegte Verschuldung 0.8 weicht vom berechneten Wert 0.15 ab - Automatik hat Vorrang.
[2026-10-08 12:34:35]   Hole Kurs fuer WMT ...
[2026-10-08 12:34:35]     -> 4 Ausschuettung(en) in 12 Monaten (quartalsweise), Summe 0.979 USD
[2026-10-08 12:34:35]   Hole Kurs fuer CS.PA ...
[2026-10-08 12:34:35]     -> 1 Ausschuettung(en) in 12 Monaten (jaehrlich), Summe 2.32 EUR
[2026-10-08 12:34:35]   Hole Kurs fuer ED ...
[2026-10-08 12:34:36]     -> 4 Ausschuettung(en) in 12 Monaten (quartalsweise), Summe 3.514 USD
[2026-10-08 12:34:36]   Hole Kurs fuer RO.SW ...
[2026-10-08 12:34:36]     -> 1 Ausschuettung(en) in 12 Monaten (jaehrlich), Summe 10.799 CHF
[2026-10-08 12:34:36]     -> stockanalysis: HTTP 404 fuer RO.SW (https://stockanalysis.com/quote/swx/RO/statistics/)
[2026-10-08 12:34:37]     -> keine Analystenabdeckung fuer RO.SW (Prognoseseite existiert nicht)
[2026-10-08 12:34:37]   Hole Kurs fuer EMR ...
[2026-10-08 12:34:38]     -> 4 Ausschuettung(en) in 12 Monaten (quartalsweise), Summe 2.22 USD
[2026-10-08 12:34:38]   Hole Kurs fuer SREN.SW ...
[2026-10-08 12:34:38]     -> 1 Ausschuettung(en) in 12 Monaten (jaehrlich), Summe 6.66616 CHF
[2026-10-08 12:34:38]   Hole Kurs fuer CPFE3.SA ...
[2026-10-08 12:34:39]     -> 1 Ausschuettung(en) in 12 Monaten (jaehrlich), Summe 3.731536 BRL
[2026-10-08 12:34:39]     -> Hinweis: hinterlegte Verschuldung 1.2 weicht vom berechneten Wert 1.55 ab - Automatik hat Vorrang.
[2026-10-08 12:34:39]     -> Hinweis: geschaetzte Quote 65% weicht -25 Prozentpunkte vom echten Wert 39.97% ab - Automatik hat Vorrang.
[2026-10-08 12:34:39]   Hole Kurs fuer TROW ...
[2026-10-08 12:34:39]     -> 4 Ausschuettung(en) in 12 Monaten (quartalsweise), Summe 5.17 USD
[2026-10-08 12:34:39]   Hole Kurs fuer CVX ...
[2026-10-08 12:34:39]     -> 4 Ausschuettung(en) in 12 Monaten (quartalsweise), Summe 7.05 USD
[2026-10-08 12:34:40]   Hole Kurs fuer DTG.DE ...
[2026-10-08 12:34:40]     -> 1 Ausschuettung(en) in 12 Monaten (jaehrlich), Summe 1.9 EUR
[2026-10-08 12:34:40]     -> Hinweis: hinterlegte Verschuldung 0.8 weicht vom berechneten Wert 1.27 ab - Automatik hat Vorrang.
[2026-10-08 12:34:40]     -> Hinweis: geschaetzte Quote 100% weicht -43 Prozentpunkte vom echten Wert 56.87% ab - Automatik hat Vorrang.
[2026-10-08 12:34:40]   Hole Kurs fuer SYBK.DE ...
[2026-10-08 12:34:40]     -> 2 Ausschuettung(en) in 12 Monaten (halbjaehrlich), Summe 2.46725 EUR
[2026-10-08 12:34:40]   Hole Kurs fuer DOC ...
[2026-10-08 12:34:41]     -> Hinweis: hinterlegte Dividende 0.92 weicht +33% von den tatsaechlich gezahlten 1.224 ab - Automatik hat Vorrang.
[2026-10-08 12:34:41]     -> 12 Ausschuettung(en) in 12 Monaten (quartalsweise), Summe 1.224 USD
[2026-10-08 12:34:41]   Hole Kurs fuer SIX2.DE ...
[2026-10-08 12:34:41]     -> 1 Ausschuettung(en) in 12 Monaten (jaehrlich), Summe 3.2 EUR
[2026-10-08 12:34:41]     -> Hinweis: hinterlegte Verschuldung 0.8 weicht vom berechneten Wert 2.12 ab - Automatik hat Vorrang.
[2026-10-08 12:34:41]   Hole Kurs fuer IS3K.DE ...
[2026-10-08 12:34:41]     -> 4 Ausschuettung(en) in 12 Monaten (halbjaehrlich), Summe 6.238143 EUR
[2026-10-08 12:34:42]   Hole Kurs fuer 4183.T ...
[2026-10-08 12:34:42]     -> 2 Ausschuettung(en) in 12 Monaten (halbjaehrlich), Summe 75.0 JPY
[2026-10-08 12:34:42]   Hole Kurs fuer ADM ...
[2026-10-08 12:34:42]     -> 4 Ausschuettung(en) in 12 Monaten (quartalsweise), Summe 2.07 USD
[2026-10-08 12:34:42]   Hole Kurs fuer ME8U.SI ...
[2026-10-08 12:34:43]     -> Hinweis: hinterlegte Dividende 0.54 weicht -77% von den tatsaechlich gezahlten 0.1255 ab - Automatik hat Vorrang.
[2026-10-08 12:34:43]     -> 4 Ausschuettung(en) in 12 Monaten (quartalsweise), Summe 0.1255 SGD
[2026-10-08 12:34:43]   Hole Kurs fuer SO ...
[2026-10-08 12:34:43]     -> 4 Ausschuettung(en) in 12 Monaten (quartalsweise), Summe 3.0 USD
[2026-10-08 12:34:43]   Hole Kurs fuer BIP ...
[2026-10-08 12:34:43]     -> Hinweis: hinterlegte Dividende 1.84 weicht -26% von den tatsaechlich gezahlten 1.365 ab - Automatik hat Vorrang.
[2026-10-08 12:34:43]     -> 3 Ausschuettung(en) in 12 Monaten (quartalsweise), Summe 1.365 USD [unvollstaendig]
[2026-10-08 12:34:43]     -> Hinweis: hinterlegte Verschuldung 1.2 weicht vom berechneten Wert 2.05 ab - Automatik hat Vorrang.
[2026-10-08 12:34:43]     -> Hinweis: geschaetzte Quote 190% weicht +102 Prozentpunkte vom echten Wert 291.87% ab - Automatik hat Vorrang.
[2026-10-08 12:34:44]   Hole Kurs fuer FAHY.DE ...
[2026-10-08 12:34:44]     -> 4 Ausschuettung(en) in 12 Monaten (quartalsweise), Summe 1.208557 EUR
[2026-10-08 12:34:44]   Hole Kurs fuer WCH.DE ...
[2026-10-08 12:34:44]     -> 0 Ausschuettung(en) in 12 Monaten (jaehrlich), Summe None EUR [unvollstaendig]
[2026-10-08 12:34:44]     -> WARNUNG: weder Boersen-Ausschuettungen noch dividend_per_share verfuegbar - Rendite 2.6% ist ein EINGEFRORENER Startwert (Stand 2026-08), NICHT tagesaktuell.
[2026-10-08 12:34:44]     -> Quote None% / Verschuldung 0.55 via stockanalysis
[2026-10-08 12:34:45]   Hole Kurs fuer MO ...
[2026-10-08 12:34:45]     -> 4 Ausschuettung(en) in 12 Monaten (quartalsweise), Summe 4.29 USD
[2026-10-08 12:34:45]     -> Hinweis: geschaetzte Quote 78% weicht +16 Prozentpunkte vom echten Wert 93.55% ab - Automatik hat Vorrang.
[2026-10-08 12:34:46]   Hole Kurs fuer CTAS ...
[2026-10-08 12:34:46]     -> Hinweis: hinterlegte Dividende 6.2 weicht -70% von den tatsaechlich gezahlten 1.87 ab - Automatik hat Vorrang.
[2026-10-08 12:34:46]     -> 4 Ausschuettung(en) in 12 Monaten (quartalsweise), Summe 1.87 USD
[2026-10-08 12:34:46]   Hole Kurs fuer TU ...
[2026-10-08 12:34:46]     -> 3 Ausschuettung(en) in 12 Monaten (quartalsweise), Summe 0.744 USD [unvollstaendig]
[2026-10-08 12:34:46]     -> Hinweis: hinterlegte Verschuldung 0.8 weicht vom berechneten Wert 2.24 ab - Automatik hat Vorrang.
[2026-10-08 12:34:47]   Hole Kurs fuer VZ ...
[2026-10-08 12:34:47]     -> 4 Ausschuettung(en) in 12 Monaten (quartalsweise), Summe 2.796 USD
[2026-10-08 12:34:47]   Hole Kurs fuer SHEL.L ...
[2026-10-08 12:34:47]     -> Hinweis: hinterlegte Dividende 0.86 weicht +13019% von den tatsaechlich gezahlten 112.819997 ab - Automatik hat Vorrang.
[2026-10-08 12:34:47]     -> 4 Ausschuettung(en) in 12 Monaten (quartalsweise), Summe 112.819997 GBp
[2026-10-08 12:34:47]   Hole Kurs fuer DEQ.DE ...
[2026-10-08 12:34:48]     -> 1 Ausschuettung(en) in 12 Monaten (jaehrlich), Summe 1.0 EUR
[2026-10-08 12:34:48]     -> Hinweis: hinterlegte Verschuldung 1.3 weicht vom berechneten Wert 0.97 ab - Automatik hat Vorrang.
[2026-10-08 12:34:48]     -> Hinweis: geschaetzte Quote 69.25% weicht +58 Prozentpunkte vom echten Wert 127.72% ab - Automatik hat Vorrang.
[2026-10-08 12:34:48]   Hole Kurs fuer NWX.DE ...
[2026-10-08 12:34:48]   Yahoo-Fehler bei NWX.DE: HTTP 404, Antwort-Anfang: b'{"chart":{"result":null,"error":{"code":"Not Found","description":"No data found, symbol may be delisted"}}}'
[2026-10-08 12:34:48]   Twelve Data (Kursverlauf)-Fehler (HTTP 404) bei time_series: b'{"code":404,"message":"**symbol** or **figi** parameter is missing or invalid. Please provide a valid symbol according to API documentation: https://t'
[2026-10-08 12:34:48]   Twelve Data (Kursverlauf) lieferte keine verwertbaren Daten fuer NWX:XETRA
[2026-10-08 12:34:49]   Stooq lieferte keine verwertbaren Kursdaten fuer nwx.de (HTTP 200), Antwort-Anfang: '<!DOCTYPE html><html><head><meta charset="utf-8"><meta name="robots" content="noindex,nofollow"></head><body><noscript>This site requires JavaScript t'
[2026-10-08 12:34:49]     -> kein Kurs erhalten (Yahoo/Twelve Data/Stooq scheiterten alle) - zeige NWX.DE trotzdem mit den Stammdaten, aber OHNE (veralteten) Kurs an.
[2026-10-08 12:34:49]     -> WARNUNG: weder Boersen-Ausschuettungen noch dividend_per_share verfuegbar - Rendite 6% ist ein EINGEFRORENER Startwert (Stand 2026-08), NICHT tagesaktuell.
[2026-10-08 12:34:49]     -> stockanalysis: HTTP 404 fuer NWX.DE (https://stockanalysis.com/quote/etr/NWX/statistics/)
[2026-10-08 12:34:49]     -> keine Analystenabdeckung fuer NWX.DE (Prognoseseite existiert nicht)
[2026-10-08 12:34:50]   Hole Kurs fuer HABA.DE ...
[2026-10-08 12:34:50]     -> 1 Ausschuettung(en) in 12 Monaten (jaehrlich), Summe 0.39 EUR
[2026-10-08 12:34:50]     -> Hinweis: hinterlegte Verschuldung 1.3 weicht vom berechneten Wert 1.86 ab - Automatik hat Vorrang.
[2026-10-08 12:34:50]     -> Hinweis: geschaetzte Quote 200% weicht -145 Prozentpunkte vom echten Wert 55.22% ab - Automatik hat Vorrang.
[2026-10-08 12:34:51]   Hole Kurs fuer EDL.DE ...
[2026-10-08 12:34:51]     -> 1 Ausschuettung(en) in 12 Monaten (jaehrlich), Summe 0.3 EUR
[2026-10-08 12:34:51]     -> keine Analystenabdeckung fuer EDL.DE (Prognoseseite existiert nicht)
[2026-10-08 12:34:51]     -> Hinweis: hinterlegte Verschuldung 0.8 weicht vom berechneten Wert 1.42 ab - Automatik hat Vorrang.
[2026-10-08 12:34:52]   Hole Kurs fuer MBG.DE ...
[2026-10-08 12:34:52]     -> 1 Ausschuettung(en) in 12 Monaten (jaehrlich), Summe 3.5 EUR
[2026-10-08 12:34:52]     -> Hinweis: hinterlegte Verschuldung 0.8 weicht vom berechneten Wert 1.1 ab - Automatik hat Vorrang.
[2026-10-08 12:34:52]   Hole Kurs fuer DX ...
[2026-10-08 12:34:52]     -> 12 Ausschuettung(en) in 12 Monaten (monatlich), Summe 2.04 USD
[2026-10-08 12:34:52]   Hole Kurs fuer JST.DE ...
[2026-10-08 12:34:53]     -> 1 Ausschuettung(en) in 12 Monaten (jaehrlich), Summe 1.5 EUR
[2026-10-08 12:34:53]     -> Hinweis: hinterlegte Verschuldung 0.8 weicht vom berechneten Wert 1.4 ab - Automatik hat Vorrang.
[2026-10-08 12:34:53]   Hole Kurs fuer NUE ...
[2026-10-08 12:34:53]     -> 4 Ausschuettung(en) in 12 Monaten (quartalsweise), Summe 2.24 USD
[2026-10-08 12:34:53]   Hole Kurs fuer LYB ...
[2026-10-08 12:34:53]     -> 4 Ausschuettung(en) in 12 Monaten (quartalsweise), Summe 3.44 USD
[2026-10-08 12:34:53]     -> Hinweis: hinterlegte Verschuldung 0.8 weicht vom berechneten Wert 1.33 ab - Automatik hat Vorrang.
[2026-10-08 12:34:54]   Hole Kurs fuer ENEL.MI ...
[2026-10-08 12:34:54]     -> 2 Ausschuettung(en) in 12 Monaten (halbjaehrlich), Summe 0.49 EUR
[2026-10-08 12:34:54]   Hole Kurs fuer SDF.DE ...
[2026-10-08 12:34:54]     -> 1 Ausschuettung(en) in 12 Monaten (jaehrlich), Summe 0.07 EUR
[2026-10-08 12:34:54]   Hole Kurs fuer HRL ...
[2026-10-08 12:34:55]     -> 4 Ausschuettung(en) in 12 Monaten (quartalsweise), Summe 1.169 USD
[2026-10-08 12:34:55]   Hole Kurs fuer VOD.L ...
[2026-10-08 12:34:55]     -> Hinweis: hinterlegte Dividende 0.09 weicht +4292% von den tatsaechlich gezahlten 3.953112 ab - Automatik hat Vorrang.
[2026-10-08 12:34:55]     -> 2 Ausschuettung(en) in 12 Monaten (halbjaehrlich), Summe 3.953112 GBp
[2026-10-08 12:34:55]   Hole Kurs fuer JEQP.DE ...
[2026-10-08 12:34:55]     -> 12 Ausschuettung(en) in 12 Monaten (monatlich), Summe 2.523495 EUR
[2026-10-08 12:34:56]   Hole Kurs fuer TRYG.CO ...
[2026-10-08 12:34:56]     -> 4 Ausschuettung(en) in 12 Monaten (quartalsweise), Summe 8.4 DKK
[2026-10-08 12:34:56]   Hole Kurs fuer SJM ...
[2026-10-08 12:34:56]     -> 4 Ausschuettung(en) in 12 Monaten (quartalsweise), Summe 4.42 USD
[2026-10-08 12:34:56]   Hole Kurs fuer DOV ...
[2026-10-08 12:34:57]     -> 4 Ausschuettung(en) in 12 Monaten (quartalsweise), Summe 2.085 USD
[2026-10-08 12:34:57]   Hole Kurs fuer SAN.PA ...
[2026-10-08 12:34:57]     -> 1 Ausschuettung(en) in 12 Monaten (jaehrlich), Summe 4.12 EUR
[2026-10-08 12:34:57]   Hole Kurs fuer AGS.BR ...
[2026-10-08 12:34:57]     -> 2 Ausschuettung(en) in 12 Monaten (halbjaehrlich), Summe 3.75 EUR
[2026-10-08 12:34:58]   Hole Kurs fuer ULVR.L ...
[2026-10-08 12:34:58]     -> Hinweis: hinterlegte Dividende 1.72 weicht +9492% von den tatsaechlich gezahlten 164.990002 ab - Automatik hat Vorrang.
[2026-10-08 12:34:58]     -> 4 Ausschuettung(en) in 12 Monaten (quartalsweise), Summe 164.990002 GBp
[2026-10-08 12:34:58]   Hole Kurs fuer GUHY.DE ...
[2026-10-08 12:34:58]     -> 2 Ausschuettung(en) in 12 Monaten (halbjaehrlich), Summe 2.693664 EUR
[2026-10-08 12:34:58]   Hole Kurs fuer LEG.DE ...
[2026-10-08 12:34:59]     -> 1 Ausschuettung(en) in 12 Monaten (jaehrlich), Summe 2.92 EUR
[2026-10-08 12:34:59]   Hole Kurs fuer BAS.DE ...
[2026-10-08 12:34:59]     -> Hinweis: hinterlegte Dividende 3.4 weicht -34% von den tatsaechlich gezahlten 2.25 ab - Automatik hat Vorrang.
[2026-10-08 12:34:59]     -> 1 Ausschuettung(en) in 12 Monaten (jaehrlich), Summe 2.25 EUR
[2026-10-08 12:34:59]   Hole Kurs fuer UIMB.DE ...
[2026-10-08 12:34:59]     -> 2 Ausschuettung(en) in 12 Monaten (halbjaehrlich), Summe 0.577284 EUR
[2026-10-08 12:35:00]   Hole Kurs fuer ESS ...
[2026-10-08 12:35:00]     -> 4 Ausschuettung(en) in 12 Monaten (quartalsweise), Summe 10.34 USD
[2026-10-08 12:35:00] Anreicherung (News/Analysten-Grades) fuer 30 Top-Kandidaten + Depot (von 115 qualifizierten) ...
[2026-10-08 12:35:00]   FMP-Fehler (HTTP 402) bei news/stock: b'Restricted Endpoint: This endpoint is not available under your current subscription please visit our subscription page to upgrade your plan at https:/'
[2026-10-08 12:35:01]   Finnhub (News)-Fehler (HTTP 403) bei company-news: b'{"error":"You don\'t have access to this resource."}'
[2026-10-08 12:35:01]   FMP-Fehler (HTTP 402) bei grades: b"Premium Query Parameter: 'Special Endpoint : This value set for 'symbol' is not available under your current subscription please visit our subscriptio"
[2026-10-08 12:35:01]   Finnhub (Empfehlungen)-Fehler (HTTP 403) bei stock/recommendation: b'{"error":"You don\'t have access to this resource."}'
[2026-10-08 12:35:01]   FMP-Fehler (HTTP 402) bei news/stock: b'Restricted Endpoint: This endpoint is not available under your current subscription please visit our subscription page to upgrade your plan at https:/'
[2026-10-08 12:35:01]   Finnhub (News)-Fehler (HTTP 403) bei company-news: b'{"error":"You don\'t have access to this resource."}'
[2026-10-08 12:35:02]   FMP-Fehler (HTTP 402) bei grades: b"Premium Query Parameter: 'Special Endpoint : This value set for 'symbol' is not available under your current subscription please visit our subscriptio"
[2026-10-08 12:35:02]   Finnhub (Empfehlungen)-Fehler (HTTP 403) bei stock/recommendation: b'{"error":"You don\'t have access to this resource."}'
[2026-10-08 12:35:02]   FMP-Fehler (HTTP 402) bei news/stock: b'Restricted Endpoint: This endpoint is not available under your current subscription please visit our subscription page to upgrade your plan at https:/'
[2026-10-08 12:35:02]   Finnhub (News)-Fehler (HTTP 403) bei company-news: b'{"error":"You don\'t have access to this resource."}'
[2026-10-08 12:35:03]   FMP-Fehler (HTTP 402) bei grades: b"Premium Query Parameter: 'Special Endpoint : This value set for 'symbol' is not available under your current subscription please visit our subscriptio"
[2026-10-08 12:35:03]   Finnhub (Empfehlungen)-Fehler (HTTP 403) bei stock/recommendation: b'{"error":"You don\'t have access to this resource."}'
[2026-10-08 12:35:03]   FMP-Fehler (HTTP 402) bei news/stock: b'Restricted Endpoint: This endpoint is not available under your current subscription please visit our subscription page to upgrade your plan at https:/'
[2026-10-08 12:35:03]   Finnhub (News)-Fehler (HTTP 403) bei company-news: b'{"error":"You don\'t have access to this resource."}'
[2026-10-08 12:35:03]   FMP-Fehler (HTTP 402) bei grades: b"Premium Query Parameter: 'Special Endpoint : This value set for 'symbol' is not available under your current subscription please visit our subscriptio"
[2026-10-08 12:35:04]   Finnhub (Empfehlungen)-Fehler (HTTP 403) bei stock/recommendation: b'{"error":"You don\'t have access to this resource."}'
[2026-10-08 12:35:04]   FMP-Fehler (HTTP 402) bei news/stock: b'Restricted Endpoint: This endpoint is not available under your current subscription please visit our subscription page to upgrade your plan at https:/'
[2026-10-08 12:35:04]   Finnhub (News)-Fehler (HTTP 403) bei company-news: b'{"error":"You don\'t have access to this resource."}'
[2026-10-08 12:35:04]   FMP-Fehler (HTTP 402) bei grades: b"Premium Query Parameter: 'Special Endpoint : This value set for 'symbol' is not available under your current subscription please visit our subscriptio"
[2026-10-08 12:35:04]   Finnhub (Empfehlungen)-Fehler (HTTP 403) bei stock/recommendation: b'{"error":"You don\'t have access to this resource."}'
[2026-10-08 12:35:05]   FMP-Fehler (HTTP 402) bei news/stock: b'Restricted Endpoint: This endpoint is not available under your current subscription please visit our subscription page to upgrade your plan at https:/'
[2026-10-08 12:35:05]   Finnhub (News)-Fehler (HTTP 403) bei company-news: b'{"error":"You don\'t have access to this resource."}'
[2026-10-08 12:35:05]   FMP-Fehler (HTTP 402) bei grades: b"Premium Query Parameter: 'Special Endpoint : This value set for 'symbol' is not available under your current subscription please visit our subscriptio"
[2026-10-08 12:35:05]   Finnhub (Empfehlungen)-Fehler (HTTP 403) bei stock/recommendation: b'{"error":"You don\'t have access to this resource."}'
[2026-10-08 12:35:06]   FMP-Fehler (HTTP 402) bei news/stock: b'Restricted Endpoint: This endpoint is not available under your current subscription please visit our subscription page to upgrade your plan at https:/'
[2026-10-08 12:35:06]   Finnhub (News)-Fehler (HTTP 403) bei company-news: b'{"error":"You don\'t have access to this resource."}'
[2026-10-08 12:35:06]   FMP-Fehler (HTTP 402) bei grades: b"Premium Query Parameter: 'Special Endpoint : This value set for 'symbol' is not available under your current subscription please visit our subscriptio"
[2026-10-08 12:35:06]   Finnhub (Empfehlungen)-Fehler (HTTP 403) bei stock/recommendation: b'{"error":"You don\'t have access to this resource."}'
[2026-10-08 12:35:06]   FMP-Fehler (HTTP 402) bei news/stock: b'Restricted Endpoint: This endpoint is not available under your current subscription please visit our subscription page to upgrade your plan at https:/'
[2026-10-08 12:35:07]   Finnhub (News)-Fehler (HTTP 403) bei company-news: b'{"error":"You don\'t have access to this resource."}'
[2026-10-08 12:35:07]   FMP-Fehler (HTTP 402) bei grades: b"Premium Query Parameter: 'Special Endpoint : This value set for 'symbol' is not available under your current subscription please visit our subscriptio"
[2026-10-08 12:35:07]   Finnhub (Empfehlungen)-Fehler (HTTP 403) bei stock/recommendation: b'{"error":"You don\'t have access to this resource."}'
[2026-10-08 12:35:07]   FMP-Fehler (HTTP 402) bei news/stock: b'Restricted Endpoint: This endpoint is not available under your current subscription please visit our subscription page to upgrade your plan at https:/'
[2026-10-08 12:35:07]   Finnhub (News)-Fehler (HTTP 403) bei company-news: b'{"error":"You don\'t have access to this resource."}'
[2026-10-08 12:35:08]   FMP-Fehler (HTTP 402) bei grades: b"Premium Query Parameter: 'Special Endpoint : This value set for 'symbol' is not available under your current subscription please visit our subscriptio"
[2026-10-08 12:35:08]   Finnhub (Empfehlungen)-Fehler (HTTP 403) bei stock/recommendation: b'{"error":"You don\'t have access to this resource."}'
[2026-10-08 12:35:08]   FMP-Fehler (HTTP 402) bei news/stock: b'Restricted Endpoint: This endpoint is not available under your current subscription please visit our subscription page to upgrade your plan at https:/'
[2026-10-08 12:35:08]   Finnhub (News)-Fehler (HTTP 403) bei company-news: b'{"error":"You don\'t have access to this resource."}'
[2026-10-08 12:35:08]   FMP-Fehler (HTTP 402) bei grades: b"Premium Query Parameter: 'Special Endpoint : This value set for 'symbol' is not available under your current subscription please visit our subscriptio"
[2026-10-08 12:35:08]   Finnhub (Empfehlungen)-Fehler (HTTP 403) bei stock/recommendation: b'{"error":"You don\'t have access to this resource."}'
[2026-10-08 12:35:09]   FMP-Fehler (HTTP 402) bei news/stock: b'Restricted Endpoint: This endpoint is not available under your current subscription please visit our subscription page to upgrade your plan at https:/'
[2026-10-08 12:35:09]   Finnhub (News)-Fehler (HTTP 403) bei company-news: b'{"error":"You don\'t have access to this resource."}'
[2026-10-08 12:35:09]   FMP-Fehler (HTTP 402) bei grades: b"Premium Query Parameter: 'Special Endpoint : This value set for 'symbol' is not available under your current subscription please visit our subscriptio"
[2026-10-08 12:35:09]   Finnhub (Empfehlungen)-Fehler (HTTP 403) bei stock/recommendation: b'{"error":"You don\'t have access to this resource."}'
[2026-10-08 12:35:10]   FMP-Fehler (HTTP 402) bei news/stock: b'Restricted Endpoint: This endpoint is not available under your current subscription please visit our subscription page to upgrade your plan at https:/'
[2026-10-08 12:35:10]   Finnhub (News)-Fehler (HTTP 403) bei company-news: b'{"error":"You don\'t have access to this resource."}'
[2026-10-08 12:35:10]   FMP-Fehler (HTTP 402) bei grades: b"Premium Query Parameter: 'Special Endpoint : This value set for 'symbol' is not available under your current subscription please visit our subscriptio"
[2026-10-08 12:35:10]   Finnhub (Empfehlungen)-Fehler (HTTP 403) bei stock/recommendation: b'{"error":"You don\'t have access to this resource."}'
[2026-10-08 12:35:11]   FMP-Fehler (HTTP 402) bei news/stock: b'Restricted Endpoint: This endpoint is not available under your current subscription please visit our subscription page to upgrade your plan at https:/'
[2026-10-08 12:35:11]   Finnhub (News)-Fehler (HTTP 403) bei company-news: b'{"error":"You don\'t have access to this resource."}'
[2026-10-08 12:35:11]   FMP-Fehler (HTTP 402) bei grades: b"Premium Query Parameter: 'Special Endpoint : This value set for 'symbol' is not available under your current subscription please visit our subscriptio"
[2026-10-08 12:35:11]   Finnhub (Empfehlungen)-Fehler (HTTP 403) bei stock/recommendation: b'{"error":"You don\'t have access to this resource."}'
[2026-10-08 12:35:11]   FMP-Fehler (HTTP 402) bei news/stock: b'Restricted Endpoint: This endpoint is not available under your current subscription please visit our subscription page to upgrade your plan at https:/'
[2026-10-08 12:35:11]     -> News via Finnhub ergaenzt
[2026-10-08 12:35:12]   FMP-Fehler (HTTP 402) bei grades: b"Premium Query Parameter: 'Special Endpoint : This value set for 'symbol' is not available under your current subscription please visit our subscriptio"
[2026-10-08 12:35:12]     -> Analysten-Konsens via Finnhub ergaenzt
[2026-10-08 12:35:12]   FMP-Fehler (HTTP 402) bei news/stock: b'Restricted Endpoint: This endpoint is not available under your current subscription please visit our subscription page to upgrade your plan at https:/'
[2026-10-08 12:35:12]     -> News via Finnhub ergaenzt
[2026-10-08 12:35:13]   FMP-Fehler (HTTP 402) bei grades: b"Premium Query Parameter: 'Special Endpoint : This value set for 'symbol' is not available under your current subscription please visit our subscriptio"
[2026-10-08 12:35:13]     -> Analysten-Konsens via Finnhub ergaenzt
[2026-10-08 12:35:13]   FMP-Fehler (HTTP 402) bei news/stock: b'Restricted Endpoint: This endpoint is not available under your current subscription please visit our subscription page to upgrade your plan at https:/'
[2026-10-08 12:35:13]     -> News via Finnhub ergaenzt
[2026-10-08 12:35:13]   FMP-Fehler (HTTP 402) bei grades: b"Premium Query Parameter: 'Special Endpoint : This value set for 'symbol' is not available under your current subscription please visit our subscriptio"
[2026-10-08 12:35:14]     -> Analysten-Konsens via Finnhub ergaenzt
[2026-10-08 12:35:14]   FMP-Fehler (HTTP 402) bei news/stock: b'Restricted Endpoint: This endpoint is not available under your current subscription please visit our subscription page to upgrade your plan at https:/'
[2026-10-08 12:35:14]   Finnhub (News)-Fehler (HTTP 403) bei company-news: b'{"error":"You don\'t have access to this resource."}'
[2026-10-08 12:35:14]   FMP-Fehler (HTTP 402) bei grades: b"Premium Query Parameter: 'Special Endpoint : This value set for 'symbol' is not available under your current subscription please visit our subscriptio"
[2026-10-08 12:35:14]   Finnhub (Empfehlungen)-Fehler (HTTP 403) bei stock/recommendation: b'{"error":"You don\'t have access to this resource."}'
[2026-10-08 12:35:15]   FMP-Fehler (HTTP 402) bei news/stock: b'Restricted Endpoint: This endpoint is not available under your current subscription please visit our subscription page to upgrade your plan at https:/'
[2026-10-08 12:35:15]   Finnhub (News)-Fehler (HTTP 403) bei company-news: b'{"error":"You don\'t have access to this resource."}'
[2026-10-08 12:35:15]   FMP-Fehler (HTTP 402) bei grades: b"Premium Query Parameter: 'Special Endpoint : This value set for 'symbol' is not available under your current subscription please visit our subscriptio"
[2026-10-08 12:35:15]   Finnhub (Empfehlungen)-Fehler (HTTP 403) bei stock/recommendation: b'{"error":"You don\'t have access to this resource."}'
[2026-10-08 12:35:15]   FMP-Fehler (HTTP 402) bei news/stock: b'Restricted Endpoint: This endpoint is not available under your current subscription please visit our subscription page to upgrade your plan at https:/'
[2026-10-08 12:35:15]     -> News via Finnhub ergaenzt
[2026-10-08 12:35:16]   FMP-Fehler (HTTP 402) bei grades: b"Premium Query Parameter: 'Special Endpoint : This value set for 'symbol' is not available under your current subscription please visit our subscriptio"
[2026-10-08 12:35:16]     -> Analysten-Konsens via Finnhub ergaenzt
[2026-10-08 12:35:16]   FMP-Fehler (HTTP 402) bei news/stock: b'Restricted Endpoint: This endpoint is not available under your current subscription please visit our subscription page to upgrade your plan at https:/'
[2026-10-08 12:35:16]   Finnhub (News)-Fehler (HTTP 403) bei company-news: b'{"error":"You don\'t have access to this resource."}'
[2026-10-08 12:35:16]   FMP-Fehler (HTTP 402) bei grades: b"Premium Query Parameter: 'Special Endpoint : This value set for 'symbol' is not available under your current subscription please visit our subscriptio"
[2026-10-08 12:35:17]   Finnhub (Empfehlungen)-Fehler (HTTP 403) bei stock/recommendation: b'{"error":"You don\'t have access to this resource."}'
[2026-10-08 12:35:17]   FMP-Fehler (HTTP 402) bei news/stock: b'Restricted Endpoint: This endpoint is not available under your current subscription please visit our subscription page to upgrade your plan at https:/'
[2026-10-08 12:35:17]   Finnhub (News)-Fehler (HTTP 403) bei company-news: b'{"error":"You don\'t have access to this resource."}'
[2026-10-08 12:35:17]   FMP-Fehler (HTTP 402) bei grades: b"Premium Query Parameter: 'Special Endpoint : This value set for 'symbol' is not available under your current subscription please visit our subscriptio"
[2026-10-08 12:35:17]   Finnhub (Empfehlungen)-Fehler (HTTP 403) bei stock/recommendation: b'{"error":"You don\'t have access to this resource."}'
[2026-10-08 12:35:18]   FMP-Fehler (HTTP 402) bei news/stock: b'Restricted Endpoint: This endpoint is not available under your current subscription please visit our subscription page to upgrade your plan at https:/'
[2026-10-08 12:35:18]   Finnhub (News)-Fehler (HTTP 403) bei company-news: b'{"error":"You don\'t have access to this resource."}'
[2026-10-08 12:35:18]   FMP-Fehler (HTTP 402) bei grades: b"Premium Query Parameter: 'Special Endpoint : This value set for 'symbol' is not available under your current subscription please visit our subscriptio"
[2026-10-08 12:35:18]   Finnhub (Empfehlungen)-Fehler (HTTP 403) bei stock/recommendation: b'{"error":"You don\'t have access to this resource."}'
[2026-10-08 12:35:18]   FMP-Fehler (HTTP 402) bei news/stock: b'Restricted Endpoint: This endpoint is not available under your current subscription please visit our subscription page to upgrade your plan at https:/'
[2026-10-08 12:35:18]   Finnhub (News)-Fehler (HTTP 403) bei company-news: b'{"error":"You don\'t have access to this resource."}'
[2026-10-08 12:35:19]   FMP-Fehler (HTTP 402) bei grades: b"Premium Query Parameter: 'Special Endpoint : This value set for 'symbol' is not available under your current subscription please visit our subscriptio"
[2026-10-08 12:35:19]   Finnhub (Empfehlungen)-Fehler (HTTP 403) bei stock/recommendation: b'{"error":"You don\'t have access to this resource."}'
[2026-10-08 12:35:19]   FMP-Fehler (HTTP 402) bei news/stock: b'Restricted Endpoint: This endpoint is not available under your current subscription please visit our subscription page to upgrade your plan at https:/'
[2026-10-08 12:35:19]   Finnhub (News)-Fehler (HTTP 403) bei company-news: b'{"error":"You don\'t have access to this resource."}'
[2026-10-08 12:35:19]   FMP-Fehler (HTTP 402) bei grades: b"Premium Query Parameter: 'Special Endpoint : This value set for 'symbol' is not available under your current subscription please visit our subscriptio"
[2026-10-08 12:35:19]   Finnhub (Empfehlungen)-Fehler (HTTP 403) bei stock/recommendation: b'{"error":"You don\'t have access to this resource."}'
[2026-10-08 12:35:20]   FMP-Fehler (HTTP 402) bei news/stock: b'Restricted Endpoint: This endpoint is not available under your current subscription please visit our subscription page to upgrade your plan at https:/'
[2026-10-08 12:35:20]   Finnhub (News)-Fehler (HTTP 403) bei company-news: b'{"error":"You don\'t have access to this resource."}'
[2026-10-08 12:35:20]   FMP-Fehler (HTTP 402) bei grades: b"Premium Query Parameter: 'Special Endpoint : This value set for 'symbol' is not available under your current subscription please visit our subscriptio"
[2026-10-08 12:35:20]   Finnhub (Empfehlungen)-Fehler (HTTP 403) bei stock/recommendation: b'{"error":"You don\'t have access to this resource."}'
[2026-10-08 12:35:21]   FMP-Fehler (HTTP 402) bei news/stock: b'Restricted Endpoint: This endpoint is not available under your current subscription please visit our subscription page to upgrade your plan at https:/'
[2026-10-08 12:35:21]     -> News via Finnhub ergaenzt
[2026-10-08 12:35:21]   FMP-Fehler (HTTP 402) bei grades: b"Premium Query Parameter: 'Special Endpoint : This value set for 'symbol' is not available under your current subscription please visit our subscriptio"
[2026-10-08 12:35:21]     -> Analysten-Konsens via Finnhub ergaenzt
[2026-10-08 12:35:21]   FMP-Fehler (HTTP 402) bei news/stock: b'Restricted Endpoint: This endpoint is not available under your current subscription please visit our subscription page to upgrade your plan at https:/'
[2026-10-08 12:35:21]   Finnhub (News)-Fehler (HTTP 403) bei company-news: b'{"error":"You don\'t have access to this resource."}'
[2026-10-08 12:35:22]   FMP-Fehler (HTTP 402) bei grades: b"Premium Query Parameter: 'Special Endpoint : This value set for 'symbol' is not available under your current subscription please visit our subscriptio"
[2026-10-08 12:35:22]   Finnhub (Empfehlungen)-Fehler (HTTP 403) bei stock/recommendation: b'{"error":"You don\'t have access to this resource."}'
[2026-10-08 12:35:22]   FMP-Fehler (HTTP 402) bei news/stock: b'Restricted Endpoint: This endpoint is not available under your current subscription please visit our subscription page to upgrade your plan at https:/'
[2026-10-08 12:35:22]   Finnhub (News)-Fehler (HTTP 403) bei company-news: b'{"error":"You don\'t have access to this resource."}'
[2026-10-08 12:35:22]   FMP-Fehler (HTTP 402) bei grades: b"Premium Query Parameter: 'Special Endpoint : This value set for 'symbol' is not available under your current subscription please visit our subscriptio"
[2026-10-08 12:35:22]   Finnhub (Empfehlungen)-Fehler (HTTP 403) bei stock/recommendation: b'{"error":"You don\'t have access to this resource."}'
[2026-10-08 12:35:23]   FMP-Fehler (HTTP 402) bei news/stock: b'Restricted Endpoint: This endpoint is not available under your current subscription please visit our subscription page to upgrade your plan at https:/'
[2026-10-08 12:35:23]   Finnhub (News)-Fehler (HTTP 403) bei company-news: b'{"error":"You don\'t have access to this resource."}'
[2026-10-08 12:35:23]   FMP-Fehler (HTTP 402) bei grades: b"Premium Query Parameter: 'Special Endpoint : This value set for 'symbol' is not available under your current subscription please visit our subscriptio"
[2026-10-08 12:35:23]   Finnhub (Empfehlungen)-Fehler (HTTP 403) bei stock/recommendation: b'{"error":"You don\'t have access to this resource."}'
[2026-10-08 12:35:24]   FMP-Fehler (HTTP 402) bei news/stock: b'Restricted Endpoint: This endpoint is not available under your current subscription please visit our subscription page to upgrade your plan at https:/'
[2026-10-08 12:35:24]   Finnhub (News)-Fehler (HTTP 403) bei company-news: b'{"error":"You don\'t have access to this resource."}'
[2026-10-08 12:35:24]   FMP-Fehler (HTTP 402) bei grades: b"Premium Query Parameter: 'Special Endpoint : This value set for 'symbol' is not available under your current subscription please visit our subscriptio"
[2026-10-08 12:35:24]   Finnhub (Empfehlungen)-Fehler (HTTP 403) bei stock/recommendation: b'{"error":"You don\'t have access to this resource."}'
[2026-10-08 12:35:24] Alle Titel ohne Fehler verarbeitet.
[2026-10-08 12:35:24] Fertig. Bericht aktualisiert: /home/runner/work/dividendenatlas/dividendenatlas/dividendenatlas.html
